PN,ATA_CHAPTER,SUB_CATEGORY,AIRCRAFT_FAMILY,AIRCRAFT_MODEL,ATOLYE_KABILIYETI,CLP_USD,FMV_USD,YURTICI_TAMIR_MALIYETI_USD,YURTDISI_TAMIR_MALIYETI_USD,FAAL_ADET,GAYRIFAAL_ADET,YURTICI_TAMIRDE_ADET,YURTDISI_TAMIRDE_ADET,ACIK_SATINALMA_ADET,EXCHANGE_IN_ADET,EXCHANGE_OUT_ADET,HOMEBASE_DEPO_ADET,TOPLAM_ENVANTER_ADET
PN-100000,23,COMMUNICATIONS,AIRBUS,A319-100,YOK,17830,6560,,10240,1,1,0,1,1,0,0,1,5
PN-100001,73,ENGINE FUEL AND CONTROL,BOEING,737-800,YOK,1600,650,,280,2,0,0,0,0,0,0,1,3
PN-100002,56,WINDOWS,BOEING,777-F,VAR,1170,520,330.0,570,1,0,0,0,0,0,1,1,3
PN-100003,32,LANDING GEAR,BOEING,737 MAX 8,YOK,3160,1940,,930,1,0,0,1,0,0,0,2,4
PN-100004,32,LANDING GEAR,AIRBUS,A320neo,YOK,3580,1370,,620,2,1,0,1,0,0,1,3,8
PN-100005,76,ENGINE CONTROLS,AIRBUS,A319-100,YOK,5830,1960,,2280,1,0,0,0,0,0,0,0,1
PN-100006,23,COMMUNICATIONS,BOEING,777-F,VAR,13540,2950,450.0,860,1,0,1,0,0,0,0,0,2
PN-100007,71,POWER PLANT,BOEING,777-300ER,VAR,810,430,160.0,270,10,3,1,3,0,5,2,4,28
PN-100008,26,FIRE PROTECTION,AIRBUS,A330-200,YOK,870,450,,220,3,1,0,1,1,0,0,2,8
PN-100009,23,COMMUNICATIONS,BOEING,737-800,YOK,18630,7020,,2710,9,2,0,2,2,0,0,2,17
PN-100010,35,OXYGEN,AIRBUS,A321neo,YOK,2970,1480,,450,7,2,0,1,1,0,0,2,13
PN-100011,80,STARTING,AIRBUS,A321neo,YOK,7440,4020,,4270,4,1,0,4,1,0,0,2,12
PN-100012,72,ENGINE,AIRBUS,A320-200,YOK,6890,2560,,780,2,1,0,1,1,0,0,3,8
PN-100013,72,ENGINE,AIRBUS,A320-200,YOK,1310,410,,200,2,0,0,1,0,0,1,1,5
PN-100014,71,POWER PLANT,AIRBUS,A320neo,VAR,5700,3430,1050.0,1830,7,2,2,1,1,1,0,7,21
PN-100015,73,ENGINE FUEL AND CONTROL,BOEING,737 MAX 8,YOK,8810,6590,,2240,3,1,0,2,0,1,0,2,9
PN-100016,35,OXYGEN,AIRBUS,A320-200,YOK,740,280,,120,12,1,0,8,4,4,0,6,35
PN-100017,24,ELECTRICAL POWER,AIRBUS,A320neo,YOK,100,50,,50,2,1,0,0,1,0,1,1,6
PN-100018,74,IGNITION,AIRBUS,A330-300,YOK,19920,12080,,19540,5,2,0,5,3,3,1,7,26
PN-100019,32,LANDING GEAR,AIRBUS,A320neo,YOK,1210,460,,170,2,1,0,1,0,0,4,1,9
PN-100020,35,OXYGEN,AIRBUS,A320-200,VAR,9260,3300,2520.0,4040,7,1,1,0,0,0,1,2,12
PN-100021,30,ICE & RAIN PROTECTION,AIRBUS,A330-300,VAR,360,210,80.0,150,9,2,1,2,0,1,2,7,24
PN-100022,25,EQUIPMENT / FURNISHINGS,AIRBUS,A321-200,VAR,690,350,190.0,290,1,0,0,0,0,0,0,1,2
PN-100023,79,OIL,AIRBUS,A350-900,YOK,820,540,,220,2,1,0,0,0,0,0,1,4
PN-100024,73,ENGINE FUEL AND CONTROL,BOEING,777-300ER,YOK,1480,500,,470,1,0,0,1,0,0,0,1,3
PN-100025,52,DOORS,AIRBUS,A320-200,VAR,540,170,160.0,260,0,0,0,0,0,0,0,1,1
PN-100026,31,INDICATING / RECORDING SYSTEMS,BOEING,777-300ER,VAR,100,50,50.0,60,3,2,0,0,1,2,1,2,11
PN-100027,74,IGNITION,BOEING,777-300ER,YOK,2230,970,,810,2,0,0,1,0,0,0,1,4
PN-100028,36,PNEUMATIC,BOEING,737 MAX 8,VAR,560,410,170.0,270,2,0,0,0,1,0,1,1,5
PN-100029,32,LANDING GEAR,AIRBUS,A350-900,YOK,8260,4360,,5690,8,0,0,3,1,1,0,4,17
PN-100030,32,LANDING GEAR,AIRBUS,A350-900,VAR,38490,17380,5610.0,8160,1,0,0,0,0,0,0,1,2
PN-100031,26,FIRE PROTECTION,AIRBUS,A350-900,YOK,18660,9570,,6360,3,1,0,3,3,0,0,2,12
PN-100032,23,COMMUNICATIONS,BOEING,737-800,YOK,1110,550,,350,1,0,0,1,1,0,0,1,4
PN-100033,36,PNEUMATIC,AIRBUS,A319-100,VAR,590,320,90.0,140,3,1,1,0,1,0,0,2,8
PN-100034,77,ENGINE INDICATING,BOEING,777-F,YOK,170,50,,50,4,1,0,2,0,0,0,3,10
PN-100035,22,AUTO FLIGHT,AIRBUS,A330-300,VAR,48770,34980,12680.0,19340,8,0,1,2,2,2,0,5,20
PN-100036,76,ENGINE CONTROLS,BOEING,737-900ER,YOK,570,260,,100,2,1,0,1,0,0,1,0,5
PN-100037,74,IGNITION,AIRBUS,A321-200,YOK,6270,3770,,1570,1,0,0,0,0,0,0,0,1
PN-100038,28,FUEL,AIRBUS,A319-100,YOK,3060,860,,660,2,1,0,1,1,1,0,1,7
PN-100039,52,DOORS,AIRBUS,A330-200,YOK,440,320,,440,2,1,0,1,0,0,0,1,5
PN-100040,25,EQUIPMENT / FURNISHINGS,AIRBUS,A330-200,VAR,2390,1900,760.0,1010,1,1,0,0,0,0,0,0,2
PN-100041,72,ENGINE,AIRBUS,A321neo,YOK,6970,3090,,4420,2,5,0,3,0,0,1,2,13
PN-100042,71,POWER PLANT,AIRBUS,A321-200,VAR,4770,2240,570.0,1230,2,0,0,1,0,0,0,2,5
PN-100043,30,ICE & RAIN PROTECTION,AIRBUS,A320neo,YOK,1610,650,,170,1,1,0,0,0,0,0,0,2
PN-100044,22,AUTO FLIGHT,AIRBUS,A330-200,VAR,1280,410,150.0,200,2,0,2,0,2,1,0,4,11
PN-100045,80,STARTING,AIRBUS,A321-200,YOK,8070,1240,,990,2,0,0,1,0,0,0,1,4
PN-100046,32,LANDING GEAR,BOEING,787-9,YOK,2210,1190,,1400,3,2,0,0,1,0,0,1,7
PN-100047,77,ENGINE INDICATING,AIRBUS,A320-200,YOK,10080,6470,,1500,2,1,0,1,0,0,0,0,4
PN-100048,56,WINDOWS,AIRBUS,A321-200,YOK,7200,4130,,1090,3,0,0,2,2,2,0,2,11
PN-100049,73,ENGINE FUEL AND CONTROL,AIRBUS,A321-200,YOK,840,400,,250,2,1,0,2,1,1,0,1,8
PN-100050,72,ENGINE,AIRBUS,A330-300,YOK,2240,1540,,2240,4,2,0,2,1,0,0,4,13
PN-100051,26,FIRE PROTECTION,AIRBUS,A330-200,YOK,4160,1430,,1240,1,0,0,1,0,0,0,0,2
PN-100052,30,ICE & RAIN PROTECTION,BOEING,737-800,YOK,2130,1180,,820,4,1,0,1,1,0,0,1,8
PN-100053,34,NAVIGATION,BOEING,777-F,VAR,4840,1590,370.0,510,12,3,0,4,0,1,0,2,22
PN-100054,34,NAVIGATION,AIRBUS,A321-200,VAR,450,110,50.0,80,6,0,1,1,0,0,1,3,12
PN-100055,22,AUTO FLIGHT,BOEING,737-800,YOK,870,410,,110,5,1,0,2,0,1,1,1,11
PN-100056,36,PNEUMATIC,AIRBUS,A319-100,VAR,950,670,160.0,300,4,0,0,1,0,1,1,2,9
PN-100057,25,EQUIPMENT / FURNISHINGS,AIRBUS,A320neo,YOK,19300,6740,,3550,0,0,0,0,0,0,0,1,1
PN-100058,72,ENGINE,AIRBUS,A321neo,VAR,1220,650,310.0,570,2,1,0,1,0,0,0,1,5
PN-100059,56,WINDOWS,AIRBUS,A319-100,YOK,600,180,,130,1,0,0,1,0,0,0,1,3
PN-100060,77,ENGINE INDICATING,AIRBUS,A350-900,VAR,1470,910,280.0,450,1,0,0,1,0,0,0,1,3
PN-100061,72,ENGINE,BOEING,737-800,YOK,4150,810,,590,3,0,0,1,0,0,0,1,5
PN-100062,30,ICE & RAIN PROTECTION,BOEING,737-800,YOK,2920,460,,230,1,0,0,0,0,0,0,0,1
PN-100063,80,STARTING,AIRBUS,A330-200,VAR,15930,2150,2520.0,4180,1,0,0,0,0,1,0,0,2
PN-100064,31,INDICATING / RECORDING SYSTEMS,AIRBUS,A350-900,YOK,510,300,,140,3,0,0,1,0,0,0,1,5
PN-100065,29,HYDRAULIC POWER,AIRBUS,A321-200,YOK,3200,1980,,1800,1,2,0,1,1,0,2,1,8
PN-100066,77,ENGINE INDICATING,AIRBUS,A319-100,YOK,1900,960,,1370,1,0,0,0,1,0,0,1,3
PN-100067,30,ICE & RAIN PROTECTION,AIRBUS,A320-200,YOK,2720,1060,,850,2,1,0,1,1,0,0,1,6
PN-100068,22,AUTO FLIGHT,BOEING,737-800,YOK,410,130,,50,2,0,0,1,0,0,0,1,4
PN-100069,34,NAVIGATION,BOEING,787-9,VAR,1790,490,90.0,150,9,0,0,1,3,2,1,2,18
PN-100070,73,ENGINE FUEL AND CONTROL,AIRBUS,A319-100,YOK,1170,720,,410,3,0,0,1,0,1,1,1,7
PN-100071,25,EQUIPMENT / FURNISHINGS,AIRBUS,A330-300,VAR,2390,1160,240.0,450,2,0,2,1,0,0,0,3,8
PN-100072,34,NAVIGATION,BOEING,737-800,YOK,4110,3310,,2420,4,0,0,1,0,0,1,2,8
PN-100073,24,ELECTRICAL POWER,BOEING,737 MAX 8,YOK,1540,390,,410,0,0,0,1,0,0,0,1,2
PN-100074,56,WINDOWS,AIRBUS,A330-300,YOK,2660,500,,400,2,0,0,0,0,0,1,0,3
PN-100075,34,NAVIGATION,AIRBUS,A350-900,YOK,26920,9140,,7860,1,0,0,0,0,0,0,1,2
PN-100076,29,HYDRAULIC POWER,BOEING,737-800,VAR,1500,1120,1500.0,1500,3,1,0,1,1,0,0,2,8
PN-100077,26,FIRE PROTECTION,BOEING,737 MAX 8,VAR,1420,460,470.0,740,1,0,1,0,0,0,0,0,2
PN-100078,36,PNEUMATIC,AIRBUS,A320-200,VAR,4870,3220,1500.0,1800,4,0,0,1,0,0,1,1,7
PN-100079,56,WINDOWS,BOEING,777-300ER,VAR,210,90,50.0,50,1,0,0,0,0,0,0,0,1
PN-100080,79,OIL,AIRBUS,A319-100,VAR,4640,1460,370.0,500,2,1,1,0,0,0,0,3,7
PN-100081,32,LANDING GEAR,BOEING,737 MAX 8,YOK,9720,4670,,2020,5,2,0,2,1,2,1,4,17
PN-100082,25,EQUIPMENT / FURNISHINGS,AIRBUS,A320-200,VAR,630,290,130.0,160,3,2,0,1,0,1,0,3,10
PN-100083,74,IGNITION,AIRBUS,A320neo,YOK,8440,2140,,2470,1,0,0,1,0,0,0,0,2
PN-100084,52,DOORS,AIRBUS,A319-100,VAR,610,240,110.0,180,1,0,1,1,1,0,0,0,4
PN-100085,71,POWER PLANT,AIRBUS,A321neo,VAR,9070,5470,1300.0,2320,3,2,0,1,0,0,0,3,9
PN-100086,23,COMMUNICATIONS,AIRBUS,A321-200,VAR,1940,950,230.0,390,11,1,0,0,3,0,1,5,21
PN-100087,29,HYDRAULIC POWER,AIRBUS,A320-200,VAR,1500,830,220.0,270,1,0,0,0,0,1,0,0,2
PN-100088,72,ENGINE,AIRBUS,A321neo,YOK,5400,3100,,3610,1,1,0,1,0,0,1,1,5
PN-100089,74,IGNITION,AIRBUS,A321neo,YOK,4260,3570,,2240,15,7,0,12,4,1,2,14,55
PN-100090,32,LANDING GEAR,BOEING,737-900ER,VAR,3460,810,480.0,950,2,0,0,1,1,1,1,2,8
PN-100091,73,ENGINE FUEL AND CONTROL,BOEING,777-300ER,YOK,2300,410,,220,0,0,0,1,0,0,0,0,1
PN-100092,74,IGNITION,BOEING,737-800,YOK,3210,1870,,2460,2,0,0,1,0,0,0,0,3
PN-100093,31,INDICATING / RECORDING SYSTEMS,AIRBUS,A320-200,VAR,1160,650,190.0,410,1,0,0,0,0,0,0,0,1
PN-100094,77,ENGINE INDICATING,AIRBUS,A321-200,VAR,2420,760,180.0,390,3,0,1,0,1,0,0,2,7
PN-100095,28,FUEL,BOEING,777-300ER,VAR,2380,1170,200.0,330,8,0,1,0,1,1,1,2,14
PN-100096,27,FLIGHT CONTROLS,AIRBUS,A320-200,YOK,2300,1090,,300,1,0,0,1,0,0,0,1,3
PN-100097,56,WINDOWS,AIRBUS,A321neo,YOK,2040,420,,680,1,0,0,0,0,0,0,1,2
PN-100098,52,DOORS,BOEING,777-F,YOK,1800,1010,,520,4,1,0,0,1,0,1,3,10
PN-100099,24,ELECTRICAL POWER,BOEING,777-F,VAR,1530,560,290.0,560,1,0,0,0,0,0,0,1,2
PN-100100,74,IGNITION,AIRBUS,A321neo,YOK,2830,1180,,910,1,0,0,0,0,0,0,0,1
PN-100101,26,FIRE PROTECTION,BOEING,737-800,YOK,850,320,,340,2,0,0,1,0,0,0,0,3
PN-100102,73,ENGINE FUEL AND CONTROL,AIRBUS,A321neo,YOK,5300,2240,,1810,1,0,0,1,0,0,1,1,4
PN-100103,21,AIR CONDITIONING,BOEING,737-800,YOK,2570,610,,910,2,2,0,0,0,0,1,1,6
PN-100104,73,ENGINE FUEL AND CONTROL,AIRBUS,A319-100,VAR,4920,2110,790.0,1240,1,0,1,0,0,0,0,1,3
PN-100105,73,ENGINE FUEL AND CONTROL,AIRBUS,A320-200,VAR,910,510,170.0,260,4,0,1,2,1,1,0,1,10
PN-100106,73,ENGINE FUEL AND CONTROL,AIRBUS,A350-900,YOK,2370,600,,90,3,0,0,2,0,0,0,2,7
PN-100107,56,WINDOWS,AIRBUS,A320neo,VAR,3760,970,410.0,600,3,0,1,0,0,1,0,1,6
PN-100108,34,NAVIGATION,BOEING,737-800,YOK,5600,2750,,770,3,0,0,3,0,0,1,1,8
PN-100109,71,POWER PLANT,AIRBUS,A321-200,YOK,10610,5940,,8140,2,2,0,1,0,1,3,0,9
PN-100110,28,FUEL,BOEING,777-300ER,YOK,12460,4820,,4610,1,1,0,0,0,0,0,0,2
PN-100111,73,ENGINE FUEL AND CONTROL,BOEING,737 MAX 8,YOK,1230,240,,100,7,1,0,2,1,1,0,1,13
PN-100112,36,PNEUMATIC,AIRBUS,A330-200,YOK,23040,14930,,3600,1,0,0,1,0,0,1,1,4
PN-100113,32,LANDING GEAR,BOEING,737-900ER,YOK,13130,5990,,9510,3,2,0,1,0,0,2,1,9
PN-100114,35,OXYGEN,AIRBUS,A320neo,YOK,580,70,,50,4,1,0,1,1,0,1,1,9
PN-100115,36,PNEUMATIC,AIRBUS,A330-200,YOK,4000,1950,,1710,1,0,0,0,0,1,1,0,3
PN-100116,21,AIR CONDITIONING,AIRBUS,A320neo,VAR,6520,3900,1670.0,3360,12,4,1,2,2,0,1,3,25
PN-100117,24,ELECTRICAL POWER,BOEING,737 MAX 8,VAR,260,90,50.0,80,5,3,3,6,0,4,2,7,30
PN-100118,27,FLIGHT CONTROLS,BOEING,737 MAX 8,VAR,1080,390,90.0,150,6,1,3,1,1,0,1,2,15
PN-100119,23,COMMUNICATIONS,BOEING,777-300ER,YOK,5080,2250,,2430,1,0,0,0,0,0,0,1,2
PN-100120,32,LANDING GEAR,BOEING,737 MAX 8,YOK,19930,14170,,8380,0,0,0,0,0,0,0,1,1
PN-100121,56,WINDOWS,BOEING,777-F,YOK,670,140,,50,3,0,0,2,0,1,2,2,10
PN-100122,56,WINDOWS,AIRBUS,A320neo,YOK,5270,3490,,760,2,0,0,1,0,0,0,1,4
PN-100123,34,NAVIGATION,BOEING,777-300ER,VAR,6570,3410,1750.0,2850,1,0,0,0,0,1,1,0,3
PN-100124,76,ENGINE CONTROLS,AIRBUS,A330-300,YOK,1220,450,,310,5,1,0,2,4,1,1,3,17
PN-100125,36,PNEUMATIC,AIRBUS,A321neo,YOK,140,70,,50,1,0,0,0,0,0,0,1,2
PN-100126,23,COMMUNICATIONS,AIRBUS,A330-300,YOK,7270,5010,,2010,1,0,0,1,0,1,0,1,4
PN-100127,72,ENGINE,AIRBUS,A321-200,YOK,4680,3420,,2010,7,4,0,1,2,2,0,3,19
PN-100128,36,PNEUMATIC,AIRBUS,A321-200,VAR,5770,2110,790.0,990,1,0,0,0,1,0,0,0,2
PN-100129,52,DOORS,AIRBUS,A320neo,YOK,4700,1230,,510,1,1,0,1,0,0,0,1,4
PN-100130,36,PNEUMATIC,AIRBUS,A320-200,YOK,34640,23220,,4680,2,4,0,2,1,2,1,2,14
PN-100131,36,PNEUMATIC,AIRBUS,A330-200,YOK,18790,4040,,8180,3,1,0,1,0,0,0,1,6
PN-100132,23,COMMUNICATIONS,BOEING,777-300ER,YOK,16850,8010,,620,4,1,0,2,2,1,2,4,16
PN-100133,36,PNEUMATIC,AIRBUS,A350-900,VAR,530,350,200.0,360,5,2,1,1,0,3,0,2,14
PN-100134,73,ENGINE FUEL AND CONTROL,AIRBUS,A330-200,YOK,94930,36330,,56720,2,1,0,1,1,0,0,3,8
PN-100135,28,FUEL,AIRBUS,A321neo,VAR,320,140,50.0,60,1,0,0,0,0,0,0,0,1
PN-100136,49,AIRBORNE AUXILIARY POWER (APU),AIRBUS,A321neo,VAR,830,290,140.0,200,1,0,0,1,0,0,0,1,3
PN-100137,21,AIR CONDITIONING,AIRBUS,A320neo,YOK,10570,5710,,4050,3,1,0,2,1,3,0,5,15
PN-100138,30,ICE & RAIN PROTECTION,BOEING,737 MAX 8,VAR,1450,680,700.0,1010,1,0,0,0,0,0,0,0,1
PN-100139,32,LANDING GEAR,AIRBUS,A320neo,YOK,2260,490,,240,3,0,0,1,1,0,1,2,8
PN-100140,80,STARTING,BOEING,737-800,YOK,1360,990,,890,4,1,0,2,1,0,0,1,9
PN-100141,26,FIRE PROTECTION,BOEING,737-800,VAR,1410,520,140.0,230,6,1,1,0,1,1,1,3,14
PN-100142,28,FUEL,AIRBUS,A330-300,YOK,820,190,,100,2,0,0,1,0,0,0,1,4
PN-100143,31,INDICATING / RECORDING SYSTEMS,BOEING,737 MAX 8,YOK,1570,840,,800,2,0,0,0,0,0,0,1,3
PN-100144,80,STARTING,AIRBUS,A321-200,YOK,870,210,,120,2,0,0,1,0,1,0,2,6
PN-100145,76,ENGINE CONTROLS,BOEING,777-300ER,VAR,590,240,70.0,130,4,1,1,0,0,0,1,1,8
PN-100146,21,AIR CONDITIONING,BOEING,737-800,VAR,2000,340,120.0,210,3,2,0,0,0,0,0,1,6
PN-100147,27,FLIGHT CONTROLS,BOEING,737-900ER,VAR,2740,1060,230.0,420,11,1,0,2,1,1,0,3,19
PN-100148,74,IGNITION,BOEING,737-800,YOK,1270,440,,240,1,0,0,0,0,0,0,1,2
PN-100149,22,AUTO FLIGHT,BOEING,737 MAX 8,YOK,16230,7740,,2540,4,1,0,1,0,0,0,1,7
PN-100150,76,ENGINE CONTROLS,BOEING,787-9,YOK,2630,720,,930,5,0,0,1,0,1,0,2,9
PN-100151,28,FUEL,AIRBUS,A321neo,VAR,2110,1200,300.0,490,1,1,1,0,0,1,0,1,5
PN-100152,77,ENGINE INDICATING,BOEING,737 MAX 8,YOK,890,620,,460,5,1,0,2,3,0,0,2,13
PN-100153,28,FUEL,BOEING,737-800,YOK,1750,870,,560,2,1,0,2,0,0,1,2,8
PN-100154,32,LANDING GEAR,AIRBUS,A321neo,YOK,470,220,,130,9,2,0,2,2,3,1,2,21
PN-100155,56,WINDOWS,BOEING,777-300ER,VAR,11560,4860,2160.0,3040,2,0,0,1,0,0,0,1,4
PN-100156,24,ELECTRICAL POWER,AIRBUS,A321-200,VAR,3700,1290,350.0,520,2,2,0,2,0,1,0,4,11
PN-100157,36,PNEUMATIC,AIRBUS,A330-300,YOK,240,160,,90,1,0,0,1,0,0,1,0,3
PN-100158,35,OXYGEN,AIRBUS,A320-200,YOK,18110,3250,,2780,1,0,0,0,0,0,0,1,2
PN-100159,73,ENGINE FUEL AND CONTROL,AIRBUS,A320neo,YOK,2420,870,,800,10,2,0,4,3,0,1,4,24
PN-100160,80,STARTING,BOEING,737 MAX 8,YOK,1210,340,,330,2,0,0,3,1,1,0,5,12
PN-100161,56,WINDOWS,AIRBUS,A321-200,VAR,180,80,50.0,50,0,0,0,0,0,0,0,1,1
PN-100162,31,INDICATING / RECORDING SYSTEMS,AIRBUS,A321-200,VAR,1010,610,220.0,290,3,1,0,1,0,1,0,1,7
PN-100163,31,INDICATING / RECORDING SYSTEMS,AIRBUS,A320neo,VAR,790,430,140.0,220,1,0,0,0,0,0,0,0,1
PN-100164,31,INDICATING / RECORDING SYSTEMS,AIRBUS,A330-200,VAR,840,440,130.0,220,2,0,1,0,1,0,0,0,4
PN-100165,74,IGNITION,BOEING,737-900ER,YOK,10240,5940,,3800,3,2,0,1,2,0,1,2,11
PN-100166,29,HYDRAULIC POWER,BOEING,777-300ER,VAR,24450,19450,13720.0,19740,2,1,2,0,0,0,1,2,8
PN-100167,25,EQUIPMENT / FURNISHINGS,AIRBUS,A320-200,YOK,7420,5250,,1050,2,0,0,1,0,1,0,1,5
PN-100168,29,HYDRAULIC POWER,AIRBUS,A330-300,VAR,3690,2170,950.0,1290,1,0,0,0,0,0,0,0,1
PN-100169,21,AIR CONDITIONING,AIRBUS,A321neo,VAR,107780,38590,6900.0,13870,1,1,0,0,0,0,1,2,5
PN-100170,23,COMMUNICATIONS,AIRBUS,A350-900,VAR,2990,1340,500.0,750,2,1,1,1,1,0,0,1,7
PN-100171,23,COMMUNICATIONS,AIRBUS,A321neo,VAR,920,150,120.0,170,2,1,2,1,1,0,0,1,8
PN-100172,73,ENGINE FUEL AND CONTROL,AIRBUS,A321-200,YOK,4810,1160,,570,3,2,0,9,3,0,1,1,19
PN-100173,71,POWER PLANT,AIRBUS,A321neo,YOK,113470,37520,,23130,2,0,0,1,1,0,0,2,6
PN-100174,71,POWER PLANT,AIRBUS,A330-300,YOK,10150,6230,,2160,2,1,0,1,0,1,0,1,6
PN-100175,34,NAVIGATION,AIRBUS,A330-200,YOK,5950,2380,,800,1,0,0,0,0,0,0,1,2
PN-100176,71,POWER PLANT,AIRBUS,A321neo,YOK,940,300,,60,3,1,0,1,1,0,0,0,6
PN-100177,25,EQUIPMENT / FURNISHINGS,BOEING,737 MAX 8,VAR,590,140,60.0,120,1,0,0,0,0,0,0,0,1
PN-100178,77,ENGINE INDICATING,BOEING,737-800,VAR,2480,940,200.0,340,1,0,0,0,0,0,0,0,1
PN-100179,35,OXYGEN,AIRBUS,A321-200,VAR,160,110,50.0,70,1,0,0,0,0,0,0,0,1
PN-100180,79,OIL,BOEING,737-900ER,YOK,26600,15070,,9260,13,2,0,4,0,0,0,7,26
PN-100181,24,ELECTRICAL POWER,BOEING,737 MAX 8,YOK,15520,8810,,7290,2,0,0,1,1,1,0,1,6
PN-100182,34,NAVIGATION,AIRBUS,A320-200,YOK,2440,700,,290,3,0,0,1,1,1,0,2,8
PN-100183,71,POWER PLANT,AIRBUS,A330-300,YOK,1720,670,,340,1,0,0,1,1,0,0,2,5
PN-100184,34,NAVIGATION,AIRBUS,A321-200,YOK,7030,3150,,1140,1,0,0,0,0,0,0,0,1
PN-100185,32,LANDING GEAR,BOEING,737-800,YOK,1210,530,,570,6,1,0,5,2,1,0,9,24
PN-100186,25,EQUIPMENT / FURNISHINGS,AIRBUS,A320neo,YOK,380,100,,250,1,0,0,0,0,0,0,0,1
PN-100187,30,ICE & RAIN PROTECTION,BOEING,737-800,YOK,280,70,,90,1,1,0,1,0,0,0,0,3
PN-100188,27,FLIGHT CONTROLS,AIRBUS,A320neo,YOK,4410,2210,,2610,4,0,0,1,0,1,0,1,7
PN-100189,28,FUEL,AIRBUS,A330-200,VAR,1370,680,370.0,590,2,2,0,1,0,2,0,1,8
PN-100190,56,WINDOWS,BOEING,777-F,YOK,2630,1520,,760,1,0,0,1,0,0,0,0,2
PN-100191,52,DOORS,AIRBUS,A321-200,VAR,280,60,50.0,50,1,0,0,0,0,0,0,0,1
PN-100192,49,AIRBORNE AUXILIARY POWER (APU),BOEING,737 MAX 8,YOK,540,240,,80,1,1,0,1,0,0,0,1,4
PN-100193,30,ICE & RAIN PROTECTION,BOEING,787-9,VAR,570,260,110.0,190,2,0,0,0,0,0,0,1,3
PN-100194,79,OIL,BOEING,737 MAX 8,YOK,180,50,,50,1,0,0,1,0,0,0,1,3
PN-100195,23,COMMUNICATIONS,AIRBUS,A320-200,YOK,650,530,,490,4,1,0,3,2,0,0,2,12
PN-100196,29,HYDRAULIC POWER,BOEING,737 MAX 8,VAR,750,300,80.0,130,2,0,0,0,0,0,0,1,3
PN-100197,24,ELECTRICAL POWER,AIRBUS,A319-100,VAR,1160,570,300.0,470,2,0,3,1,1,0,1,3,11
PN-100198,29,HYDRAULIC POWER,AIRBUS,A321-200,VAR,780,530,110.0,190,2,0,0,1,1,1,1,4,10
PN-100199,80,STARTING,BOEING,737 MAX 8,YOK,250,130,,100,7,2,0,2,1,1,1,2,16
PN-100200,30,ICE & RAIN PROTECTION,BOEING,737-800,YOK,14240,9310,,4980,2,1,0,0,0,1,0,1,5
PN-100201,77,ENGINE INDICATING,AIRBUS,A330-200,YOK,9920,2060,,1770,5,1,0,2,0,1,0,3,12
PN-100202,34,NAVIGATION,AIRBUS,A321-200,VAR,1930,1070,190.0,260,2,0,1,0,0,0,0,3,6
PN-100203,71,POWER PLANT,BOEING,737 MAX 8,YOK,3910,1410,,2100,2,1,0,2,1,2,1,2,11
PN-100204,32,LANDING GEAR,BOEING,737-800,YOK,1710,630,,110,2,0,0,0,0,0,0,1,3
PN-100205,27,FLIGHT CONTROLS,AIRBUS,A321neo,YOK,12840,9240,,4150,1,0,0,0,0,0,0,0,1
PN-100206,72,ENGINE,BOEING,777-300ER,YOK,11690,6480,,10500,7,1,0,1,1,4,0,3,17
PN-100207,80,STARTING,AIRBUS,A320neo,VAR,18270,11410,1800.0,3220,2,1,1,1,1,0,1,3,10
PN-100208,27,FLIGHT CONTROLS,AIRBUS,A320-200,YOK,1150,370,,260,4,1,0,2,1,0,1,2,11
PN-100209,73,ENGINE FUEL AND CONTROL,BOEING,737-800,YOK,6930,4020,,4750,2,1,0,1,0,0,0,1,5
PN-100210,27,FLIGHT CONTROLS,BOEING,787-9,YOK,10660,1780,,1280,9,3,0,7,2,1,2,4,28
PN-100211,71,POWER PLANT,AIRBUS,A320neo,YOK,5930,4270,,2370,2,1,0,1,0,0,0,1,5
PN-100212,73,ENGINE FUEL AND CONTROL,AIRBUS,A320neo,YOK,3120,1090,,540,4,2,0,3,1,0,0,2,12
PN-100213,32,LANDING GEAR,AIRBUS,A320-200,VAR,250,80,50.0,50,7,1,1,0,1,1,2,5,18
PN-100214,72,ENGINE,BOEING,737 MAX 8,YOK,6540,1550,,460,25,7,0,12,2,1,0,8,55
PN-100215,28,FUEL,AIRBUS,A320neo,YOK,1720,280,,130,2,0,0,1,1,0,0,1,5
PN-100216,23,COMMUNICATIONS,AIRBUS,A330-200,VAR,12860,4040,1120.0,1910,0,0,0,0,1,0,1,1,3
PN-100217,23,COMMUNICATIONS,BOEING,787-9,VAR,2090,300,70.0,100,1,0,0,0,0,0,0,0,1
PN-100218,32,LANDING GEAR,AIRBUS,A319-100,YOK,15090,6420,,2520,12,5,0,4,2,1,12,6,42
PN-100219,77,ENGINE INDICATING,AIRBUS,A330-300,YOK,12300,5280,,1570,3,1,0,2,0,0,0,3,9
PN-100220,24,ELECTRICAL POWER,AIRBUS,A330-200,VAR,5330,1760,180.0,340,3,2,1,0,1,3,0,2,12
PN-100221,32,LANDING GEAR,BOEING,737-900ER,YOK,21220,6330,,2350,83,13,0,11,9,3,6,46,171
PN-100222,71,POWER PLANT,AIRBUS,A321-200,YOK,280,150,,100,3,1,0,1,1,1,0,3,10
PN-100223,26,FIRE PROTECTION,AIRBUS,A321neo,YOK,3380,1620,,1600,0,0,0,1,0,0,0,0,1
PN-100224,71,POWER PLANT,AIRBUS,A320-200,YOK,1780,500,,380,2,1,0,1,0,1,0,1,6
PN-100225,28,FUEL,BOEING,737-800,VAR,1290,460,190.0,250,1,0,0,1,0,0,0,1,3
PN-100226,74,IGNITION,BOEING,737-900ER,YOK,190,140,,130,2,0,0,0,0,0,0,1,3
PN-100227,49,AIRBORNE AUXILIARY POWER (APU),AIRBUS,A320-200,YOK,15490,6700,,4900,1,1,0,2,0,0,1,1,6
PN-100228,36,PNEUMATIC,AIRBUS,A321-200,VAR,4210,1480,350.0,430,1,1,0,0,0,0,0,1,3
PN-100229,25,EQUIPMENT / FURNISHINGS,BOEING,777-300ER,VAR,4840,2290,1640.0,3000,1,0,0,0,0,0,0,0,1
PN-100230,34,NAVIGATION,AIRBUS,A319-100,YOK,3570,2570,,1420,11,3,0,3,6,0,2,3,28
PN-100231,76,ENGINE CONTROLS,AIRBUS,A321-200,VAR,1980,460,170.0,320,2,0,1,2,1,1,0,1,8
PN-100232,21,AIR CONDITIONING,AIRBUS,A330-300,VAR,1510,270,50.0,80,1,0,1,1,0,1,0,2,6
PN-100233,72,ENGINE,AIRBUS,A321-200,YOK,2110,520,,170,8,1,0,3,0,0,1,10,23
PN-100234,34,NAVIGATION,AIRBUS,A320neo,YOK,590,250,,240,3,3,0,1,0,1,1,1,10
PN-100235,71,POWER PLANT,AIRBUS,A321neo,YOK,5160,3210,,2830,4,0,0,0,0,1,1,3,9
PN-100236,56,WINDOWS,AIRBUS,A320-200,VAR,6750,4180,2630.0,4340,2,0,1,1,0,2,0,1,7
PN-100237,32,LANDING GEAR,AIRBUS,A330-200,YOK,27940,8440,,10210,7,0,0,1,0,0,1,3,12
PN-100238,29,HYDRAULIC POWER,BOEING,737-800,YOK,1050,250,,310,8,2,0,1,0,0,1,4,16
PN-100239,52,DOORS,AIRBUS,A330-300,YOK,650,220,,150,3,2,0,1,1,1,0,1,9
PN-100240,24,ELECTRICAL POWER,AIRBUS,A320-200,YOK,680,450,,80,1,1,0,1,2,1,1,2,9
PN-100241,49,AIRBORNE AUXILIARY POWER (APU),BOEING,737 MAX 8,YOK,20700,11890,,13050,3,1,0,1,0,0,0,2,7
PN-100242,23,COMMUNICATIONS,AIRBUS,A320-200,VAR,3820,1110,350.0,630,2,1,7,2,2,2,2,2,20
PN-100243,52,DOORS,BOEING,737-900ER,VAR,3250,840,150.0,240,1,0,0,0,0,0,1,1,3
PN-100244,52,DOORS,AIRBUS,A321-200,YOK,3080,840,,270,2,1,0,1,1,0,0,1,6
PN-100245,23,COMMUNICATIONS,BOEING,737-900ER,YOK,2530,1100,,270,3,1,0,1,1,0,0,1,7
PN-100246,72,ENGINE,AIRBUS,A320neo,YOK,3410,1430,,830,3,0,0,1,1,0,0,2,7
PN-100247,31,INDICATING / RECORDING SYSTEMS,AIRBUS,A320-200,YOK,4280,2880,,1530,1,1,0,0,0,0,0,1,3
PN-100248,73,ENGINE FUEL AND CONTROL,AIRBUS,A330-200,YOK,13010,6040,,3010,2,1,0,1,0,0,0,2,6
PN-100249,22,AUTO FLIGHT,AIRBUS,A319-100,YOK,1720,910,,520,2,0,0,0,1,1,0,0,4
PN-100250,25,EQUIPMENT / FURNISHINGS,AIRBUS,A320neo,VAR,7040,3070,660.0,920,0,0,0,0,0,0,0,1,1
PN-100251,34,NAVIGATION,BOEING,737-800,YOK,4900,870,,1800,2,0,0,1,0,0,0,1,4
PN-100252,25,EQUIPMENT / FURNISHINGS,BOEING,737 MAX 8,VAR,3010,1440,490.0,720,3,1,0,1,0,0,0,1,6
PN-100253,29,HYDRAULIC POWER,AIRBUS,A320-200,VAR,20760,4550,3850.0,5470,10,3,2,2,1,1,3,6,28
PN-100254,56,WINDOWS,BOEING,777-300ER,VAR,55680,20200,12470.0,23150,2,0,0,1,0,1,1,1,6
PN-100255,24,ELECTRICAL POWER,BOEING,737-900ER,YOK,12790,7790,,4030,0,0,0,0,0,0,0,1,1
PN-100256,56,WINDOWS,BOEING,737 MAX 8,YOK,1270,670,,310,2,0,0,1,0,1,0,3,7
PN-100257,23,COMMUNICATIONS,BOEING,737-800,YOK,2720,850,,680,1,0,0,1,0,0,0,1,3
PN-100258,25,EQUIPMENT / FURNISHINGS,BOEING,737-800,YOK,10250,2680,,770,2,2,0,0,0,0,2,1,7
PN-100259,49,AIRBORNE AUXILIARY POWER (APU),AIRBUS,A330-200,VAR,1790,680,730.0,1340,2,1,1,1,1,0,0,2,8
PN-100260,73,ENGINE FUEL AND CONTROL,BOEING,737-800,VAR,2200,680,310.0,650,3,1,0,1,1,0,1,0,7
PN-100261,25,EQUIPMENT / FURNISHINGS,BOEING,777-300ER,VAR,520,160,70.0,130,2,0,1,0,0,0,0,1,4
PN-100262,28,FUEL,AIRBUS,A320-200,VAR,1500,390,80.0,150,1,2,1,0,1,0,1,1,7
PN-100263,79,OIL,AIRBUS,A321-200,YOK,7540,1230,,630,4,1,0,5,4,1,1,6,22
PN-100264,80,STARTING,AIRBUS,A320-200,VAR,260,60,50.0,50,2,1,1,1,1,0,1,0,7
PN-100265,49,AIRBORNE AUXILIARY POWER (APU),BOEING,777-F,YOK,12240,6580,,1740,3,1,0,4,2,6,0,6,22
PN-100266,32,LANDING GEAR,AIRBUS,A321neo,YOK,15590,8660,,6070,6,2,0,3,1,1,2,9,24
PN-100267,30,ICE & RAIN PROTECTION,BOEING,737-800,VAR,20580,15040,2170.0,4310,3,0,1,1,0,1,0,3,9
PN-100268,49,AIRBORNE AUXILIARY POWER (APU),BOEING,737 MAX 8,YOK,12240,4960,,1250,1,0,0,0,0,0,0,1,2
PN-100269,49,AIRBORNE AUXILIARY POWER (APU),BOEING,787-9,YOK,4570,2470,,910,9,2,0,3,2,0,2,4,22
PN-100270,28,FUEL,AIRBUS,A320-200,YOK,270,130,,80,1,1,0,1,0,0,0,1,4
PN-100271,21,AIR CONDITIONING,BOEING,737-900ER,VAR,330,110,50.0,50,6,1,0,1,1,1,0,4,14
PN-100272,24,ELECTRICAL POWER,BOEING,777-300ER,VAR,2340,790,260.0,510,2,1,0,0,0,0,0,0,3
PN-100273,79,OIL,AIRBUS,A319-100,YOK,420,210,,190,1,0,0,1,0,0,0,0,2
PN-100274,31,INDICATING / RECORDING SYSTEMS,BOEING,737-800,YOK,7970,5170,,3740,12,7,0,6,2,1,2,5,35
PN-100275,34,NAVIGATION,AIRBUS,A321-200,VAR,5310,2640,4220.0,5310,1,0,0,0,0,1,0,1,3
PN-100276,34,NAVIGATION,BOEING,737-800,YOK,3800,870,,820,11,1,0,0,0,2,2,3,19
PN-100277,73,ENGINE FUEL AND CONTROL,AIRBUS,A330-200,YOK,2860,1530,,400,3,0,0,3,1,1,0,1,9
PN-100278,22,AUTO FLIGHT,AIRBUS,A320neo,YOK,28630,4720,,3770,1,1,0,0,0,0,1,1,4
PN-100279,23,COMMUNICATIONS,AIRBUS,A320-200,VAR,6750,3820,610.0,1250,2,1,1,0,0,0,0,1,5
PN-100280,28,FUEL,AIRBUS,A320-200,YOK,2580,970,,550,1,0,0,0,0,0,0,1,2
PN-100281,34,NAVIGATION,AIRBUS,A320-200,VAR,920,260,120.0,190,3,1,0,0,1,1,0,1,7
PN-100282,56,WINDOWS,AIRBUS,A350-900,YOK,260,60,,50,1,0,0,0,0,0,0,0,1
PN-100283,34,NAVIGATION,AIRBUS,A321-200,YOK,4160,2870,,2530,1,1,0,0,1,1,0,1,5
PN-100284,32,LANDING GEAR,AIRBUS,A320neo,YOK,19650,9820,,19310,8,1,0,5,3,2,0,5,24
PN-100285,79,OIL,BOEING,737-800,VAR,6500,2880,1900.0,2840,3,1,1,0,1,0,0,2,8
PN-100286,25,EQUIPMENT / FURNISHINGS,BOEING,737-800,YOK,540,320,,200,1,0,0,0,0,0,0,0,1
PN-100287,36,PNEUMATIC,AIRBUS,A330-200,YOK,222810,81110,,28260,6,0,0,1,0,1,1,2,11
PN-100288,36,PNEUMATIC,BOEING,777-300ER,YOK,500,190,,180,2,0,0,1,0,0,1,1,5
PN-100289,34,NAVIGATION,AIRBUS,A321-200,YOK,9290,2730,,4350,2,1,0,0,0,0,0,1,4
PN-100290,73,ENGINE FUEL AND CONTROL,BOEING,737 MAX 8,VAR,35840,12900,17970.0,29080,2,5,1,1,3,0,1,3,16
PN-100291,27,FLIGHT CONTROLS,AIRBUS,A320-200,YOK,6730,2080,,840,2,1,0,1,0,0,1,1,6
PN-100292,79,OIL,BOEING,737-800,YOK,220,100,,80,1,0,0,0,0,1,0,0,2
PN-100293,29,HYDRAULIC POWER,BOEING,787-9,VAR,3780,1540,540.0,860,21,5,1,6,0,6,3,5,47
PN-100294,36,PNEUMATIC,BOEING,737 MAX 8,VAR,7700,2300,1380.0,1720,3,0,0,0,1,0,0,1,5
PN-100295,35,OXYGEN,AIRBUS,A330-300,YOK,1520,430,,100,1,0,0,1,0,0,0,1,3
PN-100296,76,ENGINE CONTROLS,AIRBUS,A350-900,YOK,440,240,,130,2,0,0,0,0,0,1,1,4
PN-100297,32,LANDING GEAR,AIRBUS,A321-200,YOK,920,690,,340,18,2,0,3,1,0,1,5,30
PN-100298,28,FUEL,BOEING,737-800,YOK,9950,6860,,2560,2,0,0,0,0,0,1,1,4
PN-100299,21,AIR CONDITIONING,BOEING,737-900ER,VAR,5760,3640,2050.0,3230,0,0,1,0,0,0,0,1,2
PN-100300,30,ICE & RAIN PROTECTION,BOEING,787-9,VAR,3740,1820,400.0,710,1,0,0,0,0,0,1,1,3
PN-100301,74,IGNITION,AIRBUS,A330-200,YOK,3380,1220,,620,4,0,0,5,2,0,0,4,15
PN-100302,21,AIR CONDITIONING,AIRBUS,A320-200,YOK,1310,330,,250,7,2,0,2,2,1,0,2,16
PN-100303,77,ENGINE INDICATING,AIRBUS,A330-300,VAR,14850,8770,2650.0,4770,1,0,1,0,0,1,0,2,5
PN-100304,36,PNEUMATIC,AIRBUS,A320-200,VAR,12100,1690,1540.0,2970,6,1,1,2,2,2,2,2,18
PN-100305,24,ELECTRICAL POWER,AIRBUS,A320neo,VAR,1800,960,100.0,190,5,2,1,1,1,0,1,5,16
PN-100306,28,FUEL,AIRBUS,A321-200,VAR,5560,940,440.0,680,1,1,1,0,0,1,0,1,5
PN-100307,36,PNEUMATIC,BOEING,737-800,VAR,8170,3610,1040.0,2050,1,1,0,0,0,1,0,1,4
PN-100308,29,HYDRAULIC POWER,AIRBUS,A320-200,VAR,920,350,190.0,310,4,1,1,1,1,0,1,3,12
PN-100309,23,COMMUNICATIONS,AIRBUS,A320-200,YOK,1910,940,,1000,1,0,0,0,0,0,0,1,2
PN-100310,56,WINDOWS,AIRBUS,A319-100,VAR,1250,380,160.0,220,1,1,1,0,0,0,0,1,4
PN-100311,56,WINDOWS,BOEING,737 MAX 8,YOK,2230,1390,,450,2,1,0,1,0,1,0,0,5
PN-100312,24,ELECTRICAL POWER,BOEING,737-800,YOK,950,390,,270,0,1,0,0,0,0,0,1,2
PN-100313,28,FUEL,AIRBUS,A319-100,VAR,4720,2260,2830.0,4340,2,1,1,0,0,1,0,1,6
PN-100314,27,FLIGHT CONTROLS,AIRBUS,A319-100,YOK,5050,1680,,810,2,0,0,2,0,2,0,0,6
PN-100315,56,WINDOWS,AIRBUS,A330-300,YOK,9190,3090,,1780,3,1,0,1,1,1,1,1,9
PN-100316,71,POWER PLANT,AIRBUS,A321-200,YOK,3140,1390,,3050,1,0,0,0,0,0,0,0,1
PN-100317,71,POWER PLANT,AIRBUS,A330-300,YOK,19330,5100,,1180,2,2,0,0,0,0,0,1,5
PN-100318,79,OIL,AIRBUS,A321neo,YOK,19670,10200,,6450,3,0,0,0,0,0,0,1,4
PN-100319,72,ENGINE,BOEING,777-300ER,YOK,1990,730,,300,15,1,0,5,1,1,2,3,28
PN-100320,29,HYDRAULIC POWER,AIRBUS,A321-200,YOK,360,260,,190,4,0,0,2,0,0,1,2,9
PN-100321,23,COMMUNICATIONS,BOEING,737-800,VAR,110,50,50.0,50,6,4,7,3,2,1,2,1,26
PN-100322,49,AIRBORNE AUXILIARY POWER (APU),AIRBUS,A319-100,YOK,11010,3750,,2560,5,1,0,1,4,0,1,3,15
PN-100323,77,ENGINE INDICATING,BOEING,777-F,YOK,1180,430,,270,2,1,0,1,0,0,0,0,4
PN-100324,80,STARTING,BOEING,787-9,YOK,500,110,,180,2,0,0,2,0,1,1,2,8
PN-100325,26,FIRE PROTECTION,BOEING,737-800,YOK,980,350,,100,2,1,0,0,0,0,0,0,3
PN-100326,27,FLIGHT CONTROLS,AIRBUS,A321neo,VAR,710,330,120.0,170,8,3,0,2,2,1,0,0,16
PN-100327,21,AIR CONDITIONING,AIRBUS,A320neo,VAR,11400,5120,760.0,1270,1,0,0,0,0,0,0,1,2
PN-100328,24,ELECTRICAL POWER,BOEING,737 MAX 8,VAR,1040,410,160.0,220,2,0,1,0,0,0,0,1,4
PN-100329,36,PNEUMATIC,BOEING,737-800,YOK,4220,2120,,1270,2,1,0,2,1,0,1,1,8
PN-100330,36,PNEUMATIC,AIRBUS,A320neo,YOK,7150,2970,,1200,6,1,0,2,1,2,0,4,16
PN-100331,30,ICE & RAIN PROTECTION,AIRBUS,A321neo,YOK,1020,310,,140,1,0,0,0,0,0,0,0,1
PN-100332,29,HYDRAULIC POWER,AIRBUS,A321neo,VAR,3890,2300,1040.0,1410,11,4,2,2,0,1,2,9,31
PN-100333,74,IGNITION,BOEING,737 MAX 8,YOK,5490,2460,,3980,2,0,0,0,0,0,1,1,4
PN-100334,32,LANDING GEAR,BOEING,737-800,YOK,550,190,,50,1,0,0,1,0,0,0,0,2
PN-100335,74,IGNITION,BOEING,737-800,VAR,250,160,50.0,50,1,0,0,0,0,0,0,0,1
PN-100336,80,STARTING,BOEING,737-800,YOK,6650,5240,,1310,1,0,0,1,0,0,0,0,2
PN-100337,29,HYDRAULIC POWER,AIRBUS,A320neo,YOK,3910,1980,,470,3,1,0,2,0,0,2,1,9
PN-100338,26,FIRE PROTECTION,AIRBUS,A321-200,YOK,400,150,,50,1,0,0,1,0,0,0,1,3
PN-100339,79,OIL,AIRBUS,A319-100,VAR,2740,1960,590.0,1000,3,1,2,1,1,1,2,1,12
PN-100340,52,DOORS,BOEING,737-900ER,YOK,10930,4090,,2500,2,0,0,0,0,0,0,1,3
PN-100341,28,FUEL,AIRBUS,A321neo,VAR,640,300,130.0,200,1,0,0,0,0,0,0,1,2
PN-100342,52,DOORS,AIRBUS,A321neo,YOK,200,150,,200,1,0,0,1,0,0,0,1,3
PN-100343,35,OXYGEN,AIRBUS,A320neo,VAR,440,200,60.0,90,1,1,0,1,0,0,0,1,4
PN-100344,77,ENGINE INDICATING,AIRBUS,A320neo,YOK,2270,890,,410,3,0,0,1,1,0,0,2,7
PN-100345,27,FLIGHT CONTROLS,AIRBUS,A330-300,YOK,270,60,,50,2,1,0,0,0,0,0,1,4
PN-100346,80,STARTING,AIRBUS,A320neo,YOK,910,250,,270,6,0,0,3,0,1,2,3,15
PN-100347,79,OIL,AIRBUS,A320-200,VAR,2250,930,380.0,560,1,1,0,1,0,0,0,1,4
PN-100348,25,EQUIPMENT / FURNISHINGS,BOEING,737-900ER,YOK,5780,3950,,2690,1,0,0,0,0,0,0,1,2
PN-100349,25,EQUIPMENT / FURNISHINGS,AIRBUS,A321-200,YOK,160,70,,50,1,0,0,1,0,0,0,1,3
PN-100350,35,OXYGEN,AIRBUS,A321-200,YOK,3070,1890,,690,5,0,0,1,2,0,0,2,10
PN-100351,22,AUTO FLIGHT,AIRBUS,A321neo,YOK,2620,570,,650,3,1,0,0,0,0,0,1,5
PN-100352,28,FUEL,BOEING,737 MAX 8,YOK,2780,1360,,1210,1,0,0,1,0,0,1,1,4
PN-100353,32,LANDING GEAR,AIRBUS,A321-200,VAR,4770,2540,640.0,870,11,0,2,1,1,1,1,7,24
PN-100354,80,STARTING,BOEING,737-800,VAR,54150,14470,7560.0,11440,16,3,1,6,2,3,7,8,46
PN-100355,80,STARTING,BOEING,777-300ER,YOK,3560,720,,210,2,1,0,1,1,0,1,2,8
PN-100356,24,ELECTRICAL POWER,BOEING,737-800,YOK,5920,2770,,3100,4,5,0,5,2,0,1,8,25
PN-100357,77,ENGINE INDICATING,AIRBUS,A321neo,YOK,1230,610,,470,6,2,0,2,0,1,1,3,15
PN-100358,23,COMMUNICATIONS,BOEING,737-800,VAR,170,100,50.0,50,1,0,0,0,1,0,0,1,3
PN-100359,72,ENGINE,AIRBUS,A321neo,YOK,1540,610,,230,5,1,0,2,0,1,0,3,12
PN-100360,74,IGNITION,AIRBUS,A321neo,YOK,740,260,,220,1,0,0,0,0,0,0,0,1
PN-100361,77,ENGINE INDICATING,AIRBUS,A330-200,YOK,1640,970,,480,1,2,0,0,0,0,1,1,5
PN-100362,26,FIRE PROTECTION,AIRBUS,A321-200,YOK,2690,1560,,430,1,0,0,1,0,0,0,0,2
PN-100363,77,ENGINE INDICATING,AIRBUS,A320-200,YOK,2690,1070,,420,1,0,0,2,0,0,0,1,4
PN-100364,24,ELECTRICAL POWER,AIRBUS,A321neo,YOK,17490,5180,,9460,2,0,0,1,0,0,0,1,4
PN-100365,35,OXYGEN,AIRBUS,A320-200,YOK,4180,1860,,1520,2,0,0,0,1,0,0,0,3
PN-100366,34,NAVIGATION,AIRBUS,A321neo,YOK,630,350,,230,3,1,0,1,3,0,1,2,11
PN-100367,29,HYDRAULIC POWER,AIRBUS,A330-300,YOK,5420,3450,,960,4,1,0,1,0,0,0,2,8
PN-100368,21,AIR CONDITIONING,BOEING,777-300ER,VAR,3470,1910,710.0,1100,1,0,0,0,0,0,0,0,1
PN-100369,73,ENGINE FUEL AND CONTROL,AIRBUS,A319-100,YOK,470,200,,180,1,1,0,1,0,0,0,1,4
PN-100370,29,HYDRAULIC POWER,AIRBUS,A350-900,YOK,2400,1370,,640,1,0,0,0,0,0,0,1,2
PN-100371,56,WINDOWS,AIRBUS,A321neo,VAR,1160,310,160.0,260,1,0,0,1,1,0,0,2,5
PN-100372,31,INDICATING / RECORDING SYSTEMS,AIRBUS,A319-100,VAR,460,160,120.0,200,3,1,2,1,0,1,0,1,9
PN-100373,30,ICE & RAIN PROTECTION,AIRBUS,A320neo,YOK,3000,1920,,1750,2,0,0,2,0,1,1,1,7
PN-100374,77,ENGINE INDICATING,AIRBUS,A320-200,YOK,4780,1820,,450,2,0,0,0,0,0,0,1,3
PN-100375,23,COMMUNICATIONS,AIRBUS,A320neo,VAR,410,200,50.0,60,2,2,0,1,0,0,0,1,6
PN-100376,72,ENGINE,AIRBUS,A320neo,YOK,8500,3940,,780,1,2,0,1,2,1,0,1,8
PN-100377,72,ENGINE,AIRBUS,A321neo,YOK,3770,470,,290,2,1,0,0,0,0,0,1,4
PN-100378,30,ICE & RAIN PROTECTION,AIRBUS,A330-200,VAR,1420,840,580.0,730,3,1,0,1,1,0,2,2,10
PN-100379,27,FLIGHT CONTROLS,AIRBUS,A319-100,VAR,1550,760,590.0,1060,6,0,0,1,1,0,2,5,15
PN-100380,21,AIR CONDITIONING,AIRBUS,A320-200,VAR,200,90,50.0,60,7,1,0,3,1,2,0,3,17
PN-100381,79,OIL,AIRBUS,A320-200,YOK,350,240,,350,2,0,0,1,0,0,1,0,4
PN-100382,79,OIL,AIRBUS,A330-300,YOK,2710,1300,,1190,7,0,0,5,1,1,0,5,19
PN-100383,27,FLIGHT CONTROLS,AIRBUS,A321-200,YOK,1180,600,,450,2,1,0,1,0,1,0,0,5
PN-100384,21,AIR CONDITIONING,AIRBUS,A330-300,VAR,16470,4000,1950.0,2370,7,1,2,0,1,0,0,2,13
PN-100385,24,ELECTRICAL POWER,AIRBUS,A320neo,VAR,160,80,50.0,50,3,0,0,0,1,0,0,1,5
PN-100386,22,AUTO FLIGHT,AIRBUS,A319-100,YOK,1970,1370,,600,2,1,0,0,0,0,0,2,5
PN-100387,74,IGNITION,BOEING,777-F,YOK,670,180,,50,1,0,0,0,0,0,0,0,1
PN-100388,77,ENGINE INDICATING,AIRBUS,A320-200,YOK,7080,3090,,1950,2,0,0,1,0,0,0,1,4
PN-100389,24,ELECTRICAL POWER,AIRBUS,A320-200,YOK,2060,620,,520,3,1,0,2,0,0,0,3,9
PN-100390,72,ENGINE,AIRBUS,A320-200,YOK,1280,720,,1260,2,1,0,0,2,1,0,2,8
PN-100391,25,EQUIPMENT / FURNISHINGS,BOEING,787-9,YOK,4260,3220,,1300,6,1,0,3,2,3,0,7,22
PN-100392,30,ICE & RAIN PROTECTION,AIRBUS,A350-900,YOK,4660,2820,,1050,1,0,0,0,0,0,0,1,2
PN-100393,49,AIRBORNE AUXILIARY POWER (APU),AIRBUS,A350-900,YOK,5410,2420,,1400,2,1,0,0,0,1,1,0,5
PN-100394,71,POWER PLANT,BOEING,787-9,YOK,610,260,,300,1,0,0,0,1,0,0,1,3
PN-100395,76,ENGINE CONTROLS,AIRBUS,A320-200,VAR,4650,1870,470.0,880,2,1,0,0,0,0,0,1,4
PN-100396,22,AUTO FLIGHT,BOEING,787-9,YOK,230,120,,50,4,4,0,1,1,0,1,4,15
PN-100397,26,FIRE PROTECTION,AIRBUS,A320neo,YOK,830,500,,140,3,2,0,4,0,0,1,4,14
PN-100398,28,FUEL,AIRBUS,A350-900,YOK,700,200,,400,0,0,0,1,1,1,0,1,4
PN-100399,29,HYDRAULIC POWER,AIRBUS,A321neo,VAR,120,50,50.0,50,2,1,0,0,1,0,0,1,5
PN-100400,80,STARTING,AIRBUS,A321-200,YOK,1060,310,,160,0,0,0,1,0,0,0,1,2
PN-100401,73,ENGINE FUEL AND CONTROL,BOEING,777-300ER,YOK,6150,3810,,1490,11,1,0,6,1,1,1,5,26
PN-100402,29,HYDRAULIC POWER,AIRBUS,A320-200,YOK,5090,3190,,4070,11,1,0,5,1,2,0,4,24
PN-100403,80,STARTING,BOEING,787-9,VAR,8180,2560,730.0,1400,3,1,0,0,1,0,0,1,6
PN-100404,34,NAVIGATION,AIRBUS,A321-200,YOK,5130,2310,,1650,1,1,0,0,0,0,0,0,2
PN-100405,35,OXYGEN,BOEING,737-800,VAR,1480,940,260.0,340,1,0,0,0,0,0,0,0,1
PN-100406,32,LANDING GEAR,BOEING,787-9,YOK,420,80,,100,5,1,0,2,0,0,1,3,12
PN-100407,24,ELECTRICAL POWER,AIRBUS,A319-100,VAR,25130,10720,2340.0,3810,4,1,1,1,3,1,0,2,13
PN-100408,79,OIL,BOEING,777-300ER,VAR,100,60,50.0,50,0,0,1,0,0,0,0,0,1
PN-100409,21,AIR CONDITIONING,AIRBUS,A330-300,VAR,3040,1040,890.0,1440,1,0,1,1,1,0,0,2,6
PN-100410,25,EQUIPMENT / FURNISHINGS,BOEING,737-800,VAR,340,230,50.0,60,4,0,2,3,2,4,2,2,19
PN-100411,26,FIRE PROTECTION,AIRBUS,A320-200,YOK,4510,2470,,1460,2,0,0,1,0,0,0,0,3
PN-100412,28,FUEL,AIRBUS,A330-200,VAR,4010,2000,460.0,660,12,1,4,1,2,0,1,4,25
PN-100413,24,ELECTRICAL POWER,BOEING,737-800,YOK,3500,1000,,420,4,2,0,2,3,1,0,3,15
PN-100414,21,AIR CONDITIONING,AIRBUS,A321neo,YOK,1130,270,,240,1,1,0,1,0,0,0,0,3
PN-100415,56,WINDOWS,AIRBUS,A320-200,YOK,1910,860,,700,1,0,0,1,0,0,0,1,3
PN-100416,80,STARTING,AIRBUS,A320neo,VAR,490,110,60.0,70,3,1,0,1,0,0,0,1,6
PN-100417,24,ELECTRICAL POWER,BOEING,737 MAX 8,VAR,460,290,100.0,150,1,1,0,0,0,0,0,1,3
PN-100418,28,FUEL,AIRBUS,A319-100,VAR,5820,2120,1010.0,1410,1,0,0,0,1,0,0,1,3
PN-100419,35,OXYGEN,BOEING,737-800,YOK,1270,650,,590,6,1,0,3,2,1,0,1,14
PN-100420,79,OIL,BOEING,787-9,YOK,9780,3590,,880,1,0,0,1,0,0,0,1,3
PN-100421,71,POWER PLANT,AIRBUS,A319-100,VAR,54620,28600,7620.0,12300,8,1,2,3,2,0,2,1,19
PN-100422,72,ENGINE,AIRBUS,A320-200,YOK,4160,680,,1320,4,1,0,0,0,0,1,2,8
PN-100423,49,AIRBORNE AUXILIARY POWER (APU),BOEING,737-800,YOK,930,340,,280,3,0,0,2,0,0,1,2,8
PN-100424,31,INDICATING / RECORDING SYSTEMS,AIRBUS,A319-100,YOK,870,270,,340,3,1,0,2,0,2,1,1,10
PN-100425,26,FIRE PROTECTION,AIRBUS,A330-300,VAR,10420,6380,3920.0,6590,1,0,0,0,0,0,0,1,2
PN-100426,76,ENGINE CONTROLS,BOEING,737-800,YOK,4400,2180,,2080,3,1,0,4,1,0,0,1,10
PN-100427,73,ENGINE FUEL AND CONTROL,AIRBUS,A330-300,YOK,1940,650,,600,1,0,0,0,0,0,0,0,1
PN-100428,21,AIR CONDITIONING,AIRBUS,A321-200,YOK,2220,1180,,760,3,3,0,2,1,0,0,2,11
PN-100429,71,POWER PLANT,BOEING,737-800,VAR,1230,480,110.0,130,1,0,0,0,0,0,0,0,1
PN-100430,23,COMMUNICATIONS,AIRBUS,A330-300,YOK,1280,680,,400,1,0,0,0,0,1,1,1,4
PN-100431,72,ENGINE,AIRBUS,A320neo,YOK,29720,12510,,3480,12,2,0,4,1,0,0,6,25
PN-100432,74,IGNITION,AIRBUS,A330-300,YOK,100,50,,50,4,1,0,0,1,0,0,2,8
PN-100433,24,ELECTRICAL POWER,BOEING,777-300ER,YOK,23020,8830,,4800,1,0,0,1,0,0,0,1,3
PN-100434,32,LANDING GEAR,BOEING,737-800,VAR,4840,1350,480.0,730,2,0,0,0,0,0,1,1,4
PN-100435,24,ELECTRICAL POWER,AIRBUS,A321neo,YOK,13400,7550,,1580,1,0,0,1,0,1,1,0,4
PN-100436,36,PNEUMATIC,AIRBUS,A321-200,YOK,330,140,,110,2,1,0,1,1,0,0,1,6
PN-100437,79,OIL,AIRBUS,A320-200,VAR,340,260,230.0,310,1,0,0,0,0,0,0,0,1
PN-100438,23,COMMUNICATIONS,AIRBUS,A320neo,YOK,580,290,,260,2,0,0,1,0,0,0,2,5
PN-100439,31,INDICATING / RECORDING SYSTEMS,AIRBUS,A319-100,VAR,1570,280,170.0,250,2,0,3,0,0,0,1,2,8
PN-100440,80,STARTING,BOEING,787-9,YOK,2500,1250,,990,2,0,0,1,0,1,0,1,5
PN-100441,28,FUEL,AIRBUS,A320neo,YOK,9000,5640,,2800,7,1,0,1,0,1,0,1,11
PN-100442,24,ELECTRICAL POWER,BOEING,737 MAX 8,VAR,10730,6820,3030.0,4830,4,0,2,0,0,1,0,3,10
PN-100443,34,NAVIGATION,AIRBUS,A320-200,YOK,660,410,,240,2,0,0,2,0,0,0,0,4
PN-100444,35,OXYGEN,AIRBUS,A321-200,YOK,850,280,,80,1,0,0,0,0,0,0,0,1
PN-100445,56,WINDOWS,AIRBUS,A321neo,VAR,920,580,70.0,130,2,0,1,1,0,0,0,0,4
PN-100446,29,HYDRAULIC POWER,AIRBUS,A321-200,YOK,770,130,,80,2,0,0,1,0,0,0,1,4
PN-100447,79,OIL,BOEING,737-900ER,VAR,8320,4480,4160.0,5850,1,0,0,0,1,0,1,1,4
PN-100448,35,OXYGEN,BOEING,777-F,YOK,990,660,,120,2,0,0,0,0,1,2,1,6
PN-100449,28,FUEL,BOEING,737 MAX 8,YOK,2110,1190,,890,11,1,0,6,1,2,0,3,24
PN-100450,79,OIL,AIRBUS,A320-200,YOK,260,70,,50,2,1,0,1,0,1,0,1,6
PN-100451,79,OIL,BOEING,737-900ER,YOK,2170,540,,290,4,2,0,1,0,2,0,2,11
PN-100452,34,NAVIGATION,AIRBUS,A320-200,VAR,4650,2670,750.0,1310,1,0,0,0,0,0,0,1,2
PN-100453,21,AIR CONDITIONING,BOEING,777-300ER,VAR,1810,640,90.0,130,1,1,2,1,2,1,0,1,9
PN-100454,49,AIRBORNE AUXILIARY POWER (APU),AIRBUS,A330-200,YOK,2760,760,,670,5,0,0,1,0,1,0,1,8
PN-100455,36,PNEUMATIC,AIRBUS,A321-200,VAR,8920,5560,2850.0,4050,6,0,2,3,0,1,1,3,16
PN-100456,24,ELECTRICAL POWER,AIRBUS,A320-200,YOK,4210,1000,,520,1,1,0,2,0,0,0,1,5
PN-100457,52,DOORS,AIRBUS,A319-100,VAR,570,260,50.0,80,3,1,0,0,0,0,0,0,4
PN-100458,74,IGNITION,AIRBUS,A320neo,YOK,1140,590,,760,3,1,0,1,1,1,2,2,11
PN-100459,23,COMMUNICATIONS,BOEING,777-300ER,YOK,15900,6970,,1350,2,1,0,1,0,0,0,1,5
PN-100460,71,POWER PLANT,BOEING,737-900ER,YOK,3100,1430,,410,1,0,0,1,0,0,0,1,3
PN-100461,24,ELECTRICAL POWER,BOEING,787-9,YOK,1710,1080,,840,34,11,0,2,7,2,1,24,81
PN-100462,72,ENGINE,AIRBUS,A320-200,YOK,13640,3980,,1470,1,0,0,1,1,0,0,1,4
PN-100463,31,INDICATING / RECORDING SYSTEMS,AIRBUS,A330-300,VAR,5740,3850,370.0,580,3,1,0,0,1,0,0,1,6
PN-100464,21,AIR CONDITIONING,AIRBUS,A320neo,VAR,450,180,210.0,300,6,0,0,0,1,0,0,3,10
PN-100465,80,STARTING,AIRBUS,A330-300,VAR,720,250,130.0,170,4,0,0,0,0,1,0,3,8
PN-100466,25,EQUIPMENT / FURNISHINGS,AIRBUS,A321-200,VAR,24160,6250,2710.0,5080,1,0,2,0,0,0,0,1,4
PN-100467,49,AIRBORNE AUXILIARY POWER (APU),AIRBUS,A321-200,YOK,2000,1250,,720,3,1,0,1,0,0,1,1,7
PN-100468,25,EQUIPMENT / FURNISHINGS,AIRBUS,A330-300,VAR,6280,2420,860.0,1480,2,0,0,1,0,0,0,1,4
PN-100469,79,OIL,AIRBUS,A320-200,YOK,1730,690,,1300,1,0,0,1,0,0,0,0,2
PN-100470,72,ENGINE,AIRBUS,A321neo,YOK,1530,570,,970,22,11,0,8,9,4,8,20,82
PN-100471,73,ENGINE FUEL AND CONTROL,BOEING,737-800,YOK,2460,1380,,590,3,1,0,0,0,1,0,2,7
PN-100472,32,LANDING GEAR,AIRBUS,A320-200,VAR,9030,2030,500.0,820,6,1,1,3,1,2,1,3,18
PN-100473,34,NAVIGATION,BOEING,777-300ER,VAR,2650,1020,880.0,1440,2,1,0,0,1,0,0,1,5
PN-100474,52,DOORS,AIRBUS,A330-200,VAR,20110,8480,2030.0,3070,1,1,0,0,0,0,0,1,3
PN-100475,73,ENGINE FUEL AND CONTROL,BOEING,737 MAX 8,VAR,4690,980,230.0,460,1,0,1,1,0,0,1,1,5
PN-100476,76,ENGINE CONTROLS,BOEING,737-800,YOK,180,50,,50,1,0,0,0,0,0,0,0,1
PN-100477,21,AIR CONDITIONING,BOEING,737-800,VAR,5770,1590,390.0,740,2,1,0,1,0,1,0,1,6
PN-100478,56,WINDOWS,BOEING,737-800,YOK,10470,2260,,1790,1,0,0,1,0,0,0,1,3
PN-100479,23,COMMUNICATIONS,BOEING,737 MAX 8,YOK,1520,740,,510,6,2,0,3,1,1,0,2,15
PN-100480,28,FUEL,AIRBUS,A350-900,YOK,57250,29820,,11870,1,0,0,0,0,0,0,1,2
PN-100481,74,IGNITION,AIRBUS,A320neo,YOK,1910,980,,1910,1,0,0,0,0,1,0,1,3
PN-100482,27,FLIGHT CONTROLS,AIRBUS,A320-200,VAR,3350,1230,240.0,370,1,1,0,0,0,0,0,1,3
PN-100483,73,ENGINE FUEL AND CONTROL,AIRBUS,A350-900,VAR,750,280,60.0,100,11,4,2,2,5,0,2,4,30
PN-100484,34,NAVIGATION,AIRBUS,A320-200,YOK,4760,2490,,1260,1,1,0,1,0,0,0,0,3
PN-100485,27,FLIGHT CONTROLS,AIRBUS,A320neo,YOK,4770,1880,,1660,5,1,0,2,1,0,1,2,12
PN-100486,29,HYDRAULIC POWER,AIRBUS,A320-200,YOK,10070,5260,,1070,6,1,0,4,3,3,0,4,21
PN-100487,35,OXYGEN,AIRBUS,A330-300,YOK,24110,6680,,4510,1,0,0,1,0,0,0,1,3
PN-100488,72,ENGINE,AIRBUS,A320-200,YOK,970,230,,170,1,0,0,1,0,0,0,1,3
PN-100489,49,AIRBORNE AUXILIARY POWER (APU),AIRBUS,A350-900,YOK,2380,1360,,1010,1,0,0,1,0,0,0,0,2
PN-100490,79,OIL,BOEING,737-900ER,YOK,9430,3650,,2150,6,1,0,3,2,1,0,1,14
PN-100491,76,ENGINE CONTROLS,BOEING,737 MAX 8,YOK,35030,15270,,5170,1,0,0,0,0,0,0,1,2
PN-100492,72,ENGINE,AIRBUS,A321-200,YOK,12980,1330,,460,4,1,0,7,1,2,1,1,17
PN-100493,49,AIRBORNE AUXILIARY POWER (APU),AIRBUS,A330-300,VAR,21290,10200,2680.0,3880,2,0,1,0,1,3,0,2,9
PN-100494,28,FUEL,AIRBUS,A330-300,VAR,2350,930,210.0,320,2,0,0,1,2,1,1,2,9
PN-100495,31,INDICATING / RECORDING SYSTEMS,AIRBUS,A321neo,VAR,17920,8140,1880.0,2580,4,1,1,0,2,0,0,1,9
PN-100496,24,ELECTRICAL POWER,BOEING,737-800,YOK,970,400,,300,2,1,0,0,0,0,0,1,4
PN-100497,30,ICE & RAIN PROTECTION,AIRBUS,A320neo,YOK,3220,1340,,540,1,0,0,0,0,0,0,1,2
PN-100498,79,OIL,BOEING,787-9,VAR,1350,560,310.0,560,4,0,2,4,0,1,0,2,13
PN-100499,32,LANDING GEAR,AIRBUS,A320-200,VAR,5650,2220,800.0,1520,3,0,1,1,0,0,0,1,6
PN-100500,23,COMMUNICATIONS,BOEING,737 MAX 8,YOK,12030,7350,,5740,1,0,0,0,0,0,0,0,1
PN-100501,52,DOORS,AIRBUS,A330-300,YOK,9500,1870,,2050,3,0,0,2,0,1,1,1,8
PN-100502,80,STARTING,AIRBUS,A320neo,YOK,74220,38310,,34060,1,1,0,0,0,0,0,1,3
PN-100503,76,ENGINE CONTROLS,BOEING,737-800,YOK,5870,1310,,370,5,1,0,1,0,0,0,2,9
PN-100504,28,FUEL,AIRBUS,A320-200,VAR,1610,760,250.0,540,9,0,3,7,0,2,1,1,23
PN-100505,32,LANDING GEAR,BOEING,737-900ER,YOK,20420,10320,,4180,4,1,0,2,1,0,1,1,10
PN-100506,35,OXYGEN,AIRBUS,A330-300,VAR,350,170,50.0,70,2,1,1,2,0,0,2,1,9
PN-100507,27,FLIGHT CONTROLS,AIRBUS,A320-200,YOK,240,150,,60,2,1,0,2,2,1,0,0,8
PN-100508,27,FLIGHT CONTROLS,AIRBUS,A320-200,VAR,2860,720,270.0,440,17,4,1,1,1,2,1,4,31
PN-100509,27,FLIGHT CONTROLS,BOEING,737-800,YOK,520,230,,310,1,0,0,1,0,0,0,1,3
PN-100510,80,STARTING,AIRBUS,A321-200,YOK,3070,950,,710,4,1,0,1,0,0,0,1,7
PN-100511,72,ENGINE,BOEING,777-300ER,VAR,319590,107640,61060.0,88520,11,1,0,3,3,1,0,3,22
PN-100512,74,IGNITION,BOEING,737-900ER,YOK,1040,260,,230,2,1,0,0,0,0,0,1,4
PN-100513,74,IGNITION,BOEING,737-800,VAR,3350,1860,510.0,1010,2,1,5,1,0,0,0,3,12
PN-100514,79,OIL,AIRBUS,A320neo,YOK,1180,460,,310,1,1,0,0,0,1,0,2,5
PN-100515,23,COMMUNICATIONS,BOEING,737-800,VAR,5450,1030,570.0,790,12,1,2,3,3,1,1,10,33
PN-100516,76,ENGINE CONTROLS,BOEING,777-F,YOK,1850,1200,,420,20,5,0,2,1,2,1,9,40
PN-100517,22,AUTO FLIGHT,AIRBUS,A320-200,VAR,1040,510,290.0,520,2,0,1,2,0,1,0,2,8
PN-100518,34,NAVIGATION,AIRBUS,A321-200,YOK,140,60,,50,3,1,0,5,1,0,0,1,11
PN-100519,49,AIRBORNE AUXILIARY POWER (APU),AIRBUS,A320neo,YOK,620,230,,120,7,4,0,4,4,1,0,4,24
PN-100520,30,ICE & RAIN PROTECTION,AIRBUS,A321-200,VAR,3230,1340,460.0,810,1,0,0,0,0,0,0,1,2
PN-100521,24,ELECTRICAL POWER,BOEING,737-800,YOK,1640,740,,280,1,0,0,0,0,0,0,1,2
PN-100522,25,EQUIPMENT / FURNISHINGS,AIRBUS,A321neo,YOK,240,70,,50,3,1,0,3,1,3,0,3,14
PN-100523,74,IGNITION,AIRBUS,A330-300,YOK,4530,2220,,2330,3,0,0,1,1,0,0,1,6
PN-100524,29,HYDRAULIC POWER,AIRBUS,A321-200,VAR,7530,3050,890.0,1440,3,1,0,0,0,0,1,2,7
PN-100525,29,HYDRAULIC POWER,AIRBUS,A320-200,YOK,1280,740,,420,3,1,0,1,1,0,0,3,9
PN-100526,79,OIL,AIRBUS,A320neo,YOK,5940,2460,,820,0,0,0,0,0,0,0,1,1
PN-100527,24,ELECTRICAL POWER,BOEING,737 MAX 8,VAR,1210,510,180.0,260,2,1,0,0,1,1,0,2,7
PN-100528,77,ENGINE INDICATING,AIRBUS,A350-900,YOK,6690,2610,,1510,1,0,0,1,0,0,0,1,3
PN-100529,77,ENGINE INDICATING,AIRBUS,A321-200,YOK,5240,1550,,810,4,2,0,2,1,0,1,3,13
PN-100530,49,AIRBORNE AUXILIARY POWER (APU),BOEING,737-900ER,YOK,18320,2970,,1320,4,1,0,3,3,1,0,8,20
PN-100531,25,EQUIPMENT / FURNISHINGS,AIRBUS,A320-200,YOK,4310,2380,,2300,2,0,0,2,0,0,1,2,7
PN-100532,25,EQUIPMENT / FURNISHINGS,AIRBUS,A320neo,VAR,1980,610,210.0,370,2,1,0,0,0,0,1,2,6
PN-100533,28,FUEL,AIRBUS,A320neo,YOK,1240,770,,300,1,0,0,1,0,0,0,0,2
PN-100534,49,AIRBORNE AUXILIARY POWER (APU),BOEING,787-9,YOK,2530,1030,,710,4,0,0,4,1,0,2,3,14
PN-100535,24,ELECTRICAL POWER,BOEING,737-800,YOK,37580,19450,,7660,7,2,0,1,0,0,1,3,14
PN-100536,32,LANDING GEAR,AIRBUS,A350-900,YOK,1040,690,,390,14,3,0,5,0,0,4,6,32
PN-100537,24,ELECTRICAL POWER,AIRBUS,A319-100,YOK,1910,830,,1430,26,1,0,4,9,8,0,7,55
PN-100538,36,PNEUMATIC,AIRBUS,A320-200,VAR,13520,7170,980.0,1840,1,0,0,0,0,0,0,0,1
PN-100539,21,AIR CONDITIONING,AIRBUS,A350-900,VAR,2530,930,410.0,570,1,1,1,0,0,1,1,0,5
PN-100540,71,POWER PLANT,AIRBUS,A321-200,VAR,590,210,60.0,80,1,0,0,1,0,0,0,2,4
PN-100541,22,AUTO FLIGHT,BOEING,777-300ER,VAR,220,110,60.0,90,3,0,1,0,0,1,0,2,7
PN-100542,26,FIRE PROTECTION,BOEING,737-900ER,YOK,170,70,,50,1,0,0,1,0,1,0,1,4
PN-100543,25,EQUIPMENT / FURNISHINGS,AIRBUS,A321neo,VAR,160,80,50.0,50,2,1,0,0,0,0,0,1,4
PN-100544,74,IGNITION,BOEING,737-800,YOK,10650,6650,,7530,2,1,0,3,1,2,0,2,11
PN-100545,22,AUTO FLIGHT,BOEING,787-9,YOK,140,50,,50,1,0,0,0,1,0,0,0,2
PN-100546,32,LANDING GEAR,AIRBUS,A321neo,YOK,7210,1970,,1020,1,1,0,1,0,0,0,1,4
PN-100547,49,AIRBORNE AUXILIARY POWER (APU),BOEING,737-800,VAR,1780,720,240.0,370,1,0,0,0,1,0,0,1,3
PN-100548,35,OXYGEN,BOEING,777-300ER,YOK,6160,1720,,780,1,1,0,0,0,0,0,1,3
PN-100549,56,WINDOWS,AIRBUS,A320neo,VAR,2830,1890,1160.0,1580,1,0,0,0,0,0,0,0,1
PN-100550,73,ENGINE FUEL AND CONTROL,BOEING,777-300ER,YOK,31040,12480,,12110,1,0,0,2,1,1,1,2,8
PN-100551,31,INDICATING / RECORDING SYSTEMS,AIRBUS,A320-200,VAR,3490,1100,210.0,350,1,0,2,1,1,0,0,0,5
PN-100552,74,IGNITION,BOEING,737-800,YOK,1080,460,,440,1,0,0,1,0,0,0,0,2
PN-100553,29,HYDRAULIC POWER,BOEING,737-900ER,VAR,42500,19990,3660.0,6890,6,0,2,5,0,1,0,5,19
PN-100554,80,STARTING,AIRBUS,A350-900,YOK,9540,2410,,1010,1,0,0,0,1,1,1,2,6
PN-100555,35,OXYGEN,AIRBUS,A330-200,YOK,5640,2430,,1230,5,1,0,0,0,1,1,2,10
PN-100556,72,ENGINE,AIRBUS,A350-900,YOK,5260,2550,,2510,3,1,0,1,0,1,2,2,10
PN-100557,76,ENGINE CONTROLS,AIRBUS,A320-200,YOK,9830,4460,,4090,3,0,0,1,0,0,1,1,6
PN-100558,73,ENGINE FUEL AND CONTROL,AIRBUS,A320neo,YOK,37520,17020,,17780,2,1,0,1,1,0,0,0,5
PN-100559,76,ENGINE CONTROLS,AIRBUS,A320neo,YOK,330,90,,70,3,0,0,1,0,0,1,1,6
PN-100560,35,OXYGEN,AIRBUS,A330-300,VAR,2640,2030,1130.0,1770,1,0,1,1,1,1,0,2,7
PN-100561,22,AUTO FLIGHT,AIRBUS,A321neo,YOK,1510,730,,120,2,0,0,0,1,0,0,1,4
PN-100562,34,NAVIGATION,AIRBUS,A320neo,VAR,2180,1020,290.0,460,4,1,0,1,1,0,0,4,11
PN-100563,25,EQUIPMENT / FURNISHINGS,BOEING,777-300ER,VAR,990,260,70.0,120,1,0,0,0,0,0,0,1,2
PN-100564,77,ENGINE INDICATING,AIRBUS,A321-200,YOK,11450,3360,,680,3,2,0,1,1,0,3,2,12
PN-100565,27,FLIGHT CONTROLS,AIRBUS,A321neo,YOK,48760,22960,,9960,2,0,0,0,1,0,0,1,4
PN-100566,26,FIRE PROTECTION,AIRBUS,A321neo,VAR,1420,650,400.0,530,3,0,1,1,0,0,1,2,8
PN-100567,27,FLIGHT CONTROLS,AIRBUS,A320-200,YOK,9220,1870,,2070,4,1,0,1,0,0,0,2,8
PN-100568,52,DOORS,BOEING,737-800,YOK,920,240,,150,9,0,0,1,1,1,0,5,17
PN-100569,36,PNEUMATIC,AIRBUS,A321neo,YOK,6250,1430,,800,1,0,0,0,0,0,0,1,2
PN-100570,79,OIL,AIRBUS,A319-100,VAR,800,460,210.0,340,1,0,0,0,0,0,0,1,2
PN-100571,31,INDICATING / RECORDING SYSTEMS,BOEING,787-9,YOK,6230,2030,,800,1,0,0,1,0,0,0,1,3
PN-100572,28,FUEL,BOEING,737 MAX 8,YOK,24420,13690,,15700,1,0,0,1,0,0,0,0,2
PN-100573,22,AUTO FLIGHT,BOEING,737-800,YOK,130,80,,50,1,0,0,0,0,0,0,1,2
PN-100574,21,AIR CONDITIONING,BOEING,737 MAX 8,YOK,4880,1790,,370,5,0,0,2,1,1,1,3,13
PN-100575,30,ICE & RAIN PROTECTION,BOEING,777-300ER,VAR,4130,1540,1300.0,2550,2,0,0,0,1,0,0,2,5
PN-100576,79,OIL,AIRBUS,A321-200,VAR,5510,2720,1030.0,2000,3,0,0,0,0,0,0,1,4
PN-100577,35,OXYGEN,AIRBUS,A350-900,YOK,3930,1640,,810,1,0,0,0,0,1,0,1,3
PN-100578,77,ENGINE INDICATING,AIRBUS,A350-900,YOK,1560,570,,520,1,0,0,1,0,0,0,1,3
PN-100579,23,COMMUNICATIONS,AIRBUS,A320neo,YOK,1800,1150,,1340,7,3,0,2,3,2,3,3,23
PN-100580,23,COMMUNICATIONS,AIRBUS,A320neo,YOK,2020,460,,470,1,0,0,1,0,0,0,1,3
PN-100581,74,IGNITION,AIRBUS,A320-200,VAR,4770,1250,920.0,1590,0,0,0,0,0,0,0,1,1
PN-100582,23,COMMUNICATIONS,BOEING,737-800,YOK,2510,760,,210,4,1,0,3,1,0,0,2,11
PN-100583,22,AUTO FLIGHT,BOEING,737-900ER,VAR,6090,2920,1370.0,1750,1,1,1,0,1,0,0,1,5
PN-100584,31,INDICATING / RECORDING SYSTEMS,BOEING,737-900ER,YOK,860,450,,320,7,3,0,9,3,3,4,8,37
PN-100585,79,OIL,AIRBUS,A321-200,YOK,1370,210,,200,1,0,0,1,1,0,0,1,4
PN-100586,56,WINDOWS,AIRBUS,A320neo,YOK,1710,490,,240,2,0,0,1,1,2,0,2,8
PN-100587,23,COMMUNICATIONS,AIRBUS,A321neo,VAR,6260,2740,1190.0,1630,7,0,0,1,2,1,2,1,14
PN-100588,74,IGNITION,AIRBUS,A330-300,YOK,5500,950,,630,1,1,0,1,0,0,0,0,3
PN-100589,74,IGNITION,BOEING,777-300ER,VAR,810,490,50.0,80,1,0,0,0,1,0,0,0,2
PN-100590,73,ENGINE FUEL AND CONTROL,BOEING,737 MAX 8,YOK,810,520,,190,2,5,0,2,2,2,1,2,16
PN-100591,77,ENGINE INDICATING,BOEING,777-300ER,YOK,450,150,,190,6,1,0,0,1,0,0,2,10
PN-100592,27,FLIGHT CONTROLS,BOEING,737 MAX 8,YOK,5870,1330,,350,1,1,0,0,0,0,0,0,2
PN-100593,80,STARTING,BOEING,787-9,YOK,890,300,,170,1,0,0,0,0,0,0,1,2
PN-100594,29,HYDRAULIC POWER,AIRBUS,A321neo,VAR,7180,2630,440.0,890,0,0,0,0,0,0,0,1,1
PN-100595,73,ENGINE FUEL AND CONTROL,AIRBUS,A319-100,YOK,400,250,,400,4,2,0,5,1,1,0,1,14
PN-100596,49,AIRBORNE AUXILIARY POWER (APU),AIRBUS,A320-200,YOK,660,360,,370,1,1,0,0,0,2,1,1,6
PN-100597,73,ENGINE FUEL AND CONTROL,AIRBUS,A321-200,YOK,4000,2020,,250,3,0,0,1,0,0,1,2,7
PN-100598,52,DOORS,AIRBUS,A320neo,VAR,560,90,50.0,50,1,0,0,0,0,0,0,0,1
PN-100599,52,DOORS,AIRBUS,A320-200,YOK,6520,4130,,1210,1,0,0,0,0,0,0,1,2
PN-100600,52,DOORS,BOEING,777-F,VAR,5290,2290,930.0,1590,2,0,0,0,0,0,0,1,3
PN-100601,73,ENGINE FUEL AND CONTROL,AIRBUS,A320neo,YOK,8860,1990,,1250,1,0,0,0,1,0,1,1,4
PN-100602,72,ENGINE,BOEING,777-F,VAR,6650,2500,1370.0,1990,5,3,0,1,0,0,1,3,13
PN-100603,24,ELECTRICAL POWER,BOEING,737-900ER,YOK,840,330,,300,4,2,0,3,1,1,2,1,14
PN-100604,74,IGNITION,BOEING,737-800,YOK,4190,2200,,1970,12,2,0,4,4,1,2,9,34
PN-100605,35,OXYGEN,BOEING,737-800,YOK,7540,4460,,1770,2,0,0,1,0,0,0,1,4
PN-100606,29,HYDRAULIC POWER,AIRBUS,A321-200,YOK,2710,1840,,1310,9,2,0,3,1,3,1,5,24
PN-100607,35,OXYGEN,BOEING,737-800,YOK,7390,4400,,6460,1,0,0,0,0,0,0,1,2
PN-100608,80,STARTING,AIRBUS,A320-200,YOK,2330,1240,,1110,0,0,0,1,0,0,0,0,1
PN-100609,76,ENGINE CONTROLS,BOEING,777-300ER,YOK,2180,1180,,1920,2,0,0,0,0,1,0,1,4
PN-100610,74,IGNITION,AIRBUS,A321-200,YOK,4430,2790,,1380,1,0,0,0,0,0,0,0,1
PN-100611,34,NAVIGATION,AIRBUS,A320neo,YOK,46070,19260,,7400,2,1,0,1,0,1,1,1,7
PN-100612,73,ENGINE FUEL AND CONTROL,BOEING,737-800,YOK,10390,6270,,3340,1,0,0,1,0,1,1,0,4
PN-100613,31,INDICATING / RECORDING SYSTEMS,BOEING,737-800,VAR,4320,380,120.0,230,1,0,0,0,0,0,0,0,1
PN-100614,56,WINDOWS,AIRBUS,A321neo,VAR,800,390,120.0,200,7,1,2,0,0,3,1,4,18
PN-100615,52,DOORS,AIRBUS,A350-900,VAR,14930,5180,1560.0,2770,1,0,1,0,0,0,0,1,3
PN-100616,27,FLIGHT CONTROLS,AIRBUS,A320-200,YOK,3830,2460,,1320,1,0,0,0,0,0,0,1,2
PN-100617,27,FLIGHT CONTROLS,BOEING,737-800,VAR,4230,1900,710.0,1340,8,1,1,0,1,1,1,4,17
PN-100618,22,AUTO FLIGHT,AIRBUS,A320neo,YOK,1360,370,,260,1,0,0,1,0,0,0,1,3
PN-100619,24,ELECTRICAL POWER,AIRBUS,A320neo,VAR,1790,780,190.0,300,8,2,0,0,3,1,1,7,22
PN-100620,32,LANDING GEAR,AIRBUS,A320-200,VAR,4170,1260,2320.0,2930,3,0,0,0,0,1,0,1,5
PN-100621,34,NAVIGATION,AIRBUS,A321-200,YOK,7460,2360,,1580,1,0,0,1,0,0,1,1,4
PN-100622,25,EQUIPMENT / FURNISHINGS,AIRBUS,A321-200,YOK,190,110,,60,2,0,0,2,1,0,0,1,6
PN-100623,31,INDICATING / RECORDING SYSTEMS,AIRBUS,A321neo,YOK,1050,270,,90,3,1,0,2,0,1,2,1,10
PN-100624,49,AIRBORNE AUXILIARY POWER (APU),AIRBUS,A320neo,YOK,620,210,,210,7,2,0,2,1,0,1,3,16
PN-100625,27,FLIGHT CONTROLS,AIRBUS,A320neo,YOK,1900,180,,160,1,0,0,2,0,1,0,3,7
PN-100626,29,HYDRAULIC POWER,AIRBUS,A330-300,YOK,4520,1230,,720,5,2,0,1,1,1,1,3,14
PN-100627,30,ICE & RAIN PROTECTION,AIRBUS,A320-200,YOK,3290,1110,,770,5,0,0,1,0,0,1,3,10
PN-100628,35,OXYGEN,BOEING,737-800,VAR,4470,2470,770.0,1240,2,1,0,0,0,0,0,1,4
PN-100629,30,ICE & RAIN PROTECTION,BOEING,777-F,VAR,5110,2950,2790.0,5110,1,1,1,1,0,0,0,1,5
PN-100630,72,ENGINE,AIRBUS,A321neo,YOK,3650,2080,,940,1,0,0,1,0,0,0,1,3
PN-100631,29,HYDRAULIC POWER,BOEING,777-300ER,YOK,6270,2020,,2310,3,2,0,2,3,1,1,3,15
PN-100632,32,LANDING GEAR,AIRBUS,A320-200,YOK,2420,1350,,750,4,1,0,2,1,1,1,1,11
PN-100633,30,ICE & RAIN PROTECTION,AIRBUS,A319-100,YOK,16050,8460,,12770,2,1,0,0,0,0,0,1,4
PN-100634,25,EQUIPMENT / FURNISHINGS,BOEING,737-800,VAR,2300,620,490.0,620,6,1,0,0,1,0,1,5,14
PN-100635,56,WINDOWS,BOEING,737-900ER,YOK,1720,620,,980,0,0,0,1,0,0,0,0,1
PN-100636,27,FLIGHT CONTROLS,BOEING,737 MAX 8,VAR,170,90,50.0,70,11,6,4,4,3,2,1,1,32
PN-100637,28,FUEL,AIRBUS,A319-100,YOK,4390,2790,,1140,3,0,0,1,1,0,0,2,7
PN-100638,73,ENGINE FUEL AND CONTROL,BOEING,737-900ER,YOK,4460,1090,,890,2,2,0,0,0,2,2,3,11
PN-100639,79,OIL,AIRBUS,A321-200,YOK,24310,7270,,6170,2,1,0,1,0,0,0,1,5
PN-100640,56,WINDOWS,AIRBUS,A321-200,VAR,390,250,180.0,250,1,0,0,0,0,0,0,0,1
PN-100641,77,ENGINE INDICATING,AIRBUS,A320-200,YOK,2540,2080,,1400,3,0,0,0,0,1,0,1,5
PN-100642,76,ENGINE CONTROLS,BOEING,787-9,YOK,16580,11970,,3850,2,2,0,1,0,0,0,3,8
PN-100643,34,NAVIGATION,AIRBUS,A320-200,YOK,350,90,,50,6,1,0,1,0,1,0,3,12
PN-100644,73,ENGINE FUEL AND CONTROL,BOEING,737 MAX 8,VAR,890,390,190.0,270,4,0,1,1,0,0,0,1,7
PN-100645,29,HYDRAULIC POWER,AIRBUS,A350-900,YOK,1870,800,,540,1,0,0,0,0,0,0,0,1
PN-100646,32,LANDING GEAR,BOEING,737-800,VAR,34270,9180,3860.0,7670,2,0,0,0,0,0,0,1,3
PN-100647,35,OXYGEN,BOEING,737-800,YOK,3020,630,,240,12,3,0,3,2,1,0,2,23
PN-100648,79,OIL,BOEING,737 MAX 8,YOK,3080,1070,,830,1,0,0,1,0,0,0,0,2
PN-100649,76,ENGINE CONTROLS,AIRBUS,A320-200,YOK,4420,990,,640,6,3,0,2,1,1,2,6,21
PN-100650,34,NAVIGATION,AIRBUS,A319-100,YOK,4560,2570,,1600,1,1,0,1,0,0,0,0,3
PN-100651,52,DOORS,AIRBUS,A330-300,YOK,5150,4100,,2950,2,0,0,1,0,0,0,1,4
PN-100652,26,FIRE PROTECTION,AIRBUS,A321-200,VAR,880,330,150.0,260,2,0,1,2,0,0,0,1,6
PN-100653,73,ENGINE FUEL AND CONTROL,AIRBUS,A320-200,YOK,4540,1340,,730,1,0,0,1,0,1,0,1,4
PN-100654,36,PNEUMATIC,AIRBUS,A320-200,YOK,11120,3230,,2640,12,0,0,3,1,2,1,3,22
PN-100655,35,OXYGEN,AIRBUS,A321-200,YOK,9020,2900,,3280,2,0,0,1,0,0,0,1,4
PN-100656,72,ENGINE,AIRBUS,A320-200,VAR,150,70,50.0,70,5,3,4,3,0,1,0,2,18
PN-100657,52,DOORS,AIRBUS,A319-100,VAR,1160,320,140.0,220,1,0,0,0,0,1,0,1,3
PN-100658,22,AUTO FLIGHT,BOEING,777-300ER,YOK,6030,1940,,2160,3,1,0,1,0,2,2,2,11
PN-100659,28,FUEL,AIRBUS,A321-200,VAR,4600,1310,170.0,320,10,4,1,2,3,3,1,3,27
PN-100660,25,EQUIPMENT / FURNISHINGS,BOEING,787-9,VAR,15480,5240,1490.0,2640,1,1,1,0,0,0,0,1,4
PN-100661,72,ENGINE,BOEING,787-9,YOK,590,200,,100,27,9,0,9,0,0,2,9,56
PN-100662,21,AIR CONDITIONING,AIRBUS,A320-200,YOK,21170,5950,,5580,1,1,0,0,0,0,0,2,4
PN-100663,26,FIRE PROTECTION,BOEING,737-800,YOK,130,100,,50,2,1,0,1,1,0,0,2,7
PN-100664,49,AIRBORNE AUXILIARY POWER (APU),AIRBUS,A350-900,VAR,1870,950,190.0,320,4,0,1,1,1,1,1,4,13
PN-100665,71,POWER PLANT,BOEING,737-800,YOK,18570,7340,,5320,1,0,0,0,0,1,0,1,3
PN-100666,35,OXYGEN,AIRBUS,A320-200,YOK,1760,1200,,610,2,1,0,0,0,1,0,0,4
PN-100667,76,ENGINE CONTROLS,AIRBUS,A320-200,YOK,5870,3450,,1650,2,1,0,0,1,0,1,1,6
PN-100668,77,ENGINE INDICATING,AIRBUS,A320-200,VAR,2490,1250,160.0,230,1,1,0,0,0,0,0,1,3
PN-100669,24,ELECTRICAL POWER,AIRBUS,A350-900,YOK,2580,850,,770,6,1,0,2,0,0,1,1,11
PN-100670,79,OIL,BOEING,787-9,YOK,3590,1090,,670,3,1,0,2,0,1,0,1,8
PN-100671,49,AIRBORNE AUXILIARY POWER (APU),BOEING,737-800,YOK,8520,5030,,3220,3,1,0,2,0,0,1,1,8
PN-100672,52,DOORS,BOEING,737-800,YOK,550,100,,70,1,0,0,1,0,1,0,1,4
PN-100673,23,COMMUNICATIONS,BOEING,787-9,YOK,6350,1120,,550,2,0,0,1,1,0,0,1,5
PN-100674,52,DOORS,BOEING,737-800,YOK,1480,480,,130,1,0,0,0,0,1,0,1,3
PN-100675,71,POWER PLANT,AIRBUS,A319-100,VAR,2520,1120,1210.0,1850,4,0,0,0,0,0,1,3,8
PN-100676,49,AIRBORNE AUXILIARY POWER (APU),BOEING,737 MAX 8,YOK,2810,1340,,660,1,1,0,2,1,0,0,0,5
PN-100677,23,COMMUNICATIONS,AIRBUS,A321-200,YOK,1170,580,,620,10,5,0,9,8,7,6,11,56
PN-100678,35,OXYGEN,AIRBUS,A319-100,YOK,880,570,,270,1,0,0,0,0,0,0,0,1
PN-100679,79,OIL,AIRBUS,A330-200,YOK,2890,1750,,840,2,0,0,1,0,0,0,1,4
PN-100680,71,POWER PLANT,BOEING,777-300ER,YOK,4580,2550,,3750,2,1,0,1,0,0,0,1,5
PN-100681,24,ELECTRICAL POWER,AIRBUS,A320neo,YOK,10300,4280,,2880,9,3,0,19,1,1,1,17,51
PN-100682,79,OIL,AIRBUS,A330-200,YOK,2300,1380,,1970,0,0,0,1,0,0,0,1,2
PN-100683,79,OIL,AIRBUS,A320-200,YOK,1110,420,,260,3,1,0,1,1,1,0,3,10
PN-100684,25,EQUIPMENT / FURNISHINGS,AIRBUS,A319-100,YOK,3420,2230,,1110,2,1,0,1,1,0,0,1,6
PN-100685,73,ENGINE FUEL AND CONTROL,AIRBUS,A320-200,YOK,3400,1890,,1230,3,1,0,1,2,1,1,2,11
PN-100686,31,INDICATING / RECORDING SYSTEMS,BOEING,737-800,YOK,19080,3630,,1660,7,2,0,2,0,3,0,4,18
PN-100687,49,AIRBORNE AUXILIARY POWER (APU),BOEING,737 MAX 8,YOK,5100,2390,,1030,9,5,0,0,4,2,0,4,24
PN-100688,32,LANDING GEAR,AIRBUS,A320-200,VAR,4140,1970,590.0,750,2,0,1,1,1,1,0,1,7
PN-100689,73,ENGINE FUEL AND CONTROL,AIRBUS,A321-200,YOK,1350,850,,170,4,0,0,1,1,0,2,2,10
PN-100690,80,STARTING,AIRBUS,A320neo,YOK,5250,2510,,1560,0,0,0,1,0,0,0,0,1
PN-100691,73,ENGINE FUEL AND CONTROL,AIRBUS,A319-100,YOK,12830,4590,,2760,5,2,0,0,0,1,0,1,9
PN-100692,79,OIL,AIRBUS,A330-300,YOK,32020,10570,,9140,1,0,0,1,0,0,0,1,3
PN-100693,79,OIL,BOEING,737-800,VAR,4160,1670,560.0,1170,2,0,0,1,1,0,0,2,6
PN-100694,23,COMMUNICATIONS,BOEING,737-800,VAR,1810,880,130.0,210,1,0,0,0,0,0,0,0,1
PN-100695,27,FLIGHT CONTROLS,AIRBUS,A321-200,YOK,1370,880,,1100,2,0,0,1,2,2,1,3,11
PN-100696,71,POWER PLANT,AIRBUS,A330-300,YOK,83300,31470,,8040,1,0,0,1,0,0,0,0,2
PN-100697,49,AIRBORNE AUXILIARY POWER (APU),AIRBUS,A320-200,YOK,430,300,,70,4,0,0,2,0,1,0,2,9
PN-100698,22,AUTO FLIGHT,AIRBUS,A320-200,VAR,110,60,50.0,70,1,0,0,0,0,0,0,1,2
PN-100699,23,COMMUNICATIONS,BOEING,777-300ER,YOK,9570,3590,,7590,1,0,0,0,0,0,0,1,2
PN-100700,35,OXYGEN,BOEING,737-900ER,YOK,560,300,,150,3,1,0,2,1,1,1,1,10
PN-100701,52,DOORS,BOEING,777-300ER,YOK,380,110,,190,2,2,0,1,1,0,0,2,8
PN-100702,25,EQUIPMENT / FURNISHINGS,BOEING,777-300ER,YOK,560,220,,210,4,1,0,1,0,1,1,4,12
PN-100703,25,EQUIPMENT / FURNISHINGS,BOEING,737-800,YOK,830,160,,60,5,4,0,5,1,0,0,3,18
PN-100704,24,ELECTRICAL POWER,BOEING,777-300ER,VAR,33380,14850,8680.0,13450,1,1,0,1,0,0,0,1,4
PN-100705,36,PNEUMATIC,AIRBUS,A321neo,VAR,11830,6950,1320.0,2110,7,1,2,3,2,1,1,3,20
PN-100706,21,AIR CONDITIONING,AIRBUS,A319-100,YOK,2530,1450,,1600,1,0,0,1,0,0,0,0,2
PN-100707,36,PNEUMATIC,AIRBUS,A320-200,YOK,100,50,,50,2,1,0,3,1,0,0,3,10
PN-100708,34,NAVIGATION,AIRBUS,A320-200,VAR,1050,390,350.0,600,1,0,0,1,1,0,0,1,4
PN-100709,34,NAVIGATION,AIRBUS,A320-200,YOK,380,140,,60,0,1,0,1,0,0,0,1,3
PN-100710,56,WINDOWS,AIRBUS,A321-200,VAR,1320,650,530.0,930,3,0,0,1,1,0,0,1,6
PN-100711,35,OXYGEN,BOEING,737-800,VAR,5160,3390,3630.0,5160,3,1,0,2,1,1,0,1,9
PN-100712,71,POWER PLANT,BOEING,737-900ER,YOK,780,160,,90,7,1,0,1,2,0,5,1,17
PN-100713,72,ENGINE,AIRBUS,A330-300,YOK,117220,39580,,45260,2,5,0,1,1,1,1,3,14
PN-100714,77,ENGINE INDICATING,AIRBUS,A320-200,YOK,880,540,,440,3,0,0,1,0,0,1,2,7
PN-100715,73,ENGINE FUEL AND CONTROL,BOEING,737-800,VAR,520,270,90.0,120,3,1,1,2,1,3,1,1,13
PN-100716,35,OXYGEN,AIRBUS,A321-200,YOK,6440,3030,,2620,2,1,0,0,0,0,1,1,5
PN-100717,34,NAVIGATION,AIRBUS,A319-100,YOK,690,210,,250,4,1,0,3,0,1,0,2,11
PN-100718,27,FLIGHT CONTROLS,AIRBUS,A321-200,VAR,5320,1210,530.0,1080,3,2,1,1,0,0,0,2,9
PN-100719,49,AIRBORNE AUXILIARY POWER (APU),AIRBUS,A321-200,YOK,100,50,,60,6,3,0,3,2,2,0,1,17
PN-100720,24,ELECTRICAL POWER,AIRBUS,A320neo,YOK,1880,790,,460,0,1,0,0,0,0,0,1,2
PN-100721,79,OIL,BOEING,737 MAX 8,VAR,4460,790,180.0,250,3,0,1,0,0,0,0,2,6
PN-100722,74,IGNITION,BOEING,737-800,YOK,17050,4120,,2770,1,0,0,0,0,0,0,0,1
PN-100723,24,ELECTRICAL POWER,BOEING,737-800,VAR,3790,2550,300.0,650,4,0,2,0,1,1,1,1,10
PN-100724,73,ENGINE FUEL AND CONTROL,AIRBUS,A320-200,YOK,8350,4270,,5480,17,2,0,6,0,2,1,8,36
PN-100725,24,ELECTRICAL POWER,BOEING,737-900ER,YOK,4240,3270,,3790,1,1,0,1,0,0,1,1,5
PN-100726,71,POWER PLANT,BOEING,737-800,YOK,1110,780,,690,2,0,0,1,2,0,0,3,8
PN-100727,23,COMMUNICATIONS,AIRBUS,A320neo,YOK,3500,2370,,1920,5,0,0,2,0,0,1,2,10
PN-100728,34,NAVIGATION,BOEING,737-800,VAR,2040,970,780.0,1070,1,0,0,0,0,0,0,0,1
PN-100729,56,WINDOWS,AIRBUS,A321neo,VAR,3640,1690,810.0,1500,0,1,1,0,0,0,0,0,2
PN-100730,71,POWER PLANT,AIRBUS,A321neo,YOK,3280,1500,,720,3,1,0,2,1,1,0,2,10
PN-100731,31,INDICATING / RECORDING SYSTEMS,AIRBUS,A320-200,YOK,49320,31790,,13980,1,0,0,0,0,0,0,0,1
PN-100732,77,ENGINE INDICATING,AIRBUS,A330-200,YOK,840,190,,50,1,0,0,0,0,0,0,1,2
PN-100733,73,ENGINE FUEL AND CONTROL,AIRBUS,A320-200,YOK,6840,2540,,2020,11,1,0,1,0,2,5,2,22
PN-100734,26,FIRE PROTECTION,AIRBUS,A320-200,YOK,11880,8210,,6070,3,3,0,1,0,0,1,1,9
PN-100735,56,WINDOWS,AIRBUS,A320-200,YOK,43910,24370,,5680,2,0,0,0,1,0,1,1,5
PN-100736,71,POWER PLANT,BOEING,777-F,VAR,120,70,50.0,70,5,2,0,1,1,0,0,7,16
PN-100737,29,HYDRAULIC POWER,AIRBUS,A321-200,VAR,6200,3200,930.0,1400,2,1,1,1,0,1,1,4,11
PN-100738,72,ENGINE,AIRBUS,A321-200,YOK,1250,480,,420,6,1,0,8,1,0,0,3,19
PN-100739,77,ENGINE INDICATING,AIRBUS,A321-200,YOK,6430,3520,,2200,1,1,0,1,0,0,0,1,4
PN-100740,74,IGNITION,BOEING,777-300ER,VAR,1560,1050,190.0,310,1,0,0,1,0,1,0,2,5
PN-100741,72,ENGINE,AIRBUS,A330-300,YOK,1640,1330,,1640,3,0,0,3,0,0,0,1,7
PN-100742,52,DOORS,BOEING,777-300ER,YOK,3520,1990,,970,7,1,0,0,0,1,1,4,14
PN-100743,28,FUEL,AIRBUS,A321-200,YOK,3040,630,,790,7,3,0,3,1,1,4,7,26
PN-100744,73,ENGINE FUEL AND CONTROL,AIRBUS,A320-200,YOK,4970,2470,,4630,8,2,0,6,4,0,0,8,28
PN-100745,30,ICE & RAIN PROTECTION,AIRBUS,A330-300,VAR,1010,230,60.0,120,2,0,1,0,0,0,0,1,4
PN-100746,35,OXYGEN,AIRBUS,A321-200,YOK,140,50,,70,1,0,0,1,0,0,0,0,2
PN-100747,29,HYDRAULIC POWER,BOEING,737-900ER,YOK,2720,420,,310,9,5,0,4,1,4,0,5,28
PN-100748,29,HYDRAULIC POWER,BOEING,737 MAX 8,YOK,4990,2250,,1100,7,1,0,1,1,2,1,1,14
PN-100749,25,EQUIPMENT / FURNISHINGS,AIRBUS,A321neo,YOK,4880,2530,,2150,2,1,0,1,1,0,0,1,6
PN-100750,79,OIL,BOEING,787-9,YOK,7600,3050,,1510,0,0,0,2,0,1,0,1,4
PN-100751,24,ELECTRICAL POWER,AIRBUS,A330-300,YOK,6410,1100,,700,5,1,0,1,0,2,2,1,12
PN-100752,23,COMMUNICATIONS,AIRBUS,A320neo,YOK,4290,3370,,2030,1,0,0,1,0,0,0,0,2
PN-100753,79,OIL,AIRBUS,A321neo,YOK,440,90,,50,3,1,0,4,2,0,0,2,12
PN-100754,36,PNEUMATIC,AIRBUS,A319-100,VAR,6770,2900,900.0,1590,3,1,2,1,6,0,1,4,18
PN-100755,32,LANDING GEAR,BOEING,737-900ER,VAR,1520,620,130.0,270,18,1,3,2,3,2,0,16,45
PN-100756,72,ENGINE,AIRBUS,A320-200,YOK,1210,560,,450,8,1,0,2,6,3,1,1,22
PN-100757,30,ICE & RAIN PROTECTION,AIRBUS,A321-200,VAR,2130,1220,790.0,1150,1,0,0,0,0,0,0,0,1
PN-100758,24,ELECTRICAL POWER,AIRBUS,A330-300,VAR,100,70,50.0,50,3,0,1,1,1,2,0,2,10
PN-100759,71,POWER PLANT,AIRBUS,A319-100,YOK,3390,620,,640,10,1,0,8,1,5,1,25,51
PN-100760,25,EQUIPMENT / FURNISHINGS,AIRBUS,A320-200,YOK,8420,3340,,2270,1,1,0,0,0,0,0,0,2
PN-100761,36,PNEUMATIC,BOEING,737-800,VAR,2980,1270,1220.0,2210,2,1,0,1,1,0,0,0,5
PN-100762,79,OIL,AIRBUS,A320-200,YOK,4480,2210,,1530,5,1,0,11,0,2,1,4,24
PN-100763,79,OIL,AIRBUS,A321neo,YOK,2020,1150,,2020,6,0,0,2,0,1,1,2,12
PN-100764,30,ICE & RAIN PROTECTION,AIRBUS,A321-200,YOK,3540,980,,960,17,7,0,9,2,3,1,9,48
PN-100765,73,ENGINE FUEL AND CONTROL,AIRBUS,A320neo,YOK,7570,1750,,1200,2,1,0,0,0,0,0,1,4
PN-100766,49,AIRBORNE AUXILIARY POWER (APU),AIRBUS,A320-200,VAR,7450,2640,680.0,1320,1,0,0,0,0,0,1,1,3
PN-100767,34,NAVIGATION,BOEING,737-900ER,YOK,5140,2970,,1730,7,1,0,4,2,1,2,3,20
PN-100768,24,ELECTRICAL POWER,BOEING,777-F,VAR,2670,630,260.0,400,1,1,0,0,0,0,0,1,3
PN-100769,30,ICE & RAIN PROTECTION,AIRBUS,A320-200,VAR,6430,2360,730.0,1220,2,0,1,0,1,0,0,0,4
PN-100770,52,DOORS,BOEING,777-F,YOK,4440,3140,,2370,1,0,0,0,1,1,0,1,4
PN-100771,80,STARTING,AIRBUS,A330-300,YOK,3700,2800,,970,11,1,0,2,1,0,2,0,17
PN-100772,21,AIR CONDITIONING,BOEING,737-800,YOK,3190,1510,,920,4,1,0,2,2,1,1,2,13
PN-100773,71,POWER PLANT,BOEING,737-800,YOK,4320,2180,,920,6,1,0,1,1,0,0,2,11
PN-100774,76,ENGINE CONTROLS,BOEING,737-800,YOK,1770,150,,50,2,0,0,1,0,0,0,1,4
PN-100775,79,OIL,BOEING,737 MAX 8,YOK,5870,2620,,2880,7,2,0,4,1,1,2,3,20
PN-100776,32,LANDING GEAR,AIRBUS,A321neo,VAR,6380,2460,2440.0,3550,181,5,10,8,5,26,17,48,300
PN-100777,24,ELECTRICAL POWER,AIRBUS,A330-200,YOK,4590,1940,,1990,3,2,0,1,1,1,0,7,15
PN-100778,28,FUEL,AIRBUS,A321-200,YOK,2920,900,,560,3,0,0,2,1,0,0,1,7
PN-100779,76,ENGINE CONTROLS,AIRBUS,A320-200,YOK,14240,4710,,1590,1,0,0,1,0,0,0,0,2
PN-100780,76,ENGINE CONTROLS,BOEING,737-800,YOK,850,510,,740,1,1,0,1,0,0,0,0,3
PN-100781,52,DOORS,AIRBUS,A319-100,YOK,1530,570,,780,2,1,0,0,1,0,0,0,4
PN-100782,24,ELECTRICAL POWER,AIRBUS,A320neo,VAR,5620,1870,2480.0,3960,1,1,1,1,0,0,0,1,5
PN-100783,24,ELECTRICAL POWER,AIRBUS,A320-200,YOK,10720,5570,,4730,3,1,0,1,0,1,0,2,8
PN-100784,34,NAVIGATION,AIRBUS,A320neo,VAR,15610,7520,4210.0,6240,16,1,0,0,3,4,0,9,33
PN-100785,49,AIRBORNE AUXILIARY POWER (APU),AIRBUS,A350-900,YOK,1540,510,,190,12,1,0,4,2,0,1,5,25
PN-100786,21,AIR CONDITIONING,AIRBUS,A350-900,VAR,170,70,80.0,110,2,1,1,0,0,0,1,1,6
PN-100787,56,WINDOWS,AIRBUS,A321neo,VAR,940,270,50.0,100,0,0,0,0,0,0,0,1,1
PN-100788,36,PNEUMATIC,AIRBUS,A320-200,YOK,2380,900,,250,5,3,0,2,0,1,3,3,17
PN-100789,21,AIR CONDITIONING,AIRBUS,A321neo,VAR,2800,1370,490.0,920,2,1,1,0,0,0,1,2,7
PN-100790,23,COMMUNICATIONS,AIRBUS,A321-200,VAR,46280,19340,2480.0,3670,1,0,0,0,0,0,0,0,1
PN-100791,32,LANDING GEAR,BOEING,737-800,VAR,1440,620,270.0,420,8,3,2,1,1,3,0,2,20
PN-100792,71,POWER PLANT,AIRBUS,A330-300,VAR,1340,460,160.0,210,5,5,1,0,1,1,0,6,19
PN-100793,74,IGNITION,AIRBUS,A330-200,YOK,740,250,,60,1,0,0,0,0,0,0,0,1
PN-100794,32,LANDING GEAR,AIRBUS,A321neo,VAR,890,480,150.0,230,1,1,0,0,1,0,0,2,5
PN-100795,28,FUEL,BOEING,787-9,YOK,2040,1400,,690,4,0,0,0,0,1,0,1,6
PN-100796,80,STARTING,BOEING,737-800,YOK,860,210,,170,3,1,0,3,1,1,1,3,13
PN-100797,32,LANDING GEAR,AIRBUS,A330-200,YOK,9920,5790,,3720,2,1,0,1,0,1,0,1,6
PN-100798,29,HYDRAULIC POWER,AIRBUS,A321neo,VAR,10710,2650,1690.0,2850,1,0,1,0,0,1,0,1,4
PN-100799,32,LANDING GEAR,AIRBUS,A319-100,YOK,2820,1940,,1840,7,1,0,4,3,1,0,4,20
PN-100800,21,AIR CONDITIONING,BOEING,777-F,YOK,12950,5610,,5770,2,0,0,1,0,0,1,1,5
PN-100801,28,FUEL,AIRBUS,A321-200,YOK,23780,10920,,9300,3,1,0,3,0,1,1,2,11
PN-100802,35,OXYGEN,AIRBUS,A320neo,YOK,2190,1310,,910,1,0,0,0,0,0,0,0,1
PN-100803,77,ENGINE INDICATING,BOEING,787-9,YOK,3240,630,,520,1,0,0,0,0,0,0,1,2
PN-100804,72,ENGINE,BOEING,737-800,VAR,30630,14460,10240.0,20180,5,4,1,1,1,1,1,9,23
PN-100805,73,ENGINE FUEL AND CONTROL,AIRBUS,A319-100,YOK,12460,2900,,2370,3,0,0,4,0,0,0,3,10
PN-100806,36,PNEUMATIC,AIRBUS,A320-200,YOK,980,330,,100,6,1,0,3,0,1,0,1,12
PN-100807,23,COMMUNICATIONS,AIRBUS,A319-100,VAR,7040,1650,460.0,740,1,1,0,0,0,0,0,1,3
PN-100808,31,INDICATING / RECORDING SYSTEMS,AIRBUS,A330-300,VAR,2950,580,390.0,610,2,0,0,0,0,0,0,1,3
PN-100809,80,STARTING,AIRBUS,A320-200,VAR,130,70,70.0,90,7,1,2,1,0,5,1,6,23
PN-100810,22,AUTO FLIGHT,BOEING,777-300ER,YOK,320,120,,90,1,0,0,0,0,0,0,0,1
PN-100811,76,ENGINE CONTROLS,BOEING,777-300ER,YOK,7500,1330,,1970,8,1,0,1,1,2,1,4,18
PN-100812,56,WINDOWS,AIRBUS,A330-300,VAR,1210,460,200.0,380,4,2,1,1,1,0,0,3,12
PN-100813,28,FUEL,AIRBUS,A350-900,YOK,390,230,,290,6,0,0,5,1,0,0,2,14
PN-100814,73,ENGINE FUEL AND CONTROL,AIRBUS,A321-200,YOK,560,330,,450,2,0,0,0,1,0,0,1,4
PN-100815,74,IGNITION,AIRBUS,A320-200,YOK,2700,1650,,2070,1,0,0,1,0,0,0,0,2
PN-100816,22,AUTO FLIGHT,BOEING,737-800,YOK,4750,2480,,1410,2,1,0,0,0,0,0,2,5
PN-100817,23,COMMUNICATIONS,AIRBUS,A320-200,VAR,21040,13200,4330.0,7180,1,0,0,1,0,0,0,0,2
PN-100818,56,WINDOWS,AIRBUS,A320-200,VAR,3030,1730,1690.0,2400,1,0,0,1,0,0,0,0,2
PN-100819,80,STARTING,AIRBUS,A321-200,YOK,340,110,,100,5,3,0,1,0,0,1,2,12
PN-100820,21,AIR CONDITIONING,AIRBUS,A319-100,VAR,14090,8560,3140.0,4700,5,1,0,1,2,0,1,3,13
PN-100821,56,WINDOWS,AIRBUS,A321neo,YOK,29270,13780,,5560,0,0,0,1,0,0,0,0,1
PN-100822,24,ELECTRICAL POWER,BOEING,737-800,VAR,15190,4040,1280.0,1860,4,1,5,1,0,0,1,3,15
PN-100823,52,DOORS,BOEING,737-900ER,YOK,2380,1450,,2380,3,0,0,1,1,0,0,2,7
PN-100824,52,DOORS,AIRBUS,A350-900,YOK,19070,14170,,19070,5,1,0,4,1,1,3,2,17
PN-100825,23,COMMUNICATIONS,BOEING,737 MAX 8,YOK,1570,430,,160,2,0,0,1,1,1,1,3,9
PN-100826,56,WINDOWS,AIRBUS,A321neo,YOK,4120,2630,,740,1,1,0,2,3,1,0,2,10
PN-100827,77,ENGINE INDICATING,BOEING,737 MAX 8,YOK,470,220,,90,3,1,0,1,1,0,0,3,9
PN-100828,76,ENGINE CONTROLS,AIRBUS,A330-200,YOK,1820,820,,920,5,1,0,3,1,0,1,3,14
PN-100829,21,AIR CONDITIONING,AIRBUS,A320neo,VAR,660,310,240.0,350,1,1,0,0,0,0,0,0,2
PN-100830,27,FLIGHT CONTROLS,BOEING,777-F,YOK,8630,4190,,1710,3,1,0,2,0,0,0,1,7
PN-100831,27,FLIGHT CONTROLS,AIRBUS,A320neo,YOK,6340,1160,,620,3,1,0,1,1,0,0,1,7
PN-100832,32,LANDING GEAR,AIRBUS,A319-100,YOK,1360,850,,470,5,1,0,1,1,0,0,0,8
PN-100833,24,ELECTRICAL POWER,AIRBUS,A320neo,VAR,900,430,110.0,170,4,2,0,1,0,1,1,3,12
PN-100834,76,ENGINE CONTROLS,AIRBUS,A321-200,VAR,2130,1110,810.0,1170,5,1,0,1,0,0,1,2,10
PN-100835,73,ENGINE FUEL AND CONTROL,AIRBUS,A321-200,VAR,1320,530,160.0,290,6,2,1,0,0,0,1,2,12
PN-100836,74,IGNITION,AIRBUS,A330-200,VAR,16620,4970,1060.0,1440,2,0,1,0,0,0,0,1,4
PN-100837,26,FIRE PROTECTION,BOEING,777-300ER,YOK,7380,1630,,990,0,0,0,1,0,0,0,1,2
PN-100838,21,AIR CONDITIONING,AIRBUS,A321-200,VAR,660,450,140.0,280,12,0,0,1,2,0,1,4,20
PN-100839,77,ENGINE INDICATING,AIRBUS,A330-200,YOK,3300,1710,,1130,3,1,0,1,1,0,0,2,8
PN-100840,28,FUEL,AIRBUS,A321-200,VAR,4240,1110,450.0,630,1,0,0,0,1,0,0,1,3
PN-100841,56,WINDOWS,BOEING,737 MAX 8,YOK,860,550,,120,1,1,0,0,0,0,0,1,3
PN-100842,77,ENGINE INDICATING,AIRBUS,A320-200,VAR,100,50,50.0,50,1,0,0,0,0,0,0,0,1
PN-100843,21,AIR CONDITIONING,AIRBUS,A320-200,VAR,9070,3820,1170.0,1700,3,1,1,0,1,0,0,2,8
PN-100844,21,AIR CONDITIONING,AIRBUS,A330-200,YOK,280,50,,50,2,1,0,1,1,0,1,0,6
PN-100845,21,AIR CONDITIONING,BOEING,737-800,YOK,8170,3900,,810,1,0,0,1,0,0,0,2,4
PN-100846,25,EQUIPMENT / FURNISHINGS,BOEING,737-900ER,VAR,2260,1040,180.0,300,8,1,0,2,1,0,3,3,18
PN-100847,22,AUTO FLIGHT,AIRBUS,A330-300,VAR,410,250,100.0,120,1,0,0,0,0,0,0,1,2
PN-100848,74,IGNITION,BOEING,737-900ER,YOK,6840,3490,,2960,4,0,0,1,1,0,0,2,8
PN-100849,49,AIRBORNE AUXILIARY POWER (APU),AIRBUS,A321-200,YOK,10900,4680,,3050,21,13,0,2,2,0,10,10,58
PN-100850,80,STARTING,AIRBUS,A319-100,VAR,360,120,70.0,120,8,1,2,2,1,1,1,2,18
PN-100851,73,ENGINE FUEL AND CONTROL,AIRBUS,A320-200,YOK,3020,1630,,770,3,0,0,0,1,1,1,2,8
PN-100852,80,STARTING,AIRBUS,A319-100,YOK,2770,1770,,180,1,0,0,1,0,0,0,0,2
PN-100853,27,FLIGHT CONTROLS,AIRBUS,A321-200,YOK,460,90,,110,1,0,0,0,0,0,0,1,2
PN-100854,28,FUEL,AIRBUS,A330-200,YOK,700,120,,110,1,0,0,2,1,0,0,1,5
PN-100855,76,ENGINE CONTROLS,AIRBUS,A321-200,YOK,3530,1390,,1630,1,0,0,1,0,0,0,1,3
PN-100856,27,FLIGHT CONTROLS,AIRBUS,A330-300,VAR,4250,1990,1800.0,2760,1,1,1,0,0,0,0,1,4
PN-100857,22,AUTO FLIGHT,AIRBUS,A321neo,VAR,3080,1980,2290.0,3080,2,0,0,0,0,1,0,1,4
PN-100858,56,WINDOWS,BOEING,737-800,VAR,1010,380,100.0,200,1,1,0,0,0,0,0,1,3
PN-100859,73,ENGINE FUEL AND CONTROL,BOEING,737-800,YOK,12790,3560,,900,5,1,0,1,0,0,1,5,13
PN-100860,80,STARTING,AIRBUS,A321-200,YOK,3640,600,,630,1,0,0,0,0,0,0,1,2
PN-100861,79,OIL,AIRBUS,A321-200,VAR,6120,1570,980.0,1850,2,0,0,0,1,0,0,1,4
PN-100862,24,ELECTRICAL POWER,AIRBUS,A330-300,YOK,9750,3830,,5720,3,0,0,1,1,0,1,1,7
PN-100863,73,ENGINE FUEL AND CONTROL,AIRBUS,A330-300,YOK,890,170,,90,2,1,0,2,0,0,1,1,7
PN-100864,74,IGNITION,AIRBUS,A321-200,YOK,16730,5270,,3750,10,5,0,3,1,0,1,3,23
PN-100865,71,POWER PLANT,AIRBUS,A321-200,YOK,3520,1620,,2170,2,1,0,2,2,0,0,2,9
PN-100866,74,IGNITION,BOEING,737-800,YOK,200,80,,50,0,0,0,0,0,0,0,1,1
PN-100867,74,IGNITION,BOEING,737-800,YOK,170,70,,80,2,1,0,2,0,0,0,1,6
PN-100868,32,LANDING GEAR,AIRBUS,A320-200,YOK,1540,340,,100,3,1,0,4,3,1,1,4,17
PN-100869,22,AUTO FLIGHT,AIRBUS,A321neo,VAR,1480,830,170.0,330,2,0,0,0,1,0,1,1,5
PN-100870,32,LANDING GEAR,BOEING,777-300ER,YOK,7190,4380,,1930,1,1,0,1,0,0,0,0,3
PN-100871,26,FIRE PROTECTION,AIRBUS,A319-100,VAR,4170,2460,740.0,1250,8,0,3,2,2,1,0,2,18
PN-100872,23,COMMUNICATIONS,BOEING,737 MAX 8,VAR,100,50,50.0,50,1,0,0,0,0,0,0,1,2
PN-100873,24,ELECTRICAL POWER,AIRBUS,A320-200,VAR,8960,1980,520.0,740,6,2,1,1,1,1,0,3,15
PN-100874,71,POWER PLANT,AIRBUS,A330-200,YOK,870,320,,240,4,1,0,2,0,1,0,1,9
PN-100875,35,OXYGEN,AIRBUS,A321neo,YOK,1370,720,,520,2,0,0,2,1,0,1,0,6
PN-100876,36,PNEUMATIC,AIRBUS,A319-100,YOK,5190,1070,,350,4,5,0,8,1,1,4,1,24
PN-100877,72,ENGINE,BOEING,777-300ER,YOK,190,70,,50,8,0,0,3,1,0,0,8,20
PN-100878,36,PNEUMATIC,AIRBUS,A321neo,YOK,6070,2400,,2400,1,0,0,0,0,0,1,1,3
PN-100879,52,DOORS,BOEING,777-F,YOK,23010,11700,,5210,3,1,0,3,1,0,2,2,12
PN-100880,23,COMMUNICATIONS,AIRBUS,A321-200,YOK,1830,790,,510,1,0,0,0,0,0,0,2,3
PN-100881,76,ENGINE CONTROLS,BOEING,737 MAX 8,YOK,760,390,,140,2,0,0,2,2,0,0,1,7
PN-100882,32,LANDING GEAR,BOEING,777-300ER,VAR,1820,360,130.0,220,1,0,1,0,0,0,0,1,3
PN-100883,25,EQUIPMENT / FURNISHINGS,AIRBUS,A330-300,VAR,540,200,70.0,110,1,0,0,0,0,0,0,1,2
PN-100884,74,IGNITION,AIRBUS,A320neo,YOK,1620,710,,420,2,1,0,1,0,0,0,1,5
PN-100885,72,ENGINE,BOEING,737-800,YOK,5540,2730,,2290,4,1,0,4,0,1,3,3,16
PN-100886,22,AUTO FLIGHT,AIRBUS,A330-300,YOK,1440,430,,430,0,0,0,0,0,0,0,1,1
PN-100887,26,FIRE PROTECTION,BOEING,777-F,VAR,1130,440,80.0,150,3,1,1,0,0,0,0,1,6
PN-100888,21,AIR CONDITIONING,AIRBUS,A321neo,YOK,530,360,,200,1,0,0,1,0,0,0,2,4
PN-100889,28,FUEL,AIRBUS,A320neo,YOK,4440,1790,,500,11,2,0,2,2,1,0,3,21
PN-100890,23,COMMUNICATIONS,AIRBUS,A320-200,VAR,4920,3220,1880.0,2880,2,1,0,0,0,0,0,1,4
PN-100891,71,POWER PLANT,BOEING,737-800,YOK,2390,1110,,360,1,0,0,1,0,0,0,1,3
PN-100892,35,OXYGEN,BOEING,787-9,YOK,560,150,,110,2,0,0,1,0,0,0,1,4
PN-100893,80,STARTING,AIRBUS,A319-100,YOK,4480,2560,,480,2,0,0,0,1,0,0,0,3
PN-100894,72,ENGINE,BOEING,737-800,YOK,2630,880,,380,18,1,0,6,2,2,1,7,37
PN-100895,49,AIRBORNE AUXILIARY POWER (APU),BOEING,777-300ER,YOK,310,180,,130,3,1,0,1,0,1,1,1,8
PN-100896,35,OXYGEN,AIRBUS,A320-200,YOK,2320,910,,490,1,0,0,1,0,0,0,1,3
PN-100897,22,AUTO FLIGHT,AIRBUS,A320-200,VAR,2150,790,100.0,150,4,1,0,1,1,0,1,2,10
PN-100898,22,AUTO FLIGHT,BOEING,737-800,YOK,720,230,,340,1,0,0,0,0,0,0,1,2
PN-100899,52,DOORS,BOEING,737-800,VAR,590,330,140.0,170,1,0,0,0,0,0,0,0,1
PN-100900,21,AIR CONDITIONING,AIRBUS,A320-200,VAR,19100,8530,8560.0,13940,3,3,0,1,1,1,0,2,11
PN-100901,22,AUTO FLIGHT,BOEING,737 MAX 8,YOK,2690,940,,880,1,0,0,1,0,0,0,0,2
PN-100902,26,FIRE PROTECTION,AIRBUS,A330-200,YOK,750,260,,410,1,0,0,0,0,0,0,0,1
PN-100903,76,ENGINE CONTROLS,BOEING,777-300ER,YOK,1540,490,,130,4,3,0,2,0,1,0,3,13
PN-100904,32,LANDING GEAR,BOEING,737 MAX 8,YOK,7600,4530,,3280,9,4,0,0,0,1,1,2,17
PN-100905,71,POWER PLANT,BOEING,737 MAX 8,VAR,2960,790,1010.0,1420,1,0,0,0,0,0,0,1,2
PN-100906,31,INDICATING / RECORDING SYSTEMS,AIRBUS,A330-200,VAR,5470,3540,1010.0,1940,1,0,0,0,0,0,1,1,3
PN-100907,25,EQUIPMENT / FURNISHINGS,AIRBUS,A320neo,YOK,14850,9380,,9960,1,0,0,0,1,0,0,0,2
PN-100908,30,ICE & RAIN PROTECTION,AIRBUS,A330-200,VAR,2870,1400,1360.0,1760,12,0,2,3,2,2,2,3,26
PN-100909,23,COMMUNICATIONS,AIRBUS,A320-200,VAR,1680,1140,890.0,1450,3,1,2,1,2,0,1,2,12
PN-100910,73,ENGINE FUEL AND CONTROL,BOEING,737-800,YOK,8690,4250,,970,3,1,0,0,1,0,1,0,6
PN-100911,25,EQUIPMENT / FURNISHINGS,AIRBUS,A320-200,YOK,130,60,,80,4,1,0,1,0,0,0,1,7
PN-100912,30,ICE & RAIN PROTECTION,AIRBUS,A330-200,YOK,600,50,,50,1,0,0,1,0,0,0,0,2
PN-100913,80,STARTING,AIRBUS,A319-100,VAR,2990,740,120.0,200,1,0,0,0,1,1,0,1,4
PN-100914,49,AIRBORNE AUXILIARY POWER (APU),AIRBUS,A321-200,YOK,5650,1660,,3100,6,0,0,2,0,0,0,1,9
PN-100915,32,LANDING GEAR,AIRBUS,A320neo,YOK,53580,16520,,3900,5,2,0,3,0,1,1,4,16
PN-100916,36,PNEUMATIC,AIRBUS,A350-900,YOK,140,80,,80,2,1,0,2,0,0,0,0,5
PN-100917,73,ENGINE FUEL AND CONTROL,BOEING,737-900ER,YOK,2840,590,,870,3,1,0,1,1,1,0,3,10
PN-100918,27,FLIGHT CONTROLS,AIRBUS,A319-100,YOK,190,130,,80,2,1,0,1,1,1,1,1,8
PN-100919,52,DOORS,BOEING,737 MAX 8,YOK,500,360,,310,1,1,0,1,0,0,0,1,4
PN-100920,76,ENGINE CONTROLS,BOEING,737 MAX 8,YOK,19350,8430,,7270,3,1,0,0,0,0,0,1,5
PN-100921,36,PNEUMATIC,AIRBUS,A321-200,VAR,3050,840,150.0,220,1,1,0,0,1,0,0,1,4
PN-100922,32,LANDING GEAR,BOEING,737-800,YOK,42590,21550,,8930,3,0,0,3,1,2,0,4,13
PN-100923,24,ELECTRICAL POWER,AIRBUS,A321neo,VAR,37920,18330,10630.0,13000,3,1,1,2,1,1,1,2,12
PN-100924,27,FLIGHT CONTROLS,AIRBUS,A320-200,YOK,1440,320,,190,4,0,0,0,1,1,0,3,9
PN-100925,79,OIL,AIRBUS,A330-200,VAR,1000,480,160.0,250,1,0,0,0,0,0,0,1,2
PN-100926,36,PNEUMATIC,AIRBUS,A320-200,VAR,1440,430,280.0,570,1,0,1,0,0,0,0,0,2
PN-100927,28,FUEL,BOEING,737 MAX 8,YOK,3650,1760,,1330,4,2,0,0,1,1,0,2,10
PN-100928,31,INDICATING / RECORDING SYSTEMS,BOEING,777-300ER,YOK,410,240,,90,5,1,0,3,2,0,1,10,22
PN-100929,49,AIRBORNE AUXILIARY POWER (APU),BOEING,737 MAX 8,YOK,25980,11370,,16330,5,1,0,1,1,0,0,1,9
PN-100930,35,OXYGEN,AIRBUS,A330-300,YOK,2520,1760,,1840,1,0,0,0,0,0,1,1,3
PN-100931,71,POWER PLANT,AIRBUS,A330-300,VAR,3440,1380,910.0,1820,3,1,1,1,0,0,1,2,9
PN-100932,27,FLIGHT CONTROLS,BOEING,787-9,YOK,2800,2380,,2500,1,1,0,1,0,0,0,0,3
PN-100933,52,DOORS,AIRBUS,A320neo,YOK,760,300,,100,9,1,0,2,0,1,0,1,14
PN-100934,32,LANDING GEAR,AIRBUS,A320-200,YOK,1930,660,,470,5,1,0,2,0,1,1,2,12
PN-100935,79,OIL,AIRBUS,A330-300,YOK,78320,39020,,25130,2,0,0,1,0,0,0,1,4
PN-100936,25,EQUIPMENT / FURNISHINGS,AIRBUS,A321-200,YOK,2660,890,,430,1,0,0,1,0,0,0,2,4
PN-100937,24,ELECTRICAL POWER,AIRBUS,A321-200,YOK,18010,11540,,6360,2,0,0,2,0,0,0,1,5
PN-100938,34,NAVIGATION,AIRBUS,A319-100,YOK,1330,700,,740,4,4,0,2,1,1,0,10,22
PN-100939,35,OXYGEN,AIRBUS,A330-300,YOK,100,50,,50,1,0,0,1,0,0,0,1,3
PN-100940,56,WINDOWS,AIRBUS,A320neo,YOK,9510,8030,,5800,2,0,0,1,0,0,0,1,4
PN-100941,31,INDICATING / RECORDING SYSTEMS,AIRBUS,A320-200,YOK,1040,480,,200,5,0,0,1,0,0,1,3,10
PN-100942,77,ENGINE INDICATING,AIRBUS,A319-100,YOK,910,330,,190,1,0,0,1,0,0,0,1,3
PN-100943,34,NAVIGATION,AIRBUS,A321-200,YOK,630,150,,150,4,0,0,1,0,1,0,2,8
PN-100944,24,ELECTRICAL POWER,BOEING,737 MAX 8,YOK,660,410,,500,3,1,0,2,1,1,1,1,10
PN-100945,24,ELECTRICAL POWER,AIRBUS,A321-200,VAR,1610,680,480.0,810,1,0,0,0,0,0,0,1,2
PN-100946,80,STARTING,BOEING,737-800,YOK,3980,2020,,370,4,0,0,0,1,1,0,2,8
PN-100947,24,ELECTRICAL POWER,BOEING,737-800,YOK,5550,1720,,1060,3,1,0,1,0,0,1,2,8
PN-100948,79,OIL,AIRBUS,A321-200,YOK,17110,3470,,5150,2,0,0,1,1,1,0,2,7
PN-100949,28,FUEL,BOEING,737 MAX 8,VAR,180,130,100.0,170,3,1,0,0,0,1,1,1,7
PN-100950,23,COMMUNICATIONS,BOEING,737-800,YOK,2820,1210,,1370,3,1,0,0,0,1,0,2,7
PN-100951,28,FUEL,AIRBUS,A330-300,VAR,3610,1840,410.0,640,6,1,5,0,1,1,0,8,22
PN-100952,49,AIRBORNE AUXILIARY POWER (APU),AIRBUS,A319-100,YOK,3060,1540,,590,1,0,0,1,0,1,0,0,3
PN-100953,32,LANDING GEAR,AIRBUS,A319-100,VAR,8450,6370,2630.0,3990,4,2,0,0,0,0,0,2,8
PN-100954,73,ENGINE FUEL AND CONTROL,BOEING,787-9,YOK,3510,1260,,490,5,1,0,4,1,0,1,3,15
PN-100955,49,AIRBORNE AUXILIARY POWER (APU),BOEING,737-900ER,YOK,23550,7900,,3450,7,0,0,1,1,1,1,2,13
PN-100956,31,INDICATING / RECORDING SYSTEMS,BOEING,777-300ER,YOK,2410,800,,1050,4,1,0,1,1,0,1,1,9
PN-100957,52,DOORS,BOEING,777-300ER,VAR,1360,500,160.0,310,19,4,11,3,0,5,0,11,53
PN-100958,80,STARTING,AIRBUS,A319-100,YOK,14750,8480,,5550,5,1,0,3,0,2,0,1,12
PN-100959,31,INDICATING / RECORDING SYSTEMS,BOEING,737-900ER,YOK,38910,6930,,4530,7,1,0,1,1,1,1,4,16
PN-100960,24,ELECTRICAL POWER,AIRBUS,A321neo,VAR,1170,430,410.0,770,2,1,1,0,0,0,0,2,6
PN-100961,31,INDICATING / RECORDING SYSTEMS,BOEING,737-900ER,VAR,15670,6850,2460.0,4570,1,0,0,0,0,0,1,0,2
PN-100962,74,IGNITION,AIRBUS,A319-100,YOK,3100,1120,,1150,1,0,0,1,0,0,0,1,3
PN-100963,26,FIRE PROTECTION,AIRBUS,A321-200,YOK,21260,4470,,7230,3,1,0,2,1,0,0,0,7
PN-100964,79,OIL,BOEING,737-800,YOK,2420,570,,250,3,0,0,2,0,0,1,4,10
PN-100965,49,AIRBORNE AUXILIARY POWER (APU),BOEING,737-900ER,YOK,2480,740,,650,2,2,0,4,1,0,0,3,12
PN-100966,49,AIRBORNE AUXILIARY POWER (APU),AIRBUS,A350-900,YOK,9190,4870,,2470,2,1,0,1,1,1,0,1,7
PN-100967,29,HYDRAULIC POWER,AIRBUS,A321-200,YOK,960,610,,510,3,0,0,1,1,1,0,0,6
PN-100968,77,ENGINE INDICATING,AIRBUS,A321-200,YOK,1330,560,,440,1,1,0,2,0,0,0,1,5
PN-100969,21,AIR CONDITIONING,BOEING,787-9,YOK,3170,1030,,520,7,0,0,3,1,0,0,3,14
PN-100970,28,FUEL,AIRBUS,A321neo,VAR,11660,4650,1760.0,2990,8,2,1,1,0,0,1,1,14
PN-100971,31,INDICATING / RECORDING SYSTEMS,AIRBUS,A321neo,VAR,9110,4160,900.0,1470,1,1,0,0,0,0,0,0,2
PN-100972,34,NAVIGATION,AIRBUS,A330-300,VAR,7570,4070,1030.0,1710,4,1,1,2,0,1,1,3,13
PN-100973,34,NAVIGATION,AIRBUS,A321neo,YOK,2860,370,,210,1,0,0,2,0,0,0,1,4
PN-100974,24,ELECTRICAL POWER,AIRBUS,A330-300,YOK,680,350,,340,3,1,0,2,1,1,2,2,12
PN-100975,26,FIRE PROTECTION,AIRBUS,A321neo,YOK,600,250,,150,1,1,0,0,0,0,0,1,3
PN-100976,23,COMMUNICATIONS,BOEING,737 MAX 8,VAR,2700,1960,410.0,780,5,3,1,1,4,1,2,4,21
PN-100977,36,PNEUMATIC,BOEING,777-300ER,VAR,20610,15780,9110.0,14400,0,0,1,1,0,0,0,2,4
PN-100978,30,ICE & RAIN PROTECTION,BOEING,777-300ER,YOK,3260,2140,,810,1,0,0,2,0,0,0,3,6
PN-100979,36,PNEUMATIC,AIRBUS,A330-300,VAR,5730,3360,650.0,920,6,0,0,0,1,1,0,1,9
PN-100980,49,AIRBORNE AUXILIARY POWER (APU),AIRBUS,A321neo,VAR,5410,1270,1010.0,1600,2,0,0,0,0,0,1,1,4
PN-100981,71,POWER PLANT,BOEING,737-800,YOK,1680,470,,220,3,1,0,1,1,0,0,1,7
PN-100982,36,PNEUMATIC,BOEING,737 MAX 8,VAR,11060,4050,2870.0,6160,1,0,1,1,0,0,1,0,4
PN-100983,52,DOORS,AIRBUS,A330-300,VAR,550,70,50.0,60,1,0,0,0,1,0,0,1,3
PN-100984,49,AIRBORNE AUXILIARY POWER (APU),BOEING,737-800,YOK,2320,1170,,860,2,1,0,1,0,0,0,1,5
PN-100985,52,DOORS,BOEING,737-800,YOK,900,140,,130,5,4,0,1,1,0,0,1,12
PN-100986,52,DOORS,BOEING,737-800,YOK,100,50,,50,2,0,0,1,0,0,0,0,3
PN-100987,29,HYDRAULIC POWER,BOEING,737-800,VAR,1460,530,160.0,220,6,2,3,0,0,2,1,1,15
PN-100988,27,FLIGHT CONTROLS,AIRBUS,A320neo,YOK,2590,650,,500,4,1,0,1,1,0,1,2,10
PN-100989,73,ENGINE FUEL AND CONTROL,AIRBUS,A330-200,YOK,11660,9910,,4430,0,0,0,1,0,0,0,1,2
PN-100990,29,HYDRAULIC POWER,AIRBUS,A330-300,YOK,8630,3090,,1760,4,0,0,6,0,0,1,3,14
PN-100991,36,PNEUMATIC,AIRBUS,A319-100,YOK,270,90,,80,1,0,0,0,0,0,0,0,1
PN-100992,26,FIRE PROTECTION,BOEING,737 MAX 8,YOK,630,250,,200,4,0,0,1,0,0,0,1,6
PN-100993,32,LANDING GEAR,AIRBUS,A350-900,YOK,860,540,,660,3,1,0,0,1,0,0,2,7
PN-100994,35,OXYGEN,AIRBUS,A320-200,YOK,3400,750,,390,1,1,0,0,1,0,0,1,4
PN-100995,52,DOORS,BOEING,737 MAX 8,VAR,3680,990,790.0,1090,0,0,0,0,1,0,0,0,1
PN-100996,35,OXYGEN,BOEING,737-800,VAR,550,290,200.0,280,2,0,0,1,0,1,0,0,4
PN-100997,30,ICE & RAIN PROTECTION,BOEING,737-800,YOK,740,240,,80,4,1,0,3,1,0,1,2,12
PN-100998,80,STARTING,AIRBUS,A321-200,YOK,910,300,,480,1,0,0,1,0,0,0,1,3
PN-100999,35,OXYGEN,BOEING,737 MAX 8,YOK,1500,830,,290,1,0,0,0,0,1,0,0,2
PN-101000,74,IGNITION,AIRBUS,A321neo,YOK,370,50,,50,2,1,0,2,0,1,0,1,7
PN-101001,72,ENGINE,AIRBUS,A330-300,YOK,3810,2340,,1200,7,2,0,1,2,2,1,3,18
PN-101002,36,PNEUMATIC,AIRBUS,A319-100,YOK,2190,1200,,410,1,0,0,0,0,0,0,0,1
PN-101003,77,ENGINE INDICATING,BOEING,737-800,YOK,740,160,,60,17,3,0,5,2,2,3,4,36
PN-101004,24,ELECTRICAL POWER,BOEING,737-800,VAR,350,140,50.0,50,6,2,1,1,0,0,0,3,13
PN-101005,77,ENGINE INDICATING,AIRBUS,A330-300,YOK,1650,860,,520,4,1,0,1,1,0,2,2,11
PN-101006,76,ENGINE CONTROLS,AIRBUS,A330-200,YOK,2000,1100,,1020,1,0,0,2,0,1,0,1,5
PN-101007,35,OXYGEN,BOEING,737-900ER,YOK,1940,760,,380,1,0,0,0,0,0,0,0,1
PN-101008,72,ENGINE,BOEING,737-800,YOK,5160,910,,800,5,4,0,1,1,2,3,6,22
PN-101009,35,OXYGEN,AIRBUS,A320neo,VAR,5360,3880,1020.0,1950,1,0,0,0,1,0,0,0,2
PN-101010,27,FLIGHT CONTROLS,BOEING,777-F,VAR,4480,2990,720.0,990,4,2,0,1,1,0,0,4,12
PN-101011,73,ENGINE FUEL AND CONTROL,BOEING,737-800,YOK,8280,3870,,2840,3,1,0,1,0,1,0,1,7
PN-101012,27,FLIGHT CONTROLS,BOEING,787-9,VAR,1830,760,350.0,540,4,1,0,1,0,2,0,1,9
PN-101013,29,HYDRAULIC POWER,BOEING,787-9,YOK,8950,2700,,2180,1,1,0,1,0,0,0,1,4
PN-101014,35,OXYGEN,BOEING,777-300ER,YOK,45640,13010,,10070,3,2,0,1,0,0,1,1,8
PN-101015,74,IGNITION,BOEING,737-800,VAR,740,240,70.0,130,1,0,0,0,0,0,0,1,2
PN-101016,30,ICE & RAIN PROTECTION,AIRBUS,A350-900,YOK,1900,640,,650,14,3,0,8,4,2,1,7,39
PN-101017,34,NAVIGATION,AIRBUS,A320-200,YOK,13050,9420,,7690,22,6,0,5,5,1,1,10,50
PN-101018,22,AUTO FLIGHT,AIRBUS,A330-300,VAR,580,200,60.0,110,5,4,2,2,5,4,2,2,26
PN-101019,24,ELECTRICAL POWER,BOEING,737-900ER,YOK,12890,5390,,5550,9,5,0,4,1,0,1,6,26
PN-101020,22,AUTO FLIGHT,AIRBUS,A330-200,VAR,2070,1270,350.0,630,2,1,0,1,0,0,0,1,5
PN-101021,22,AUTO FLIGHT,BOEING,737 MAX 8,YOK,3530,2380,,1030,2,1,0,5,4,2,1,2,17
PN-101022,76,ENGINE CONTROLS,AIRBUS,A320-200,YOK,540,70,,80,2,0,0,1,0,1,0,1,5
PN-101023,74,IGNITION,AIRBUS,A321-200,VAR,3880,1280,3350.0,3880,1,0,0,0,0,0,0,0,1
PN-101024,74,IGNITION,AIRBUS,A330-200,YOK,1890,740,,230,7,3,0,4,1,0,1,1,17
PN-101025,22,AUTO FLIGHT,AIRBUS,A321neo,YOK,2380,1780,,1290,4,2,0,1,1,0,1,7,16
PN-101026,23,COMMUNICATIONS,AIRBUS,A320-200,YOK,3600,2070,,2450,2,1,0,1,0,0,0,1,5
PN-101027,28,FUEL,AIRBUS,A320-200,YOK,260,120,,70,1,0,0,0,0,0,0,1,2
PN-101028,36,PNEUMATIC,BOEING,737 MAX 8,YOK,38820,21410,,19710,1,0,0,0,1,0,0,1,3
PN-101029,29,HYDRAULIC POWER,AIRBUS,A321neo,YOK,2140,1380,,1090,1,0,0,0,0,1,0,0,2
PN-101030,34,NAVIGATION,AIRBUS,A319-100,YOK,720,210,,170,4,2,0,3,1,1,0,5,16
PN-101031,25,EQUIPMENT / FURNISHINGS,AIRBUS,A319-100,VAR,10980,4650,1760.0,2150,0,0,0,1,0,0,0,0,1
PN-101032,72,ENGINE,AIRBUS,A321neo,YOK,9670,4530,,3410,6,2,0,4,1,0,1,1,15
PN-101033,29,HYDRAULIC POWER,AIRBUS,A320-200,YOK,640,300,,160,2,0,0,1,1,0,0,0,4
PN-101034,22,AUTO FLIGHT,BOEING,737-800,YOK,200,80,,50,1,0,0,1,0,0,0,0,2
PN-101035,72,ENGINE,BOEING,737-900ER,YOK,5360,2730,,760,3,1,0,2,1,4,1,3,15
PN-101036,77,ENGINE INDICATING,AIRBUS,A320neo,YOK,1540,710,,360,1,1,0,1,0,0,0,1,4
PN-101037,21,AIR CONDITIONING,AIRBUS,A330-300,YOK,2560,850,,340,6,2,0,2,1,1,0,4,16
PN-101038,32,LANDING GEAR,AIRBUS,A320-200,VAR,4370,1480,360.0,560,1,0,0,0,0,0,1,1,3
PN-101039,74,IGNITION,AIRBUS,A321-200,YOK,1840,610,,660,1,0,0,0,0,0,0,1,2
PN-101040,71,POWER PLANT,BOEING,777-300ER,YOK,15670,10180,,7850,1,0,0,0,0,0,0,0,1
PN-101041,76,ENGINE CONTROLS,AIRBUS,A330-300,YOK,6430,4380,,2900,1,0,0,0,0,0,0,0,1
PN-101042,31,INDICATING / RECORDING SYSTEMS,BOEING,777-300ER,YOK,11050,4400,,2910,11,6,0,5,2,0,0,6,30
PN-101043,30,ICE & RAIN PROTECTION,AIRBUS,A320neo,VAR,590,260,190.0,390,7,2,5,3,7,1,0,9,34
PN-101044,71,POWER PLANT,AIRBUS,A321-200,YOK,6830,3620,,2870,2,1,0,1,0,0,2,2,8
PN-101045,24,ELECTRICAL POWER,AIRBUS,A321neo,VAR,500,200,130.0,240,2,1,0,1,0,0,0,0,4
PN-101046,27,FLIGHT CONTROLS,AIRBUS,A321neo,YOK,3500,1720,,780,1,1,0,1,0,0,1,2,6
PN-101047,49,AIRBORNE AUXILIARY POWER (APU),BOEING,787-9,YOK,19760,11590,,4260,5,1,0,5,4,1,0,2,18
PN-101048,56,WINDOWS,AIRBUS,A320-200,VAR,100,50,50.0,50,1,0,0,0,0,0,0,1,2
PN-101049,24,ELECTRICAL POWER,BOEING,737 MAX 8,VAR,1780,280,60.0,130,4,0,1,1,0,1,1,2,10
PN-101050,35,OXYGEN,BOEING,737 MAX 8,VAR,3200,1800,720.0,1090,2,0,1,0,0,0,1,0,4
PN-101051,30,ICE & RAIN PROTECTION,AIRBUS,A330-300,YOK,3010,1600,,890,1,1,0,0,0,0,1,0,3
PN-101052,35,OXYGEN,AIRBUS,A321-200,YOK,22790,15470,,8620,1,0,0,0,0,0,0,1,2
PN-101053,79,OIL,AIRBUS,A330-200,YOK,7290,4210,,1230,4,1,0,1,0,0,2,1,9
PN-101054,22,AUTO FLIGHT,AIRBUS,A321-200,YOK,2230,1100,,1780,1,0,0,1,0,0,0,0,2
PN-101055,80,STARTING,BOEING,737-900ER,VAR,1820,390,230.0,380,2,2,0,0,1,0,0,5,10
PN-101056,32,LANDING GEAR,AIRBUS,A330-200,YOK,180,70,,50,2,1,0,1,0,1,0,2,7
PN-101057,73,ENGINE FUEL AND CONTROL,BOEING,777-300ER,YOK,2580,790,,460,1,0,0,3,0,0,0,5,9
PN-101058,32,LANDING GEAR,AIRBUS,A350-900,YOK,3300,1710,,780,10,3,0,8,4,2,1,8,36
PN-101059,29,HYDRAULIC POWER,AIRBUS,A330-200,VAR,860,450,320.0,570,3,0,0,2,1,0,0,2,8
PN-101060,73,ENGINE FUEL AND CONTROL,BOEING,737-800,YOK,4110,1640,,650,9,1,0,2,1,1,1,4,19
PN-101061,56,WINDOWS,AIRBUS,A330-200,VAR,560,210,50.0,50,1,0,0,0,0,0,0,0,1
PN-101062,24,ELECTRICAL POWER,BOEING,777-300ER,YOK,2420,1360,,500,2,1,0,0,0,1,0,1,5
PN-101063,71,POWER PLANT,AIRBUS,A320-200,VAR,4410,1880,1180.0,1870,3,0,1,0,1,1,1,1,8
PN-101064,72,ENGINE,BOEING,787-9,YOK,2360,1460,,680,19,3,0,15,3,13,1,13,67
PN-101065,31,INDICATING / RECORDING SYSTEMS,BOEING,737 MAX 8,YOK,8210,1460,,840,0,0,0,0,0,0,0,1,1
PN-101066,79,OIL,BOEING,737 MAX 8,YOK,3180,1150,,510,1,0,0,1,0,1,0,3,6
PN-101067,52,DOORS,AIRBUS,A321neo,YOK,600,130,,120,6,1,0,1,1,1,1,5,16
PN-101068,29,HYDRAULIC POWER,BOEING,737 MAX 8,VAR,4280,1630,1210.0,2010,2,1,0,0,0,0,0,1,4
PN-101069,21,AIR CONDITIONING,AIRBUS,A321-200,VAR,2420,1130,280.0,380,2,1,1,0,0,1,0,1,6
PN-101070,56,WINDOWS,BOEING,737-900ER,VAR,10320,5650,3010.0,5310,1,1,0,1,0,0,1,1,5
PN-101071,26,FIRE PROTECTION,AIRBUS,A320-200,YOK,8170,3220,,4110,1,0,0,1,0,1,0,1,4
PN-101072,72,ENGINE,AIRBUS,A321-200,YOK,2840,1470,,860,20,3,0,7,0,5,1,12,48
PN-101073,35,OXYGEN,AIRBUS,A321neo,YOK,14810,3370,,1050,2,1,0,2,1,0,0,0,6
PN-101074,34,NAVIGATION,AIRBUS,A321-200,YOK,700,250,,200,6,3,0,3,3,1,3,3,22
PN-101075,25,EQUIPMENT / FURNISHINGS,AIRBUS,A321-200,YOK,11810,7610,,3730,1,0,0,0,0,0,1,1,3
PN-101076,71,POWER PLANT,BOEING,737 MAX 8,YOK,2970,1290,,1250,1,1,0,1,0,0,0,1,4
PN-101077,25,EQUIPMENT / FURNISHINGS,AIRBUS,A320neo,YOK,950,430,,190,1,0,0,0,0,0,1,2,4
PN-101078,31,INDICATING / RECORDING SYSTEMS,BOEING,737-800,YOK,190,90,,50,1,0,0,0,0,0,0,1,2
PN-101079,74,IGNITION,AIRBUS,A320-200,YOK,880,240,,90,3,0,0,1,1,1,1,0,7
PN-101080,77,ENGINE INDICATING,BOEING,737-900ER,YOK,330,130,,60,1,1,0,1,1,0,0,0,4
PN-101081,80,STARTING,BOEING,737-900ER,VAR,820,170,60.0,100,2,1,0,0,0,0,0,1,4
PN-101082,79,OIL,AIRBUS,A321neo,YOK,16080,7150,,5030,2,1,0,1,1,1,3,1,10
PN-101083,36,PNEUMATIC,BOEING,737-800,VAR,610,430,330.0,470,1,1,0,0,0,0,0,0,2
PN-101084,26,FIRE PROTECTION,BOEING,777-300ER,VAR,140,80,50.0,90,1,1,0,1,1,0,1,2,7
PN-101085,74,IGNITION,BOEING,737-900ER,VAR,3200,2060,680.0,1200,1,0,1,0,0,0,0,1,3
PN-101086,73,ENGINE FUEL AND CONTROL,AIRBUS,A321-200,YOK,1820,870,,330,10,2,0,3,1,3,0,4,23
PN-101087,80,STARTING,AIRBUS,A321neo,YOK,900,680,,130,3,1,0,1,0,0,0,0,5
PN-101088,52,DOORS,BOEING,737-900ER,VAR,1350,630,330.0,610,4,1,2,0,0,0,0,1,8
PN-101089,24,ELECTRICAL POWER,AIRBUS,A321-200,YOK,4250,2610,,3110,5,0,0,3,0,0,0,2,10
PN-101090,35,OXYGEN,BOEING,737-900ER,VAR,2420,950,480.0,680,3,1,0,1,0,0,1,1,7
PN-101091,32,LANDING GEAR,AIRBUS,A321-200,YOK,5150,1900,,530,3,1,0,3,1,1,1,1,11
PN-101092,74,IGNITION,BOEING,737-900ER,YOK,5940,4820,,5940,1,0,0,0,0,0,0,0,1
PN-101093,31,INDICATING / RECORDING SYSTEMS,AIRBUS,A320-200,YOK,37340,20940,,24460,4,1,0,1,1,4,1,3,15
PN-101094,29,HYDRAULIC POWER,AIRBUS,A319-100,VAR,7930,4370,5700.0,7930,3,0,3,0,0,1,0,1,8
PN-101095,23,COMMUNICATIONS,BOEING,787-9,YOK,720,390,,200,3,1,0,4,1,1,0,1,11
PN-101096,74,IGNITION,BOEING,737 MAX 8,YOK,100,50,,70,4,0,0,1,1,0,1,1,8
PN-101097,72,ENGINE,BOEING,777-300ER,YOK,550,180,,140,3,1,0,0,1,0,0,1,6
PN-101098,22,AUTO FLIGHT,BOEING,777-F,YOK,3070,1900,,650,1,1,0,1,0,0,0,0,3
PN-101099,32,LANDING GEAR,AIRBUS,A321neo,VAR,3690,1790,920.0,1410,8,2,1,1,1,0,1,5,19
PN-101100,34,NAVIGATION,AIRBUS,A321-200,YOK,570,320,,130,1,1,0,1,1,0,1,0,5
PN-101101,34,NAVIGATION,AIRBUS,A320-200,YOK,10030,2130,,660,7,3,0,1,0,1,1,2,15
PN-101102,77,ENGINE INDICATING,AIRBUS,A330-200,VAR,7590,3700,1360.0,2260,2,0,1,0,0,0,1,1,5
PN-101103,24,ELECTRICAL POWER,AIRBUS,A320neo,YOK,1110,260,,70,9,1,0,4,3,1,0,2,20
PN-101104,28,FUEL,BOEING,777-300ER,YOK,100,50,,50,5,0,0,3,0,0,0,2,10
PN-101105,25,EQUIPMENT / FURNISHINGS,AIRBUS,A319-100,VAR,2270,1230,850.0,1740,2,0,2,0,0,0,0,2,6
PN-101106,27,FLIGHT CONTROLS,AIRBUS,A320-200,YOK,1590,340,,240,2,0,0,1,0,0,0,2,5
PN-101107,77,ENGINE INDICATING,AIRBUS,A320neo,YOK,210,90,,70,2,2,0,1,0,0,1,1,7
PN-101108,79,OIL,AIRBUS,A320neo,VAR,2910,1470,470.0,800,7,3,3,2,1,2,0,1,19
PN-101109,22,AUTO FLIGHT,AIRBUS,A320neo,YOK,780,200,,60,1,0,0,0,1,0,2,2,6
PN-101110,52,DOORS,BOEING,737-800,YOK,5350,1940,,1640,2,0,0,1,0,2,0,2,7
PN-101111,27,FLIGHT CONTROLS,AIRBUS,A321-200,VAR,250,60,50.0,50,4,0,0,0,1,1,0,2,8
PN-101112,26,FIRE PROTECTION,AIRBUS,A350-900,VAR,340,70,50.0,50,2,0,1,0,0,0,0,1,4
PN-101113,28,FUEL,BOEING,777-300ER,YOK,2480,1590,,420,7,4,0,4,1,1,3,11,31
PN-101114,26,FIRE PROTECTION,AIRBUS,A350-900,YOK,6730,3060,,3200,4,0,0,1,2,0,1,3,11
PN-101115,34,NAVIGATION,BOEING,737-800,VAR,1650,770,130.0,180,1,1,1,1,1,0,1,1,7
PN-101116,80,STARTING,AIRBUS,A321-200,YOK,11080,3630,,1360,3,1,0,1,1,0,0,2,8
PN-101117,49,AIRBORNE AUXILIARY POWER (APU),AIRBUS,A320-200,VAR,1110,600,100.0,170,1,1,1,0,0,0,0,1,4
PN-101118,71,POWER PLANT,AIRBUS,A321-200,YOK,470,290,,70,2,1,0,1,1,0,0,1,6
PN-101119,34,NAVIGATION,BOEING,787-9,YOK,7890,6710,,3990,3,3,0,1,0,0,0,2,9
PN-101120,21,AIR CONDITIONING,AIRBUS,A350-900,VAR,5900,1540,350.0,610,4,0,2,2,2,1,1,4,16
PN-101121,23,COMMUNICATIONS,AIRBUS,A320neo,YOK,2920,870,,550,4,1,0,2,0,0,2,1,10
PN-101122,27,FLIGHT CONTROLS,AIRBUS,A321neo,VAR,350,130,50.0,80,1,1,0,0,0,0,0,1,3
PN-101123,27,FLIGHT CONTROLS,BOEING,737 MAX 8,YOK,660,410,,360,7,3,0,4,0,1,0,3,18
PN-101124,74,IGNITION,BOEING,737-800,YOK,1680,750,,410,2,1,0,1,0,0,0,0,4
PN-101125,74,IGNITION,AIRBUS,A330-300,YOK,170,130,,70,0,0,0,0,0,0,1,1,2
PN-101126,76,ENGINE CONTROLS,BOEING,777-300ER,YOK,4030,1510,,800,8,3,0,2,0,1,1,5,20
PN-101127,52,DOORS,BOEING,737-800,VAR,8510,3540,1370.0,2170,4,2,3,1,0,2,2,3,17
PN-101128,36,PNEUMATIC,BOEING,737-800,VAR,2390,1490,380.0,590,3,0,0,1,0,1,0,2,7
PN-101129,52,DOORS,AIRBUS,A320-200,VAR,840,520,240.0,400,2,1,1,0,1,0,0,3,8
PN-101130,31,INDICATING / RECORDING SYSTEMS,AIRBUS,A320-200,YOK,13480,7660,,3420,5,2,0,2,0,1,0,2,12
PN-101131,56,WINDOWS,BOEING,787-9,YOK,1780,740,,240,4,3,0,3,0,0,1,2,13
PN-101132,73,ENGINE FUEL AND CONTROL,AIRBUS,A330-300,YOK,9480,4550,,510,5,1,0,1,2,0,4,3,16
PN-101133,72,ENGINE,AIRBUS,A321neo,YOK,1690,1080,,1150,2,0,0,0,1,0,0,1,4
PN-101134,49,AIRBORNE AUXILIARY POWER (APU),AIRBUS,A330-300,YOK,11640,5510,,2270,17,3,0,6,6,1,0,17,50
PN-101135,22,AUTO FLIGHT,AIRBUS,A320-200,VAR,9480,1300,550.0,960,3,0,2,4,0,1,0,5,15
PN-101136,71,POWER PLANT,BOEING,737 MAX 8,YOK,750,350,,110,2,0,0,1,0,0,0,2,5
PN-101137,30,ICE & RAIN PROTECTION,AIRBUS,A320neo,VAR,6650,3890,1300.0,2470,1,0,0,0,0,1,0,0,2
PN-101138,72,ENGINE,BOEING,737-900ER,YOK,5660,1120,,1000,4,3,0,3,0,1,3,5,19
PN-101139,36,PNEUMATIC,AIRBUS,A330-200,YOK,970,700,,970,3,0,0,0,0,0,0,1,4
PN-101140,76,ENGINE CONTROLS,AIRBUS,A320neo,YOK,390,90,,50,2,0,0,2,0,0,0,4,8
PN-101141,29,HYDRAULIC POWER,AIRBUS,A319-100,YOK,780,180,,90,8,3,0,2,1,0,1,2,17
PN-101142,79,OIL,BOEING,737 MAX 8,YOK,1160,290,,220,1,1,0,0,0,0,0,2,4
PN-101143,74,IGNITION,AIRBUS,A320-200,VAR,7160,3340,2080.0,3430,1,0,1,0,0,0,0,0,2
PN-101144,29,HYDRAULIC POWER,AIRBUS,A319-100,VAR,4470,3120,2130.0,3690,5,0,1,1,4,0,0,2,13
PN-101145,34,NAVIGATION,BOEING,737-800,YOK,3810,2960,,1020,1,0,0,0,1,1,1,0,4
PN-101146,35,OXYGEN,AIRBUS,A321-200,YOK,2200,1090,,310,1,1,0,0,1,0,1,0,4
PN-101147,72,ENGINE,AIRBUS,A321-200,YOK,2990,450,,230,1,1,0,1,0,0,0,1,4
PN-101148,56,WINDOWS,AIRBUS,A320neo,VAR,840,370,140.0,290,1,1,0,0,0,0,0,1,3
PN-101149,76,ENGINE CONTROLS,BOEING,737 MAX 8,YOK,2860,800,,360,5,1,0,2,0,0,1,2,11
PN-101150,30,ICE & RAIN PROTECTION,AIRBUS,A321-200,YOK,6250,2790,,1110,5,1,0,0,2,0,0,1,9
PN-101151,35,OXYGEN,AIRBUS,A320neo,VAR,2250,1670,510.0,670,1,0,0,0,0,0,0,1,2
PN-101152,32,LANDING GEAR,AIRBUS,A321-200,YOK,2300,860,,680,2,0,0,1,1,0,0,0,4
PN-101153,77,ENGINE INDICATING,AIRBUS,A320neo,VAR,810,160,90.0,130,2,0,1,1,0,0,0,2,6
PN-101154,28,FUEL,AIRBUS,A321-200,YOK,6320,1550,,1300,4,2,0,1,0,1,1,2,11
PN-101155,49,AIRBORNE AUXILIARY POWER (APU),AIRBUS,A320-200,YOK,12660,3390,,1740,4,1,0,2,1,1,0,3,12
PN-101156,24,ELECTRICAL POWER,AIRBUS,A320-200,VAR,2880,1020,270.0,370,2,1,0,0,0,0,1,1,5
PN-101157,76,ENGINE CONTROLS,AIRBUS,A321neo,YOK,9870,5710,,4520,4,2,0,1,0,0,0,1,8
PN-101158,30,ICE & RAIN PROTECTION,BOEING,737 MAX 8,VAR,5980,2050,370.0,490,7,2,6,1,1,0,1,2,20
PN-101159,29,HYDRAULIC POWER,AIRBUS,A319-100,YOK,7680,1080,,350,2,1,0,1,1,2,2,2,11
PN-101160,49,AIRBORNE AUXILIARY POWER (APU),AIRBUS,A320neo,YOK,8800,5920,,2000,1,0,0,0,0,0,0,1,2
PN-101161,34,NAVIGATION,BOEING,777-300ER,YOK,2560,1510,,960,3,1,0,1,0,0,0,3,8
PN-101162,76,ENGINE CONTROLS,BOEING,777-300ER,YOK,1930,820,,210,16,2,0,5,3,4,2,5,37
PN-101163,35,OXYGEN,BOEING,737-800,VAR,12210,6650,1250.0,1920,1,0,0,0,0,0,0,0,1
PN-101164,35,OXYGEN,AIRBUS,A320neo,YOK,7670,4150,,1910,2,0,0,1,0,0,0,1,4
PN-101165,23,COMMUNICATIONS,AIRBUS,A321neo,VAR,38050,10010,2610.0,4480,1,0,0,0,1,1,0,1,4
PN-101166,21,AIR CONDITIONING,AIRBUS,A320neo,VAR,11720,7510,2660.0,3890,3,1,0,1,0,1,1,1,8
PN-101167,31,INDICATING / RECORDING SYSTEMS,AIRBUS,A320-200,YOK,1790,430,,250,3,1,0,1,0,1,0,1,7
PN-101168,80,STARTING,AIRBUS,A321-200,VAR,8060,1380,630.0,1090,7,2,0,2,1,2,3,2,19
PN-101169,77,ENGINE INDICATING,AIRBUS,A330-300,VAR,4150,800,910.0,1130,3,1,0,0,0,1,0,1,6
PN-101170,52,DOORS,AIRBUS,A321-200,VAR,210,130,60.0,100,3,0,0,1,1,4,2,3,14
PN-101171,52,DOORS,AIRBUS,A350-900,VAR,2510,1700,350.0,700,2,1,0,0,0,0,0,1,4
PN-101172,31,INDICATING / RECORDING SYSTEMS,AIRBUS,A321-200,YOK,460,290,,350,2,0,0,1,0,0,0,1,4
PN-101173,25,EQUIPMENT / FURNISHINGS,AIRBUS,A321-200,YOK,3980,2370,,1230,1,0,0,1,0,0,0,0,2
PN-101174,21,AIR CONDITIONING,BOEING,737-900ER,YOK,1430,1170,,970,0,0,0,0,0,0,0,1,1
PN-101175,29,HYDRAULIC POWER,BOEING,737 MAX 8,YOK,110,50,,50,3,3,0,1,2,1,0,1,11
PN-101176,29,HYDRAULIC POWER,AIRBUS,A321-200,VAR,18830,7340,1450.0,2610,20,2,2,4,1,8,9,10,56
PN-101177,25,EQUIPMENT / FURNISHINGS,AIRBUS,A330-300,YOK,100,50,,50,2,1,0,0,0,1,2,1,7
PN-101178,27,FLIGHT CONTROLS,AIRBUS,A320neo,YOK,2610,870,,1390,3,2,0,3,3,1,0,2,14
PN-101179,21,AIR CONDITIONING,AIRBUS,A319-100,VAR,340,160,60.0,100,2,1,0,0,0,0,0,2,5
PN-101180,49,AIRBORNE AUXILIARY POWER (APU),BOEING,737-800,YOK,10120,8250,,3750,3,1,0,2,0,0,0,1,7
PN-101181,79,OIL,AIRBUS,A320-200,YOK,160,50,,50,3,0,0,1,4,1,0,7,16
PN-101182,56,WINDOWS,AIRBUS,A321neo,VAR,1280,610,110.0,170,2,3,1,6,2,0,3,5,22
PN-101183,32,LANDING GEAR,AIRBUS,A321neo,YOK,1140,840,,220,11,12,0,6,0,1,5,4,39
PN-101184,31,INDICATING / RECORDING SYSTEMS,AIRBUS,A320-200,VAR,11570,3840,1640.0,2320,3,1,0,0,1,2,1,4,12
PN-101185,28,FUEL,AIRBUS,A320-200,YOK,5190,2700,,1850,3,1,0,1,0,1,0,1,7
PN-101186,24,ELECTRICAL POWER,AIRBUS,A321-200,YOK,3550,1620,,960,5,1,0,3,0,0,0,1,10
PN-101187,49,AIRBORNE AUXILIARY POWER (APU),BOEING,777-F,VAR,22640,3040,540.0,700,1,1,0,0,0,0,1,1,4
PN-101188,36,PNEUMATIC,AIRBUS,A350-900,VAR,590,390,170.0,260,0,1,0,0,0,0,0,0,1
PN-101189,21,AIR CONDITIONING,AIRBUS,A321-200,VAR,750,580,140.0,220,1,0,0,0,0,0,1,1,3
PN-101190,31,INDICATING / RECORDING SYSTEMS,AIRBUS,A319-100,YOK,16030,9420,,7840,2,1,0,1,0,0,0,2,6
PN-101191,28,FUEL,AIRBUS,A350-900,YOK,13190,5080,,2020,2,1,0,1,1,0,0,0,5
PN-101192,25,EQUIPMENT / FURNISHINGS,AIRBUS,A320-200,VAR,5390,2080,1100.0,2190,1,0,0,0,0,0,0,0,1
PN-101193,71,POWER PLANT,AIRBUS,A330-300,YOK,2270,720,,850,3,0,0,1,1,0,1,1,7
PN-101194,35,OXYGEN,BOEING,737-800,YOK,29980,14910,,4360,1,0,0,0,0,0,0,2,3
PN-101195,52,DOORS,AIRBUS,A321neo,YOK,2000,1330,,1120,1,1,0,0,0,0,0,0,2
PN-101196,71,POWER PLANT,AIRBUS,A321-200,YOK,121130,50790,,32490,2,0,0,1,1,0,0,1,5
PN-101197,80,STARTING,AIRBUS,A319-100,YOK,1270,460,,140,2,1,0,1,0,0,0,1,5
PN-101198,73,ENGINE FUEL AND CONTROL,AIRBUS,A319-100,YOK,3980,1050,,680,1,1,0,1,0,0,1,1,5
PN-101199,52,DOORS,AIRBUS,A321neo,YOK,17040,10470,,12210,3,1,0,1,0,2,1,2,10
PN-101200,76,ENGINE CONTROLS,BOEING,777-300ER,YOK,330,180,,90,1,0,0,0,0,0,0,0,1
PN-101201,34,NAVIGATION,AIRBUS,A320neo,VAR,2280,690,150.0,200,1,0,0,0,0,0,0,0,1
PN-101202,80,STARTING,AIRBUS,A330-300,YOK,1330,590,,910,1,1,0,1,0,0,1,3,7
PN-101203,72,ENGINE,BOEING,737-800,YOK,2150,780,,1090,5,0,0,1,1,2,0,4,13
PN-101204,52,DOORS,AIRBUS,A320-200,VAR,2000,720,500.0,680,3,0,0,0,1,1,0,1,6
PN-101205,77,ENGINE INDICATING,AIRBUS,A320-200,YOK,3540,1100,,600,2,0,0,1,0,1,0,0,4
PN-101206,35,OXYGEN,AIRBUS,A321-200,VAR,1270,800,260.0,380,1,0,0,0,0,0,0,1,2
PN-101207,71,POWER PLANT,BOEING,737-800,YOK,3480,1470,,1180,1,1,0,2,1,0,1,1,7
PN-101208,28,FUEL,AIRBUS,A321neo,VAR,790,480,150.0,220,2,1,0,0,0,0,0,1,4
PN-101209,80,STARTING,BOEING,737-800,VAR,14810,10190,4730.0,7720,9,5,0,3,5,0,1,4,27
PN-101210,52,DOORS,BOEING,737 MAX 8,VAR,6060,2470,1700.0,2550,2,0,0,0,0,0,0,1,3
PN-101211,73,ENGINE FUEL AND CONTROL,BOEING,737-800,YOK,50420,6320,,1670,3,0,0,1,0,1,0,3,8
PN-101212,32,LANDING GEAR,BOEING,787-9,YOK,5510,730,,590,29,29,0,6,1,2,11,18,96
PN-101213,76,ENGINE CONTROLS,BOEING,737-800,VAR,150,60,50.0,50,1,1,1,1,0,0,0,1,5
PN-101214,22,AUTO FLIGHT,BOEING,737 MAX 8,YOK,8170,3610,,2940,3,1,0,2,1,1,1,1,10
PN-101215,23,COMMUNICATIONS,BOEING,737 MAX 8,VAR,3180,1620,1770.0,2770,4,1,1,1,0,0,1,1,9
PN-101216,35,OXYGEN,BOEING,737-800,VAR,1310,930,250.0,430,1,2,1,0,0,0,1,2,7
PN-101217,72,ENGINE,BOEING,737-900ER,YOK,100,50,,60,5,1,0,3,0,1,1,4,15
PN-101218,74,IGNITION,BOEING,777-300ER,YOK,4740,3850,,1440,2,0,0,1,1,0,0,1,5
PN-101219,32,LANDING GEAR,AIRBUS,A321neo,YOK,3850,690,,320,5,1,0,1,1,0,1,2,11
PN-101220,52,DOORS,AIRBUS,A350-900,YOK,1080,630,,410,1,0,0,0,1,0,0,1,3
PN-101221,36,PNEUMATIC,AIRBUS,A330-200,VAR,520,220,50.0,50,2,1,1,0,0,1,1,1,7
PN-101222,79,OIL,BOEING,737 MAX 8,VAR,460,190,100.0,200,10,3,5,1,7,1,7,7,41
PN-101223,56,WINDOWS,AIRBUS,A321neo,VAR,2000,640,330.0,480,2,0,0,2,1,1,0,5,11
PN-101224,31,INDICATING / RECORDING SYSTEMS,BOEING,737 MAX 8,YOK,410,160,,110,3,0,0,2,1,0,1,1,8
PN-101225,80,STARTING,BOEING,737-900ER,YOK,1280,380,,80,2,3,0,2,2,1,2,2,14
PN-101226,23,COMMUNICATIONS,BOEING,787-9,YOK,6100,2400,,720,1,0,0,0,0,0,0,1,2
PN-101227,80,STARTING,AIRBUS,A320neo,YOK,900,410,,260,1,1,0,1,1,0,0,1,5
PN-101228,25,EQUIPMENT / FURNISHINGS,BOEING,737-800,VAR,33910,18140,5100.0,7740,5,2,0,1,0,0,1,1,10
PN-101229,28,FUEL,BOEING,737-800,YOK,11650,7130,,2810,14,0,0,6,0,0,1,4,25
PN-101230,74,IGNITION,BOEING,777-300ER,YOK,3790,2950,,1590,1,0,0,0,0,0,0,1,2
PN-101231,72,ENGINE,BOEING,777-300ER,YOK,12150,5100,,2410,2,2,0,2,0,1,0,1,8
PN-101232,80,STARTING,AIRBUS,A330-300,YOK,370,60,,50,10,6,0,9,5,1,1,15,47
PN-101233,72,ENGINE,AIRBUS,A330-300,YOK,1720,820,,410,7,1,0,1,0,1,1,2,13
PN-101234,52,DOORS,AIRBUS,A320-200,VAR,160,80,50.0,80,5,3,2,1,2,1,1,8,23
PN-101235,30,ICE & RAIN PROTECTION,BOEING,787-9,VAR,1140,190,70.0,130,2,0,1,0,1,1,0,1,6
PN-101236,21,AIR CONDITIONING,AIRBUS,A320neo,VAR,2000,800,510.0,850,4,1,0,1,1,0,0,2,9
PN-101237,24,ELECTRICAL POWER,BOEING,737-800,VAR,2110,670,300.0,400,3,1,0,0,1,0,0,1,6
PN-101238,28,FUEL,BOEING,737-900ER,VAR,4330,2080,770.0,1080,5,4,2,2,0,0,0,3,16
PN-101239,22,AUTO FLIGHT,AIRBUS,A321neo,VAR,2840,1320,900.0,1350,7,2,1,2,4,1,0,3,20
PN-101240,35,OXYGEN,AIRBUS,A320neo,YOK,750,210,,190,1,0,0,0,0,0,0,0,1
PN-101241,73,ENGINE FUEL AND CONTROL,AIRBUS,A320-200,YOK,2320,810,,1510,2,1,0,1,0,0,0,2,6
PN-101242,80,STARTING,BOEING,737 MAX 8,YOK,10170,3780,,1400,7,1,0,2,0,0,2,3,15
PN-101243,34,NAVIGATION,AIRBUS,A330-200,YOK,4900,1340,,1000,2,2,0,1,0,1,0,0,6
PN-101244,76,ENGINE CONTROLS,AIRBUS,A320-200,VAR,6820,2740,580.0,780,1,0,0,0,1,0,0,2,4
PN-101245,80,STARTING,BOEING,737-800,VAR,7050,5360,2000.0,3500,10,2,0,1,0,1,0,2,16
PN-101246,76,ENGINE CONTROLS,AIRBUS,A320neo,YOK,840,260,,90,5,3,0,3,0,1,0,4,16
PN-101247,34,NAVIGATION,BOEING,737 MAX 8,YOK,1060,290,,380,1,0,0,1,1,0,0,1,4
PN-101248,29,HYDRAULIC POWER,AIRBUS,A321-200,VAR,6390,1470,710.0,1250,5,1,0,0,1,1,1,2,11
PN-101249,80,STARTING,AIRBUS,A320neo,YOK,4850,2020,,630,1,0,0,0,0,0,0,1,2
PN-101250,27,FLIGHT CONTROLS,AIRBUS,A320-200,YOK,30470,25670,,6340,1,0,0,1,0,0,0,1,3
PN-101251,31,INDICATING / RECORDING SYSTEMS,AIRBUS,A330-200,YOK,420,330,,340,4,0,0,1,0,1,1,0,7
PN-101252,22,AUTO FLIGHT,AIRBUS,A321neo,YOK,3030,1250,,650,2,0,0,2,0,1,0,1,6
PN-101253,73,ENGINE FUEL AND CONTROL,BOEING,737-800,YOK,5770,4900,,4930,2,0,0,0,0,0,0,1,3
PN-101254,52,DOORS,AIRBUS,A321neo,YOK,1350,850,,380,1,0,0,0,0,0,0,1,2
PN-101255,23,COMMUNICATIONS,AIRBUS,A321-200,VAR,7610,5370,790.0,1150,1,0,0,0,0,0,0,1,2
PN-101256,26,FIRE PROTECTION,AIRBUS,A320neo,VAR,140,50,50.0,50,3,0,1,0,0,0,1,1,6
PN-101257,36,PNEUMATIC,AIRBUS,A320neo,YOK,1150,570,,300,1,0,0,0,0,0,0,0,1
PN-101258,36,PNEUMATIC,BOEING,777-300ER,YOK,430,210,,100,0,0,0,1,0,1,0,0,2
PN-101259,73,ENGINE FUEL AND CONTROL,AIRBUS,A320-200,YOK,1520,710,,700,1,0,0,1,0,0,0,0,2
PN-101260,27,FLIGHT CONTROLS,BOEING,787-9,YOK,1460,1040,,980,5,1,0,3,0,1,0,1,11
PN-101261,79,OIL,AIRBUS,A321-200,YOK,6250,2790,,2800,1,0,0,0,0,0,0,0,1
PN-101262,32,LANDING GEAR,AIRBUS,A320-200,YOK,17280,10520,,14460,2,2,0,3,0,1,0,3,11
PN-101263,74,IGNITION,AIRBUS,A320neo,YOK,370,200,,230,7,1,0,4,1,1,1,4,19
PN-101264,27,FLIGHT CONTROLS,AIRBUS,A319-100,YOK,910,180,,50,6,8,0,8,7,1,0,3,33
PN-101265,21,AIR CONDITIONING,BOEING,737-900ER,YOK,2380,1490,,970,1,0,0,0,0,0,0,0,1
PN-101266,22,AUTO FLIGHT,AIRBUS,A330-200,VAR,1800,830,360.0,590,3,1,2,0,0,0,1,1,8
PN-101267,30,ICE & RAIN PROTECTION,AIRBUS,A321-200,YOK,1760,1170,,910,1,0,0,0,0,0,0,1,2
PN-101268,79,OIL,BOEING,737-800,YOK,2350,670,,470,1,0,0,0,0,1,0,0,2
PN-101269,22,AUTO FLIGHT,AIRBUS,A350-900,VAR,2400,1410,730.0,1120,2,1,0,1,0,0,0,1,5
PN-101270,30,ICE & RAIN PROTECTION,BOEING,777-300ER,YOK,4900,2380,,680,3,1,0,2,3,1,2,4,16
PN-101271,23,COMMUNICATIONS,BOEING,787-9,YOK,3340,1380,,900,4,1,0,1,1,0,0,2,9
PN-101272,79,OIL,BOEING,737-800,VAR,17600,6750,880.0,1640,1,0,0,1,0,0,0,1,3
PN-101273,56,WINDOWS,BOEING,737 MAX 8,VAR,3070,730,110.0,210,3,1,1,1,0,0,0,1,7
PN-101274,72,ENGINE,BOEING,737-900ER,VAR,780,180,90.0,140,1,0,0,0,0,0,0,1,2
PN-101275,71,POWER PLANT,AIRBUS,A330-200,VAR,19420,8320,3440.0,6340,2,1,0,0,0,0,0,1,4
PN-101276,56,WINDOWS,BOEING,737-800,VAR,1950,560,190.0,330,1,1,0,0,0,0,0,0,2
PN-101277,73,ENGINE FUEL AND CONTROL,AIRBUS,A320-200,YOK,11400,5460,,1960,3,0,0,2,0,0,0,4,9
PN-101278,21,AIR CONDITIONING,BOEING,737-800,VAR,5370,2990,2250.0,3080,1,0,1,0,0,1,0,3,6
PN-101279,76,ENGINE CONTROLS,BOEING,787-9,YOK,1680,700,,1510,2,1,0,1,1,0,0,0,5
PN-101280,72,ENGINE,AIRBUS,A320-200,YOK,1240,770,,350,3,0,0,1,1,1,0,4,10
PN-101281,72,ENGINE,BOEING,737 MAX 8,YOK,370,280,,110,5,0,0,2,0,1,0,4,12
PN-101282,31,INDICATING / RECORDING SYSTEMS,BOEING,777-300ER,VAR,770,260,50.0,80,5,0,0,1,0,1,0,3,10
PN-101283,73,ENGINE FUEL AND CONTROL,AIRBUS,A320neo,YOK,1350,420,,470,4,1,0,1,1,1,0,1,9
PN-101284,30,ICE & RAIN PROTECTION,AIRBUS,A330-200,VAR,4950,2660,1100.0,1630,1,1,1,0,0,0,1,0,4
PN-101285,22,AUTO FLIGHT,BOEING,777-300ER,YOK,29560,12410,,4690,3,1,0,1,1,0,0,2,8
PN-101286,77,ENGINE INDICATING,BOEING,787-9,YOK,23950,10670,,7080,4,1,0,1,1,2,1,2,12
PN-101287,27,FLIGHT CONTROLS,AIRBUS,A320-200,YOK,890,590,,290,1,1,0,1,0,0,0,1,4
PN-101288,23,COMMUNICATIONS,AIRBUS,A321-200,VAR,3460,730,400.0,790,1,0,0,2,0,1,0,1,5
PN-101289,52,DOORS,BOEING,737-800,YOK,460,90,,50,3,0,0,3,0,0,1,6,13
PN-101290,27,FLIGHT CONTROLS,AIRBUS,A320neo,YOK,5700,2150,,1730,1,1,0,0,0,1,0,0,3
PN-101291,76,ENGINE CONTROLS,AIRBUS,A321-200,VAR,410,290,240.0,350,14,1,5,3,1,0,1,5,30
PN-101292,32,LANDING GEAR,AIRBUS,A319-100,YOK,7610,5740,,3260,1,0,0,2,0,0,0,0,3
PN-101293,21,AIR CONDITIONING,AIRBUS,A320-200,VAR,1970,640,420.0,520,1,0,1,0,0,1,0,2,5
PN-101294,79,OIL,AIRBUS,A330-300,YOK,590,290,,100,2,0,0,0,0,0,0,1,3
PN-101295,35,OXYGEN,BOEING,737-800,YOK,10050,3220,,2060,11,2,0,3,1,3,1,5,26
PN-101296,27,FLIGHT CONTROLS,BOEING,737-800,YOK,500,200,,120,2,0,0,1,1,0,1,0,5
PN-101297,56,WINDOWS,BOEING,737-900ER,VAR,2970,1110,510.0,1060,1,0,0,0,0,0,0,1,2
PN-101298,35,OXYGEN,AIRBUS,A321neo,YOK,1760,420,,460,1,0,0,1,0,0,0,1,3
PN-101299,21,AIR CONDITIONING,AIRBUS,A320neo,YOK,3190,990,,630,4,0,0,1,0,0,1,2,8
PN-101300,72,ENGINE,AIRBUS,A319-100,YOK,1210,950,,1210,3,1,0,2,0,1,0,2,9
PN-101301,31,INDICATING / RECORDING SYSTEMS,AIRBUS,A320neo,YOK,50500,22560,,11390,2,0,0,2,0,1,0,0,5
PN-101302,71,POWER PLANT,AIRBUS,A321-200,YOK,23700,12900,,16370,1,0,0,0,0,0,0,0,1
PN-101303,77,ENGINE INDICATING,AIRBUS,A320-200,YOK,1240,660,,430,3,0,0,1,1,0,0,1,6
PN-101304,49,AIRBORNE AUXILIARY POWER (APU),AIRBUS,A319-100,YOK,10460,6000,,4250,4,1,0,1,1,0,0,1,8
PN-101305,56,WINDOWS,AIRBUS,A320-200,VAR,4600,1540,560.0,840,5,1,0,1,1,0,0,1,9
PN-101306,27,FLIGHT CONTROLS,BOEING,737-800,VAR,1040,610,180.0,280,8,0,1,2,1,1,0,11,24
PN-101307,27,FLIGHT CONTROLS,AIRBUS,A350-900,YOK,1420,260,,130,2,0,0,1,1,0,1,1,6
PN-101308,31,INDICATING / RECORDING SYSTEMS,BOEING,777-300ER,YOK,29170,19430,,19090,5,1,0,3,0,0,2,1,12
PN-101309,76,ENGINE CONTROLS,BOEING,737-900ER,YOK,100,50,,50,1,0,0,0,0,0,0,1,2
PN-101310,35,OXYGEN,AIRBUS,A330-300,YOK,2270,620,,460,4,0,0,1,0,0,1,1,7
PN-101311,30,ICE & RAIN PROTECTION,AIRBUS,A320-200,YOK,2410,1210,,470,1,0,0,1,0,0,0,1,3
PN-101312,73,ENGINE FUEL AND CONTROL,AIRBUS,A330-300,YOK,5940,2140,,1900,1,0,0,0,0,0,1,1,3
PN-101313,76,ENGINE CONTROLS,AIRBUS,A320-200,YOK,7840,2560,,1990,1,0,0,1,1,0,1,1,5
PN-101314,77,ENGINE INDICATING,AIRBUS,A321neo,YOK,29650,17780,,5130,4,0,0,4,4,2,3,4,21
PN-101315,28,FUEL,AIRBUS,A321-200,VAR,540,200,120.0,210,2,1,1,2,1,0,0,1,8
PN-101316,71,POWER PLANT,AIRBUS,A321neo,YOK,16850,13290,,11140,8,2,0,6,5,1,2,4,28
PN-101317,49,AIRBORNE AUXILIARY POWER (APU),AIRBUS,A320neo,YOK,1020,540,,350,1,0,0,0,1,1,0,1,4
PN-101318,32,LANDING GEAR,BOEING,737-800,VAR,990,470,360.0,510,9,1,1,7,1,3,0,5,27
PN-101319,31,INDICATING / RECORDING SYSTEMS,BOEING,737 MAX 8,YOK,22530,9770,,5290,1,0,0,1,0,0,0,1,3
PN-101320,23,COMMUNICATIONS,BOEING,737-900ER,YOK,710,300,,130,3,1,0,0,0,0,1,1,6
PN-101321,28,FUEL,AIRBUS,A350-900,VAR,880,310,250.0,320,4,0,1,1,1,0,0,1,8
PN-101322,36,PNEUMATIC,AIRBUS,A330-200,VAR,990,280,60.0,100,3,0,1,2,0,0,1,2,9
PN-101323,77,ENGINE INDICATING,AIRBUS,A319-100,YOK,6140,2330,,1330,2,2,0,1,1,0,0,1,7
PN-101324,76,ENGINE CONTROLS,BOEING,737-800,VAR,1010,590,400.0,500,1,0,0,0,0,0,1,1,3
PN-101325,25,EQUIPMENT / FURNISHINGS,AIRBUS,A330-300,VAR,3900,2310,520.0,820,1,1,1,1,1,2,0,3,10
PN-101326,56,WINDOWS,AIRBUS,A320neo,VAR,2810,1100,600.0,900,7,2,2,4,0,1,0,2,18
PN-101327,23,COMMUNICATIONS,AIRBUS,A321-200,YOK,990,670,,360,2,0,0,0,0,0,0,1,3
PN-101328,56,WINDOWS,BOEING,777-300ER,YOK,33540,8530,,3160,1,0,0,0,0,0,0,0,1
PN-101329,29,HYDRAULIC POWER,AIRBUS,A350-900,YOK,9250,2840,,1720,2,3,0,4,0,2,0,3,14
PN-101330,32,LANDING GEAR,AIRBUS,A321neo,YOK,490,360,,190,2,1,0,2,0,1,1,1,8
PN-101331,71,POWER PLANT,AIRBUS,A350-900,YOK,750,120,,60,4,0,0,0,1,0,1,1,7
PN-101332,32,LANDING GEAR,AIRBUS,A321neo,YOK,19380,10660,,7400,4,2,0,4,0,1,2,4,17
PN-101333,73,ENGINE FUEL AND CONTROL,AIRBUS,A321neo,YOK,1070,520,,1070,2,1,0,0,0,1,0,1,5
PN-101334,35,OXYGEN,AIRBUS,A321-200,YOK,260,50,,50,1,0,0,0,0,0,1,1,3
PN-101335,80,STARTING,AIRBUS,A321neo,YOK,1220,360,,310,2,1,0,1,1,0,0,1,6
PN-101336,52,DOORS,BOEING,737-800,VAR,610,370,60.0,100,3,1,1,3,1,2,1,5,17
PN-101337,28,FUEL,AIRBUS,A319-100,YOK,180,80,,50,2,1,0,1,1,0,0,2,7
PN-101338,73,ENGINE FUEL AND CONTROL,BOEING,737-900ER,YOK,1900,980,,300,1,0,0,0,0,0,0,2,3
PN-101339,31,INDICATING / RECORDING SYSTEMS,AIRBUS,A321-200,VAR,1770,1290,640.0,1110,1,1,0,0,0,0,0,0,2
PN-101340,35,OXYGEN,BOEING,737-800,YOK,350,150,,70,1,1,0,0,1,0,1,0,4
PN-101341,24,ELECTRICAL POWER,BOEING,737-800,VAR,1350,200,120.0,170,1,0,1,0,0,0,0,1,3
PN-101342,24,ELECTRICAL POWER,BOEING,737-800,VAR,16880,4550,1470.0,2250,1,1,0,0,0,0,0,0,2
PN-101343,36,PNEUMATIC,AIRBUS,A350-900,YOK,690,250,,110,2,1,0,2,0,1,0,3,9
PN-101344,25,EQUIPMENT / FURNISHINGS,BOEING,777-F,YOK,400,160,,210,2,1,0,1,0,0,1,3,8
PN-101345,80,STARTING,AIRBUS,A330-200,YOK,9500,6190,,2980,3,0,0,1,0,0,0,1,5
PN-101346,76,ENGINE CONTROLS,BOEING,737-800,VAR,9690,3450,2430.0,4040,2,0,0,1,1,2,0,2,8
PN-101347,71,POWER PLANT,BOEING,737-800,YOK,102850,40430,,12830,5,1,0,1,0,0,1,1,9
PN-101348,72,ENGINE,AIRBUS,A320neo,YOK,68240,16550,,10890,7,1,0,4,1,0,0,7,20
PN-101349,49,AIRBORNE AUXILIARY POWER (APU),AIRBUS,A321-200,YOK,6230,2970,,810,5,0,0,1,2,1,1,4,14
PN-101350,22,AUTO FLIGHT,AIRBUS,A321neo,VAR,470,170,50.0,50,0,0,0,0,0,0,0,1,1
PN-101351,31,INDICATING / RECORDING SYSTEMS,AIRBUS,A320neo,YOK,1670,660,,250,1,0,0,1,0,0,1,2,5
PN-101352,34,NAVIGATION,AIRBUS,A321-200,YOK,6190,4410,,6190,3,1,0,2,0,1,0,4,11
PN-101353,77,ENGINE INDICATING,AIRBUS,A321-200,VAR,980,260,100.0,150,2,0,1,0,0,0,0,1,4
PN-101354,26,FIRE PROTECTION,AIRBUS,A350-900,VAR,5830,2540,550.0,980,2,0,0,0,1,0,0,1,4
PN-101355,34,NAVIGATION,AIRBUS,A320neo,YOK,370,260,,150,4,1,0,4,1,1,0,2,13
PN-101356,29,HYDRAULIC POWER,BOEING,737-900ER,YOK,860,570,,360,3,1,0,2,0,1,1,2,10
PN-101357,24,ELECTRICAL POWER,AIRBUS,A321neo,VAR,1330,290,130.0,180,14,3,1,7,0,0,0,7,32
PN-101358,23,COMMUNICATIONS,BOEING,737-800,YOK,19300,5650,,3050,6,1,0,3,0,1,1,2,14
PN-101359,30,ICE & RAIN PROTECTION,AIRBUS,A320-200,VAR,1030,360,120.0,160,1,1,0,0,1,0,0,2,5
PN-101360,23,COMMUNICATIONS,AIRBUS,A321neo,YOK,1700,1240,,1620,2,0,0,1,0,0,0,1,4
PN-101361,22,AUTO FLIGHT,AIRBUS,A319-100,VAR,7310,5020,1690.0,2720,1,0,0,0,0,0,0,0,1
PN-101362,30,ICE & RAIN PROTECTION,BOEING,737-800,YOK,1810,1420,,870,2,1,0,1,0,0,0,0,4
PN-101363,26,FIRE PROTECTION,AIRBUS,A321-200,YOK,650,350,,250,0,0,0,1,0,0,0,0,1
PN-101364,36,PNEUMATIC,BOEING,777-F,YOK,9090,3840,,650,3,0,0,1,1,0,0,1,6
PN-101365,21,AIR CONDITIONING,AIRBUS,A321-200,YOK,1000,520,,300,3,0,0,1,0,1,1,2,8
PN-101366,28,FUEL,AIRBUS,A330-300,YOK,650,410,,140,4,1,0,3,0,2,0,2,12
PN-101367,32,LANDING GEAR,AIRBUS,A320neo,YOK,1730,1000,,1070,8,5,0,6,1,1,3,12,36
PN-101368,80,STARTING,AIRBUS,A350-900,VAR,240,180,120.0,240,3,1,0,0,1,0,0,1,6
PN-101369,52,DOORS,AIRBUS,A321neo,VAR,740,460,150.0,290,17,1,0,0,3,1,1,11,34
PN-101370,76,ENGINE CONTROLS,AIRBUS,A321-200,YOK,1640,580,,290,3,0,0,1,0,0,1,2,7
PN-101371,29,HYDRAULIC POWER,AIRBUS,A320neo,YOK,600,160,,50,1,1,0,0,0,0,0,1,3
PN-101372,32,LANDING GEAR,AIRBUS,A320-200,VAR,40340,19190,8810.0,12280,2,1,0,1,0,1,0,1,6
PN-101373,31,INDICATING / RECORDING SYSTEMS,AIRBUS,A320-200,YOK,1430,650,,780,2,0,0,0,0,1,0,1,4
PN-101374,77,ENGINE INDICATING,BOEING,787-9,YOK,6620,3350,,1710,3,1,0,1,0,0,1,4,10
PN-101375,79,OIL,AIRBUS,A321neo,YOK,50250,16860,,30790,1,0,0,1,0,0,0,1,3
PN-101376,80,STARTING,AIRBUS,A319-100,YOK,17540,6170,,1870,2,0,0,0,0,0,0,3,5
PN-101377,72,ENGINE,BOEING,777-F,YOK,9850,3950,,1470,4,0,0,1,2,1,0,2,10
PN-101378,35,OXYGEN,AIRBUS,A319-100,YOK,560,120,,50,1,0,0,0,0,0,0,1,2
PN-101379,36,PNEUMATIC,AIRBUS,A321neo,YOK,210,120,,80,3,1,0,2,2,0,0,3,11
PN-101380,80,STARTING,BOEING,737-800,YOK,410,100,,50,3,1,0,3,1,1,1,2,12
PN-101381,28,FUEL,BOEING,777-300ER,VAR,410,220,50.0,70,4,1,1,2,4,2,1,4,19
PN-101382,30,ICE & RAIN PROTECTION,BOEING,737-800,YOK,12550,6930,,5370,1,1,0,1,0,0,0,1,4
PN-101383,77,ENGINE INDICATING,AIRBUS,A321neo,YOK,5120,2090,,940,5,2,0,4,1,0,1,4,17
PN-101384,31,INDICATING / RECORDING SYSTEMS,BOEING,787-9,YOK,6830,2350,,1040,2,0,0,0,0,0,0,0,2
PN-101385,27,FLIGHT CONTROLS,AIRBUS,A319-100,VAR,2500,1740,850.0,1510,1,0,0,0,0,0,0,1,2
PN-101386,36,PNEUMATIC,BOEING,787-9,VAR,220,70,50.0,50,1,0,0,0,1,0,0,0,2
PN-101387,29,HYDRAULIC POWER,BOEING,737 MAX 8,YOK,13220,3800,,2730,1,0,0,4,1,0,1,2,9
PN-101388,77,ENGINE INDICATING,BOEING,777-300ER,YOK,2610,1760,,460,9,3,0,1,2,0,1,1,17
PN-101389,77,ENGINE INDICATING,AIRBUS,A320neo,YOK,6290,2470,,2420,1,0,0,1,0,0,0,1,3
PN-101390,28,FUEL,AIRBUS,A320-200,VAR,4060,2220,840.0,1430,1,1,0,0,0,0,1,1,4
PN-101391,35,OXYGEN,BOEING,737-800,YOK,8400,2740,,1540,1,1,0,1,0,0,0,0,3
PN-101392,80,STARTING,AIRBUS,A330-200,VAR,2060,1660,710.0,1080,6,0,0,1,1,2,0,1,11
PN-101393,72,ENGINE,AIRBUS,A330-200,YOK,2160,600,,940,4,1,0,1,0,1,0,1,8
PN-101394,26,FIRE PROTECTION,BOEING,777-300ER,YOK,2090,530,,660,1,0,0,0,0,0,0,1,2
PN-101395,49,AIRBORNE AUXILIARY POWER (APU),AIRBUS,A350-900,VAR,2110,240,220.0,290,1,1,0,0,0,0,0,0,2
PN-101396,52,DOORS,AIRBUS,A321-200,VAR,27230,17670,7800.0,12260,1,0,1,0,0,0,0,1,3
PN-101397,52,DOORS,AIRBUS,A321neo,YOK,710,160,,70,3,0,0,2,0,4,1,3,13
PN-101398,21,AIR CONDITIONING,AIRBUS,A320-200,YOK,9170,1840,,670,3,1,0,0,1,0,0,3,8
PN-101399,28,FUEL,AIRBUS,A320neo,VAR,17990,11650,3350.0,4820,1,0,0,0,1,0,0,1,3
PN-101400,76,ENGINE CONTROLS,AIRBUS,A320-200,YOK,920,330,,110,4,2,0,3,3,0,0,6,18
PN-101401,27,FLIGHT CONTROLS,BOEING,737 MAX 8,YOK,390,200,,90,1,0,0,1,1,0,0,1,4
PN-101402,28,FUEL,BOEING,737-800,YOK,2090,1260,,1110,8,1,0,4,5,3,0,3,24
PN-101403,29,HYDRAULIC POWER,AIRBUS,A330-200,VAR,10180,4630,760.0,1040,8,2,1,2,4,2,1,11,31
PN-101404,25,EQUIPMENT / FURNISHINGS,AIRBUS,A321-200,VAR,13160,1290,780.0,1370,1,0,0,1,2,1,0,0,5
PN-101405,25,EQUIPMENT / FURNISHINGS,BOEING,737-800,YOK,58560,26670,,20790,1,0,0,0,0,0,0,0,1
PN-101406,30,ICE & RAIN PROTECTION,BOEING,737 MAX 8,YOK,4610,1900,,2070,12,1,0,5,11,2,0,10,41
PN-101407,76,ENGINE CONTROLS,BOEING,777-300ER,YOK,19130,5900,,2290,3,1,0,1,0,1,1,1,8
PN-101408,21,AIR CONDITIONING,AIRBUS,A330-300,YOK,1930,700,,370,2,2,0,1,0,0,0,1,6
PN-101409,28,FUEL,BOEING,737 MAX 8,YOK,3570,820,,1070,6,3,0,3,1,0,1,2,16
PN-101410,22,AUTO FLIGHT,AIRBUS,A330-200,YOK,3720,1990,,1050,3,1,0,4,1,0,0,2,11
PN-101411,36,PNEUMATIC,AIRBUS,A321neo,YOK,980,400,,360,7,2,0,3,0,0,0,5,17
PN-101412,27,FLIGHT CONTROLS,BOEING,737 MAX 8,VAR,810,210,120.0,230,1,1,1,1,0,0,0,0,4
PN-101413,73,ENGINE FUEL AND CONTROL,AIRBUS,A321-200,YOK,870,330,,550,5,1,0,2,0,0,1,2,11
PN-101414,49,AIRBORNE AUXILIARY POWER (APU),AIRBUS,A321-200,VAR,15930,9180,3270.0,6000,1,1,0,0,0,0,0,1,3
PN-101415,73,ENGINE FUEL AND CONTROL,AIRBUS,A321-200,YOK,15930,6880,,6640,3,1,0,1,2,0,2,6,15
PN-101416,52,DOORS,AIRBUS,A330-200,YOK,170,90,,50,1,1,0,0,0,0,0,2,4
PN-101417,32,LANDING GEAR,AIRBUS,A330-300,YOK,3190,1270,,1550,5,3,0,3,1,0,0,1,13
PN-101418,76,ENGINE CONTROLS,BOEING,737-800,VAR,1570,680,230.0,320,2,0,0,0,1,1,0,1,5
PN-101419,34,NAVIGATION,AIRBUS,A321neo,VAR,2490,800,230.0,330,2,1,1,0,0,0,0,1,5
PN-101420,79,OIL,AIRBUS,A320neo,YOK,1530,700,,510,1,1,0,1,0,0,0,0,3
PN-101421,80,STARTING,BOEING,737 MAX 8,VAR,1100,580,460.0,850,4,2,1,2,0,1,0,4,14
PN-101422,49,AIRBORNE AUXILIARY POWER (APU),AIRBUS,A321-200,YOK,2010,770,,150,11,5,0,4,1,1,1,8,31
PN-101423,56,WINDOWS,BOEING,777-300ER,YOK,3070,1190,,750,1,0,0,0,0,0,0,1,2
PN-101424,27,FLIGHT CONTROLS,AIRBUS,A320neo,YOK,2320,1200,,710,4,0,0,1,0,4,0,3,12
PN-101425,74,IGNITION,AIRBUS,A330-300,YOK,5770,2340,,1900,3,0,0,1,1,1,0,1,7
PN-101426,56,WINDOWS,AIRBUS,A330-200,YOK,81100,53750,,22350,2,0,0,0,0,1,0,1,4
PN-101427,77,ENGINE INDICATING,BOEING,737 MAX 8,YOK,1630,1150,,420,0,0,0,1,0,0,0,0,1
PN-101428,27,FLIGHT CONTROLS,AIRBUS,A320-200,VAR,1780,710,280.0,410,1,0,0,0,0,0,0,1,2
PN-101429,73,ENGINE FUEL AND CONTROL,BOEING,777-300ER,YOK,3500,1730,,2930,1,0,0,1,1,0,0,1,4
PN-101430,34,NAVIGATION,AIRBUS,A330-200,VAR,3860,760,230.0,350,1,0,0,0,0,0,0,0,1
PN-101431,25,EQUIPMENT / FURNISHINGS,AIRBUS,A330-300,VAR,1360,820,400.0,570,7,3,0,1,0,3,0,2,16
PN-101432,25,EQUIPMENT / FURNISHINGS,AIRBUS,A330-200,VAR,8680,4520,950.0,1270,2,0,0,1,0,1,1,1,6
PN-101433,36,PNEUMATIC,AIRBUS,A319-100,YOK,75970,51480,,41100,1,1,0,1,0,1,0,1,5
PN-101434,29,HYDRAULIC POWER,AIRBUS,A330-200,YOK,1580,550,,680,1,0,0,0,0,0,0,0,1
PN-101435,23,COMMUNICATIONS,AIRBUS,A320neo,YOK,150,50,,50,0,0,0,0,0,0,0,1,1
PN-101436,32,LANDING GEAR,AIRBUS,A321-200,VAR,12040,8380,1740.0,3080,5,0,0,1,0,0,1,3,10
PN-101437,52,DOORS,BOEING,737-800,YOK,2090,530,,630,6,7,0,2,1,1,0,9,26
PN-101438,29,HYDRAULIC POWER,AIRBUS,A330-200,YOK,22620,5400,,1910,1,1,0,0,0,0,1,2,5
PN-101439,79,OIL,AIRBUS,A320-200,YOK,45420,23950,,4470,4,2,0,3,0,0,1,4,14
PN-101440,73,ENGINE FUEL AND CONTROL,AIRBUS,A320-200,VAR,4200,1810,560.0,690,2,0,1,0,0,1,0,1,5
PN-101441,35,OXYGEN,AIRBUS,A320-200,YOK,3170,960,,470,2,0,0,1,0,0,0,1,4
PN-101442,79,OIL,AIRBUS,A320neo,VAR,1510,740,300.0,610,6,0,3,2,3,0,0,6,20
PN-101443,32,LANDING GEAR,AIRBUS,A350-900,YOK,2400,620,,450,2,2,0,1,0,1,0,2,8
PN-101444,24,ELECTRICAL POWER,AIRBUS,A320-200,VAR,160,100,50.0,60,2,0,0,1,0,0,0,1,4
PN-101445,21,AIR CONDITIONING,BOEING,777-300ER,VAR,61960,41220,36240.0,56380,8,1,0,2,1,4,4,6,26
PN-101446,79,OIL,AIRBUS,A320neo,YOK,4930,420,,460,3,1,0,2,1,0,0,0,7
PN-101447,79,OIL,AIRBUS,A320-200,YOK,2260,760,,150,5,2,0,3,3,1,1,3,18
PN-101448,72,ENGINE,BOEING,737 MAX 8,YOK,1370,410,,130,2,1,0,1,1,0,0,1,6
PN-101449,23,COMMUNICATIONS,AIRBUS,A321-200,VAR,6940,2710,670.0,1020,4,2,2,3,4,0,1,2,18
PN-101450,28,FUEL,AIRBUS,A321neo,YOK,7610,3800,,3110,3,0,0,1,0,1,1,2,8
PN-101451,22,AUTO FLIGHT,BOEING,777-F,YOK,34900,25480,,8970,3,0,0,1,1,0,1,3,9
PN-101452,22,AUTO FLIGHT,BOEING,777-F,VAR,57680,24190,12050.0,20050,3,0,1,1,1,0,0,1,7
PN-101453,27,FLIGHT CONTROLS,BOEING,737-800,YOK,2770,2080,,790,2,0,0,1,0,0,0,2,5
PN-101454,36,PNEUMATIC,AIRBUS,A320-200,YOK,2570,770,,210,3,0,0,0,0,0,1,1,5
PN-101455,22,AUTO FLIGHT,AIRBUS,A330-300,YOK,1300,630,,420,2,0,0,0,1,1,0,0,4
PN-101456,80,STARTING,BOEING,787-9,YOK,5260,660,,400,3,1,0,4,2,2,0,4,16
PN-101457,32,LANDING GEAR,BOEING,777-F,YOK,1250,510,,370,2,2,0,1,0,1,0,3,9
PN-101458,27,FLIGHT CONTROLS,AIRBUS,A320-200,VAR,30760,18960,15440.0,19070,1,0,0,0,0,0,1,0,2
PN-101459,35,OXYGEN,AIRBUS,A321-200,YOK,240,50,,50,1,0,0,0,0,0,0,0,1
PN-101460,73,ENGINE FUEL AND CONTROL,AIRBUS,A321-200,YOK,9820,6120,,4560,1,0,0,1,0,0,0,0,2
PN-101461,29,HYDRAULIC POWER,AIRBUS,A320-200,YOK,2720,1410,,480,7,1,0,3,0,1,3,0,15
PN-101462,22,AUTO FLIGHT,BOEING,737-800,YOK,2480,1100,,420,1,0,0,0,0,0,0,1,2
PN-101463,22,AUTO FLIGHT,AIRBUS,A320neo,YOK,4500,1740,,920,3,0,0,1,1,0,1,2,8
PN-101464,76,ENGINE CONTROLS,AIRBUS,A321-200,YOK,430,200,,150,2,2,0,1,0,1,0,1,7
PN-101465,23,COMMUNICATIONS,AIRBUS,A320-200,YOK,1580,1140,,670,2,0,0,1,0,0,1,1,5
PN-101466,52,DOORS,AIRBUS,A330-200,YOK,1670,870,,1050,2,0,0,1,1,1,0,2,7
PN-101467,30,ICE & RAIN PROTECTION,AIRBUS,A320-200,YOK,330,180,,140,3,1,0,0,0,0,1,1,6
PN-101468,73,ENGINE FUEL AND CONTROL,AIRBUS,A321neo,YOK,210,170,,70,0,0,0,1,0,0,0,0,1
PN-101469,22,AUTO FLIGHT,AIRBUS,A320-200,VAR,2530,1130,390.0,760,1,0,1,1,0,0,0,1,4
PN-101470,77,ENGINE INDICATING,BOEING,777-F,YOK,2450,1000,,1250,2,0,0,1,0,2,0,4,9
PN-101471,71,POWER PLANT,AIRBUS,A320-200,YOK,1250,650,,680,6,8,0,6,4,0,3,5,32
PN-101472,32,LANDING GEAR,AIRBUS,A330-200,VAR,6650,4260,1580.0,2660,16,13,6,1,3,1,2,5,47
PN-101473,26,FIRE PROTECTION,AIRBUS,A320neo,YOK,6040,2490,,2480,1,0,0,0,0,0,0,0,1
PN-101474,80,STARTING,AIRBUS,A320-200,YOK,1810,560,,250,2,0,0,0,0,1,1,1,5
PN-101475,28,FUEL,AIRBUS,A320neo,YOK,1520,910,,310,0,0,0,1,0,0,0,1,2
PN-101476,34,NAVIGATION,AIRBUS,A319-100,VAR,10600,2500,720.0,1230,13,2,0,2,2,1,1,5,26
PN-101477,31,INDICATING / RECORDING SYSTEMS,AIRBUS,A320-200,YOK,450,70,,50,7,3,0,3,0,0,1,1,15
PN-101478,26,FIRE PROTECTION,AIRBUS,A330-200,YOK,1110,460,,250,1,1,0,2,0,1,0,0,5
PN-101479,31,INDICATING / RECORDING SYSTEMS,BOEING,737-800,VAR,5600,2550,870.0,1330,2,0,1,0,0,0,1,3,7
PN-101480,24,ELECTRICAL POWER,AIRBUS,A320-200,YOK,580,190,,160,14,2,0,1,1,2,2,6,28
PN-101481,21,AIR CONDITIONING,AIRBUS,A321neo,VAR,5100,1740,640.0,940,7,1,1,1,3,0,1,8,22
PN-101482,28,FUEL,AIRBUS,A330-300,YOK,230,170,,120,7,1,0,3,2,0,2,4,19
PN-101483,23,COMMUNICATIONS,AIRBUS,A320neo,VAR,840,380,200.0,360,4,1,0,0,1,0,0,2,8
PN-101484,31,INDICATING / RECORDING SYSTEMS,AIRBUS,A321-200,VAR,3540,1820,1230.0,2320,1,0,0,0,1,1,0,1,4
PN-101485,76,ENGINE CONTROLS,AIRBUS,A320-200,YOK,5640,1330,,380,5,0,0,2,1,0,1,3,12
PN-101486,25,EQUIPMENT / FURNISHINGS,AIRBUS,A320neo,YOK,5410,4040,,2490,6,1,0,1,0,0,0,1,9
PN-101487,21,AIR CONDITIONING,AIRBUS,A321neo,VAR,3880,1000,1660.0,2670,2,1,0,1,0,0,1,1,6
PN-101488,23,COMMUNICATIONS,BOEING,787-9,YOK,4880,2210,,1070,2,0,0,0,0,0,1,1,4
PN-101489,35,OXYGEN,BOEING,787-9,VAR,1740,480,240.0,370,4,1,2,2,0,0,0,1,10
PN-101490,28,FUEL,BOEING,787-9,YOK,180,100,,120,9,6,0,5,1,1,1,7,30
PN-101491,34,NAVIGATION,AIRBUS,A321neo,YOK,230,170,,140,1,0,0,1,0,0,1,0,3
PN-101492,21,AIR CONDITIONING,AIRBUS,A320-200,YOK,6190,3650,,1530,2,1,0,1,0,0,0,2,6
PN-101493,29,HYDRAULIC POWER,AIRBUS,A321-200,VAR,13790,6340,2450.0,3760,5,1,0,1,0,2,0,3,12
PN-101494,31,INDICATING / RECORDING SYSTEMS,AIRBUS,A320neo,YOK,210,50,,50,3,1,0,2,1,1,0,1,9
PN-101495,32,LANDING GEAR,AIRBUS,A319-100,VAR,4020,1060,600.0,1090,2,1,0,0,0,0,0,3,6
PN-101496,36,PNEUMATIC,AIRBUS,A320-200,VAR,150,50,50.0,60,13,3,1,5,0,1,2,3,28
PN-101497,73,ENGINE FUEL AND CONTROL,AIRBUS,A321neo,YOK,2460,860,,560,6,1,0,2,1,1,0,1,12
PN-101498,34,NAVIGATION,AIRBUS,A321-200,YOK,1130,720,,870,3,0,0,2,2,0,0,4,11
PN-101499,74,IGNITION,AIRBUS,A320-200,VAR,4840,2860,750.0,1280,7,1,5,1,1,3,2,2,22
PN-101500,35,OXYGEN,BOEING,737-800,YOK,15540,9630,,3720,1,0,0,1,0,0,0,0,2
PN-101501,27,FLIGHT CONTROLS,AIRBUS,A321-200,YOK,11200,3170,,750,3,1,0,2,0,0,0,1,7
PN-101502,26,FIRE PROTECTION,BOEING,737 MAX 8,YOK,3310,2020,,2190,1,0,0,0,0,0,0,0,1
PN-101503,29,HYDRAULIC POWER,AIRBUS,A320neo,YOK,1440,520,,210,2,2,0,0,1,1,0,2,8
PN-101504,49,AIRBORNE AUXILIARY POWER (APU),AIRBUS,A330-200,YOK,560,60,,50,1,0,0,0,0,0,0,1,2
PN-101505,27,FLIGHT CONTROLS,AIRBUS,A320-200,YOK,290,70,,50,2,2,0,2,4,0,2,2,14
PN-101506,77,ENGINE INDICATING,AIRBUS,A330-200,YOK,4550,2480,,3300,4,1,0,2,0,0,0,2,9
PN-101507,34,NAVIGATION,AIRBUS,A320-200,YOK,5710,3280,,3380,1,0,0,1,0,1,1,1,5
PN-101508,76,ENGINE CONTROLS,AIRBUS,A320-200,YOK,140,60,,50,2,0,0,1,0,0,0,2,5
PN-101509,56,WINDOWS,AIRBUS,A350-900,YOK,250,60,,50,3,0,0,1,1,0,1,1,7
PN-101510,29,HYDRAULIC POWER,AIRBUS,A320neo,YOK,2150,1210,,400,2,0,0,1,0,0,0,0,3
PN-101511,26,FIRE PROTECTION,AIRBUS,A320-200,VAR,400,190,50.0,90,1,0,0,1,1,0,0,1,4
PN-101512,72,ENGINE,BOEING,777-300ER,YOK,22630,5880,,3720,10,2,0,2,1,0,0,7,22
PN-101513,29,HYDRAULIC POWER,AIRBUS,A319-100,YOK,1210,550,,300,1,0,0,1,0,0,0,0,2
PN-101514,27,FLIGHT CONTROLS,AIRBUS,A330-300,YOK,1680,440,,250,2,1,0,1,2,2,0,6,14
PN-101515,79,OIL,AIRBUS,A330-300,YOK,3810,990,,1290,1,0,0,0,0,0,0,0,1
PN-101516,34,NAVIGATION,AIRBUS,A320neo,YOK,3030,1470,,470,2,0,0,2,0,1,0,1,6
PN-101517,22,AUTO FLIGHT,AIRBUS,A321neo,YOK,2960,1080,,480,1,0,0,0,0,0,0,1,2
PN-101518,34,NAVIGATION,AIRBUS,A320-200,VAR,19450,2840,530.0,920,8,7,1,2,0,0,0,6,24
PN-101519,32,LANDING GEAR,BOEING,737-800,YOK,1590,720,,510,2,0,0,0,0,0,1,1,4
PN-101520,76,ENGINE CONTROLS,AIRBUS,A320neo,YOK,590,290,,160,0,0,0,0,0,0,0,1,1
PN-101521,71,POWER PLANT,AIRBUS,A320neo,VAR,2850,1770,1050.0,1910,3,1,1,1,0,1,0,1,8
PN-101522,25,EQUIPMENT / FURNISHINGS,AIRBUS,A321-200,VAR,1960,900,280.0,480,1,1,0,0,0,0,0,1,3
PN-101523,24,ELECTRICAL POWER,BOEING,777-300ER,YOK,2960,1530,,660,1,1,0,0,0,0,0,0,2
PN-101524,49,AIRBORNE AUXILIARY POWER (APU),BOEING,737-900ER,YOK,21280,9200,,3380,5,0,0,3,0,1,1,3,13
PN-101525,22,AUTO FLIGHT,BOEING,777-F,YOK,4110,2060,,1310,1,0,0,0,0,0,0,0,1
PN-101526,29,HYDRAULIC POWER,BOEING,737-800,YOK,11230,4000,,4360,1,0,0,0,1,0,0,1,3
PN-101527,24,ELECTRICAL POWER,BOEING,737-800,YOK,13020,6810,,810,1,1,0,1,0,0,0,2,5
PN-101528,21,AIR CONDITIONING,AIRBUS,A321neo,VAR,34420,9890,1420.0,2330,4,3,1,0,1,1,4,1,15
PN-101529,77,ENGINE INDICATING,BOEING,777-300ER,YOK,300,130,,100,6,5,0,2,2,1,0,3,19
PN-101530,23,COMMUNICATIONS,AIRBUS,A330-200,VAR,500,230,50.0,70,1,3,1,0,2,4,1,2,14
PN-101531,21,AIR CONDITIONING,AIRBUS,A321-200,YOK,290,150,,100,3,0,0,1,0,1,0,1,6
PN-101532,79,OIL,BOEING,737-800,YOK,13310,7070,,5550,0,0,0,1,0,0,0,0,1
PN-101533,25,EQUIPMENT / FURNISHINGS,AIRBUS,A330-300,VAR,110,50,50.0,50,2,1,0,1,0,0,1,1,6
PN-101534,74,IGNITION,AIRBUS,A320-200,YOK,650,190,,60,8,3,0,2,0,1,1,2,17
PN-101535,21,AIR CONDITIONING,AIRBUS,A321-200,VAR,3960,2370,630.0,1020,3,3,0,1,0,1,10,4,22
PN-101536,24,ELECTRICAL POWER,AIRBUS,A321-200,VAR,230,130,130.0,180,4,2,0,2,0,1,0,3,12
PN-101537,23,COMMUNICATIONS,BOEING,737 MAX 8,YOK,57370,28760,,25510,1,0,0,0,0,0,0,1,2
PN-101538,71,POWER PLANT,AIRBUS,A321-200,YOK,970,310,,110,3,1,0,0,1,0,0,0,5
PN-101539,52,DOORS,BOEING,737 MAX 8,VAR,4370,2000,3300.0,4370,13,1,1,4,1,1,1,3,25
PN-101540,34,NAVIGATION,AIRBUS,A321neo,YOK,360,100,,100,1,0,0,1,0,0,0,0,2
PN-101541,27,FLIGHT CONTROLS,BOEING,737-800,VAR,31520,17590,3880.0,7840,1,0,0,1,0,1,0,0,3
PN-101542,23,COMMUNICATIONS,AIRBUS,A320-200,VAR,660,260,250.0,530,2,6,1,1,0,0,1,1,12
PN-101543,36,PNEUMATIC,BOEING,777-300ER,YOK,9750,4190,,1570,2,1,0,0,0,0,0,1,4
PN-101544,26,FIRE PROTECTION,AIRBUS,A321neo,YOK,5860,2530,,2500,1,0,0,0,0,0,0,0,1
PN-101545,49,AIRBORNE AUXILIARY POWER (APU),AIRBUS,A320neo,YOK,110990,58960,,65310,12,1,0,8,2,3,3,3,32
PN-101546,56,WINDOWS,AIRBUS,A320neo,VAR,1250,110,80.0,120,3,1,0,0,1,0,0,1,6
PN-101547,76,ENGINE CONTROLS,AIRBUS,A320neo,YOK,100,50,,50,2,1,0,0,0,0,0,1,4
PN-101548,34,NAVIGATION,AIRBUS,A321-200,VAR,3400,910,200.0,380,1,0,0,0,0,0,0,1,2
PN-101549,21,AIR CONDITIONING,BOEING,737-800,YOK,3610,2500,,2090,17,6,0,8,1,4,1,10,47
PN-101550,28,FUEL,BOEING,777-F,VAR,1740,690,110.0,200,3,1,1,0,0,0,0,1,6
PN-101551,76,ENGINE CONTROLS,BOEING,737-800,YOK,750,380,,160,6,2,0,5,1,4,0,3,21
PN-101552,35,OXYGEN,AIRBUS,A330-300,VAR,8790,3470,1560.0,2600,3,1,0,0,1,1,0,2,8
PN-101553,52,DOORS,AIRBUS,A321neo,YOK,6710,4820,,2640,1,0,0,1,0,0,0,1,3
PN-101554,32,LANDING GEAR,BOEING,737 MAX 8,YOK,2630,1190,,370,2,1,0,1,0,1,0,2,7
PN-101555,25,EQUIPMENT / FURNISHINGS,BOEING,737 MAX 8,VAR,1530,830,190.0,380,6,2,2,1,0,1,0,4,16
PN-101556,77,ENGINE INDICATING,AIRBUS,A321-200,YOK,3890,1560,,770,13,1,0,2,1,1,4,0,22
PN-101557,73,ENGINE FUEL AND CONTROL,BOEING,777-F,YOK,3360,2350,,3160,0,0,0,0,0,0,0,1,1
PN-101558,80,STARTING,AIRBUS,A321-200,YOK,4450,1140,,3240,4,1,0,1,0,1,2,2,11
PN-101559,76,ENGINE CONTROLS,BOEING,737-900ER,YOK,1090,630,,120,2,1,0,1,0,0,0,1,5
PN-101560,28,FUEL,BOEING,787-9,VAR,1940,410,200.0,310,1,0,0,1,0,0,0,1,3
PN-101561,27,FLIGHT CONTROLS,BOEING,737-800,YOK,1680,1170,,1680,4,1,0,1,0,1,0,2,9
PN-101562,27,FLIGHT CONTROLS,AIRBUS,A320-200,YOK,470,190,,60,1,0,0,0,0,0,0,1,2
PN-101563,77,ENGINE INDICATING,AIRBUS,A330-300,YOK,1530,980,,610,2,0,0,1,0,0,0,1,4
PN-101564,36,PNEUMATIC,AIRBUS,A320-200,YOK,530,350,,130,1,0,0,1,0,1,0,0,3
PN-101565,32,LANDING GEAR,BOEING,737-900ER,YOK,3690,2470,,1990,3,1,0,1,1,0,0,1,7
PN-101566,80,STARTING,AIRBUS,A321-200,YOK,100,50,,50,1,1,0,1,0,0,0,3,6
PN-101567,49,AIRBORNE AUXILIARY POWER (APU),BOEING,737-800,VAR,6020,1350,240.0,310,2,0,0,0,0,0,0,1,3
PN-101568,77,ENGINE INDICATING,BOEING,777-300ER,YOK,480,250,,240,5,2,0,8,0,3,4,2,24
PN-101569,80,STARTING,AIRBUS,A320-200,YOK,2650,990,,920,5,1,0,2,0,1,0,1,10
PN-101570,23,COMMUNICATIONS,AIRBUS,A321-200,YOK,1260,200,,150,10,4,0,4,0,3,3,2,26
PN-101571,30,ICE & RAIN PROTECTION,BOEING,737-800,YOK,1100,320,,360,2,0,0,1,0,0,0,1,4
PN-101572,72,ENGINE,AIRBUS,A321neo,YOK,7650,1850,,1560,2,0,0,1,0,1,1,2,7
PN-101573,74,IGNITION,AIRBUS,A320-200,YOK,8950,5880,,2420,10,2,0,2,0,1,2,5,22
PN-101574,24,ELECTRICAL POWER,AIRBUS,A319-100,VAR,390,220,70.0,110,2,1,0,0,0,0,1,1,5
PN-101575,29,HYDRAULIC POWER,AIRBUS,A321neo,YOK,47060,24350,,7140,2,0,0,2,1,0,1,2,8
PN-101576,36,PNEUMATIC,BOEING,737-800,VAR,4500,890,280.0,410,2,0,1,2,2,0,2,1,10
PN-101577,73,ENGINE FUEL AND CONTROL,AIRBUS,A330-300,YOK,2090,380,,170,1,1,0,0,0,0,0,1,3
PN-101578,23,COMMUNICATIONS,AIRBUS,A320-200,YOK,1880,950,,330,2,1,0,4,1,0,0,2,10
PN-101579,49,AIRBORNE AUXILIARY POWER (APU),AIRBUS,A321neo,VAR,2700,1080,170.0,310,5,0,1,4,1,0,1,2,14
PN-101580,28,FUEL,AIRBUS,A321-200,VAR,880,300,130.0,200,9,2,1,0,1,2,1,5,21
PN-101581,26,FIRE PROTECTION,AIRBUS,A320neo,YOK,28550,4630,,5090,4,2,0,0,0,0,1,1,8
PN-101582,35,OXYGEN,BOEING,737-800,YOK,2250,1320,,520,1,1,0,3,1,0,1,5,12
PN-101583,31,INDICATING / RECORDING SYSTEMS,AIRBUS,A321-200,VAR,5970,3180,1740.0,2940,1,0,0,1,1,0,1,1,5
PN-101584,52,DOORS,AIRBUS,A330-300,YOK,760,250,,110,1,0,0,0,0,0,1,0,2
PN-101585,29,HYDRAULIC POWER,BOEING,777-300ER,YOK,2000,1060,,1390,19,11,0,10,2,1,3,13,59
PN-101586,74,IGNITION,AIRBUS,A330-200,YOK,550,290,,210,1,0,0,0,0,0,0,0,1
PN-101587,23,COMMUNICATIONS,AIRBUS,A350-900,VAR,14870,4650,2280.0,4290,1,0,0,0,0,0,0,0,1
PN-101588,76,ENGINE CONTROLS,AIRBUS,A320-200,YOK,2430,1070,,440,2,1,0,2,0,0,1,4,10
PN-101589,21,AIR CONDITIONING,AIRBUS,A320-200,YOK,3850,2630,,1890,12,6,0,5,0,1,1,7,32
PN-101590,72,ENGINE,AIRBUS,A320-200,YOK,6100,2810,,2920,4,1,0,2,2,1,1,3,14
PN-101591,30,ICE & RAIN PROTECTION,BOEING,737-900ER,VAR,1260,680,250.0,410,5,1,0,2,2,0,1,2,13
PN-101592,30,ICE & RAIN PROTECTION,BOEING,737 MAX 8,VAR,86340,30040,15350.0,19530,0,0,0,0,0,0,0,1,1
PN-101593,21,AIR CONDITIONING,AIRBUS,A320-200,VAR,1070,280,90.0,100,2,0,1,1,0,0,0,1,5
PN-101594,71,POWER PLANT,AIRBUS,A320neo,VAR,4140,1940,480.0,600,1,0,0,0,0,0,0,0,1
PN-101595,25,EQUIPMENT / FURNISHINGS,AIRBUS,A321-200,YOK,6750,5150,,3980,2,1,0,3,1,0,0,2,9
PN-101596,56,WINDOWS,AIRBUS,A330-300,YOK,1550,1100,,1210,0,0,0,0,0,0,0,1,1
PN-101597,71,POWER PLANT,AIRBUS,A350-900,VAR,2790,1140,690.0,840,1,0,0,0,0,0,0,1,2
PN-101598,74,IGNITION,BOEING,737-800,YOK,800,260,,200,3,1,0,1,0,0,0,2,7
PN-101599,71,POWER PLANT,BOEING,777-300ER,VAR,3250,1140,2060.0,2770,8,1,3,1,1,1,0,4,19
PN-101600,28,FUEL,AIRBUS,A321-200,VAR,32380,7510,1700.0,2800,2,1,0,0,2,0,0,1,6
PN-101601,72,ENGINE,BOEING,737-800,YOK,1000,750,,440,5,2,0,3,1,3,3,3,20
PN-101602,74,IGNITION,AIRBUS,A330-300,YOK,2710,1770,,450,4,1,0,1,0,0,0,1,7
PN-101603,29,HYDRAULIC POWER,AIRBUS,A321-200,YOK,1500,830,,180,3,0,0,0,0,1,1,2,7
PN-101604,24,ELECTRICAL POWER,BOEING,777-300ER,VAR,29540,11390,8880.0,11510,2,0,0,0,0,0,0,1,3
PN-101605,77,ENGINE INDICATING,AIRBUS,A320-200,VAR,8930,2730,810.0,1490,3,1,0,0,1,0,1,4,10
PN-101606,24,ELECTRICAL POWER,BOEING,737-800,YOK,2270,1720,,1290,4,1,0,4,1,2,1,1,14
PN-101607,49,AIRBORNE AUXILIARY POWER (APU),BOEING,737-800,VAR,1550,1090,180.0,230,5,2,1,1,3,0,0,6,18
PN-101608,27,FLIGHT CONTROLS,BOEING,777-300ER,VAR,11900,6020,6220.0,9680,4,0,1,2,1,0,1,1,10
PN-101609,24,ELECTRICAL POWER,AIRBUS,A330-200,YOK,19520,11840,,5460,1,0,0,1,0,0,0,1,3
PN-101610,73,ENGINE FUEL AND CONTROL,AIRBUS,A321-200,YOK,4570,1160,,510,6,2,0,1,1,2,1,2,15
PN-101611,24,ELECTRICAL POWER,BOEING,737 MAX 8,YOK,3960,2480,,2120,1,1,0,2,1,0,1,2,8
PN-101612,56,WINDOWS,BOEING,737-900ER,YOK,250,90,,50,1,0,0,0,0,0,0,1,2
PN-101613,71,POWER PLANT,AIRBUS,A330-200,VAR,4580,1960,810.0,1190,2,0,1,1,0,0,1,1,6
PN-101614,22,AUTO FLIGHT,BOEING,737-900ER,VAR,360,120,50.0,50,1,1,0,0,0,0,0,1,3
PN-101615,25,EQUIPMENT / FURNISHINGS,AIRBUS,A320neo,YOK,100,50,,50,4,0,0,3,0,1,0,2,10
PN-101616,73,ENGINE FUEL AND CONTROL,AIRBUS,A330-300,VAR,1360,410,210.0,320,1,0,1,0,0,0,0,0,2
PN-101617,35,OXYGEN,BOEING,737 MAX 8,YOK,1880,910,,1140,1,0,0,1,0,0,0,0,2
PN-101618,24,ELECTRICAL POWER,AIRBUS,A321-200,VAR,12600,6070,3760.0,5740,3,0,0,1,0,0,0,2,6
PN-101619,80,STARTING,AIRBUS,A321neo,YOK,220,120,,70,10,4,0,7,2,1,0,4,28
PN-101620,27,FLIGHT CONTROLS,BOEING,777-F,YOK,6170,3390,,2060,9,0,0,4,0,0,2,4,19
PN-101621,21,AIR CONDITIONING,BOEING,737-900ER,VAR,4650,1900,1490.0,2420,0,0,0,1,0,0,0,1,2
PN-101622,79,OIL,BOEING,777-300ER,VAR,750,120,80.0,150,8,2,3,0,2,2,0,5,22
PN-101623,21,AIR CONDITIONING,AIRBUS,A321-200,YOK,1990,910,,350,4,4,0,2,1,3,0,11,25
PN-101624,36,PNEUMATIC,BOEING,787-9,VAR,940,430,100.0,160,1,1,0,0,0,0,0,0,2
PN-101625,80,STARTING,AIRBUS,A320-200,VAR,600,340,230.0,430,1,0,0,0,0,0,0,0,1
PN-101626,49,AIRBORNE AUXILIARY POWER (APU),AIRBUS,A330-200,YOK,1040,410,,160,4,1,0,1,1,0,0,1,8
PN-101627,49,AIRBORNE AUXILIARY POWER (APU),AIRBUS,A321neo,YOK,3840,1540,,1400,9,1,0,3,4,1,0,4,22
PN-101628,31,INDICATING / RECORDING SYSTEMS,BOEING,737-900ER,VAR,39560,26960,19540.0,28860,5,5,2,3,4,1,2,3,25
PN-101629,24,ELECTRICAL POWER,BOEING,777-300ER,VAR,7460,810,290.0,390,1,1,0,1,0,0,0,1,4
PN-101630,36,PNEUMATIC,BOEING,737-800,VAR,2720,570,240.0,360,5,1,2,5,1,2,4,5,25
PN-101631,77,ENGINE INDICATING,AIRBUS,A350-900,YOK,4720,1950,,770,1,0,0,0,0,0,0,0,1
PN-101632,23,COMMUNICATIONS,AIRBUS,A321neo,VAR,9070,3130,420.0,610,1,0,1,1,0,0,0,1,4
PN-101633,76,ENGINE CONTROLS,AIRBUS,A330-200,YOK,860,230,,190,2,0,0,1,0,0,1,0,4
PN-101634,31,INDICATING / RECORDING SYSTEMS,AIRBUS,A330-200,YOK,970,280,,220,7,3,0,2,2,0,0,3,17
PN-101635,35,OXYGEN,AIRBUS,A319-100,YOK,2800,1130,,1090,2,1,0,0,1,3,3,2,12
PN-101636,25,EQUIPMENT / FURNISHINGS,AIRBUS,A330-200,YOK,5370,1220,,1440,2,0,0,2,0,1,1,4,10
PN-101637,52,DOORS,BOEING,737 MAX 8,VAR,660,120,70.0,90,1,0,0,0,0,0,0,0,1
PN-101638,25,EQUIPMENT / FURNISHINGS,BOEING,737-800,VAR,3110,1320,430.0,570,2,1,1,0,1,0,2,3,10
PN-101639,28,FUEL,BOEING,737-900ER,YOK,5490,1390,,960,2,0,0,2,3,0,1,3,11
PN-101640,71,POWER PLANT,AIRBUS,A321-200,VAR,4600,1710,790.0,1250,1,0,1,0,0,0,0,0,2
PN-101641,22,AUTO FLIGHT,AIRBUS,A330-200,VAR,5230,1110,310.0,570,1,0,0,0,0,0,0,0,1
PN-101642,32,LANDING GEAR,AIRBUS,A319-100,YOK,1170,500,,220,6,7,0,3,2,2,2,4,26
PN-101643,49,AIRBORNE AUXILIARY POWER (APU),AIRBUS,A321-200,YOK,790,230,,160,3,1,0,1,1,0,0,1,7
PN-101644,24,ELECTRICAL POWER,AIRBUS,A321neo,VAR,6370,2690,1140.0,1900,1,1,0,0,0,1,0,0,3
PN-101645,28,FUEL,AIRBUS,A320neo,YOK,670,330,,290,2,2,0,1,0,0,0,1,6
PN-101646,29,HYDRAULIC POWER,AIRBUS,A319-100,YOK,4570,1170,,830,5,1,0,2,0,1,0,3,12
PN-101647,56,WINDOWS,BOEING,737-800,VAR,890,280,110.0,210,1,0,0,0,1,0,0,1,3
PN-101648,80,STARTING,AIRBUS,A321neo,YOK,1040,300,,150,1,0,0,1,0,0,0,0,2
PN-101649,74,IGNITION,AIRBUS,A321neo,YOK,2900,1130,,1070,7,4,0,3,0,0,1,9,24
PN-101650,25,EQUIPMENT / FURNISHINGS,AIRBUS,A320neo,VAR,900,320,120.0,150,2,1,0,0,1,2,1,4,11
PN-101651,21,AIR CONDITIONING,AIRBUS,A330-200,VAR,2560,1710,550.0,1030,2,1,0,0,0,0,0,2,5
PN-101652,22,AUTO FLIGHT,AIRBUS,A321neo,YOK,17970,11850,,9410,2,0,0,1,1,0,0,1,5
PN-101653,49,AIRBORNE AUXILIARY POWER (APU),AIRBUS,A321neo,YOK,15820,6230,,12610,4,2,0,1,0,1,0,3,11
PN-101654,25,EQUIPMENT / FURNISHINGS,AIRBUS,A330-300,VAR,1010,390,180.0,260,1,0,0,0,0,0,0,1,2
PN-101655,27,FLIGHT CONTROLS,AIRBUS,A319-100,YOK,7150,3500,,2390,4,2,0,1,1,0,0,2,10
PN-101656,76,ENGINE CONTROLS,BOEING,777-300ER,YOK,1220,260,,190,1,0,0,1,0,0,0,0,2
PN-101657,76,ENGINE CONTROLS,AIRBUS,A320-200,YOK,810,350,,160,1,1,0,2,0,0,1,1,6
PN-101658,74,IGNITION,AIRBUS,A321neo,YOK,1170,550,,670,1,0,0,1,0,0,0,0,2
PN-101659,27,FLIGHT CONTROLS,AIRBUS,A320neo,YOK,11780,8270,,7440,1,0,0,1,0,0,0,1,3
PN-101660,52,DOORS,AIRBUS,A330-200,YOK,3470,1720,,1130,5,5,0,3,0,1,0,5,19
PN-101661,49,AIRBORNE AUXILIARY POWER (APU),AIRBUS,A321-200,YOK,6880,1970,,870,4,0,0,1,0,1,1,2,9
PN-101662,25,EQUIPMENT / FURNISHINGS,BOEING,737 MAX 8,YOK,4560,2450,,1420,1,0,0,1,0,0,1,2,5
PN-101663,36,PNEUMATIC,AIRBUS,A321-200,VAR,280,120,50.0,50,1,0,0,0,0,0,0,0,1
PN-101664,35,OXYGEN,AIRBUS,A350-900,YOK,1510,370,,130,1,0,0,0,0,0,0,1,2
PN-101665,31,INDICATING / RECORDING SYSTEMS,AIRBUS,A320neo,YOK,9040,5430,,3610,4,2,0,2,0,0,0,1,9
PN-101666,72,ENGINE,AIRBUS,A319-100,YOK,11850,3430,,1210,8,2,0,1,0,0,1,2,14
PN-101667,56,WINDOWS,AIRBUS,A321neo,VAR,3310,1910,620.0,1240,0,0,0,0,0,0,0,1,1
PN-101668,35,OXYGEN,AIRBUS,A330-200,YOK,2130,960,,440,1,1,0,1,0,0,0,1,4
PN-101669,71,POWER PLANT,AIRBUS,A321neo,VAR,2050,1260,670.0,1010,5,1,0,0,2,0,0,2,10
PN-101670,72,ENGINE,BOEING,787-9,YOK,18470,12940,,8560,13,1,0,5,3,4,4,7,37
PN-101671,36,PNEUMATIC,BOEING,737-800,YOK,4420,2010,,1390,1,0,0,0,1,0,0,1,3
PN-101672,27,FLIGHT CONTROLS,BOEING,787-9,YOK,1200,540,,180,1,0,0,0,0,0,0,0,1
PN-101673,72,ENGINE,AIRBUS,A321-200,YOK,48050,14300,,16360,2,0,0,1,0,0,0,2,5
PN-101674,71,POWER PLANT,BOEING,737-900ER,YOK,490,230,,120,1,0,0,0,1,0,0,1,3
PN-101675,80,STARTING,AIRBUS,A330-300,VAR,960,620,150.0,250,7,0,1,1,0,0,1,3,13
PN-101676,24,ELECTRICAL POWER,AIRBUS,A350-900,YOK,3590,2110,,1120,1,0,0,0,0,0,0,0,1
PN-101677,31,INDICATING / RECORDING SYSTEMS,BOEING,787-9,VAR,550,200,80.0,120,1,1,0,0,0,0,1,1,4
PN-101678,79,OIL,BOEING,737-800,YOK,1540,600,,640,7,3,0,8,2,0,1,3,24
PN-101679,35,OXYGEN,BOEING,777-300ER,YOK,730,220,,90,2,0,0,0,1,0,0,1,4
PN-101680,79,OIL,BOEING,737-800,YOK,19450,8010,,7490,7,0,0,2,1,1,1,3,15
PN-101681,21,AIR CONDITIONING,AIRBUS,A320-200,VAR,3650,1400,780.0,1250,1,0,0,0,1,0,0,0,2
PN-101682,21,AIR CONDITIONING,BOEING,737-800,VAR,1040,350,300.0,500,1,0,0,0,0,0,0,1,2
PN-101683,73,ENGINE FUEL AND CONTROL,AIRBUS,A321neo,YOK,4480,2350,,710,8,3,0,5,1,0,0,13,30
PN-101684,30,ICE & RAIN PROTECTION,BOEING,777-300ER,VAR,280,160,60.0,110,3,0,0,1,0,1,0,1,6
PN-101685,35,OXYGEN,BOEING,737-900ER,YOK,8330,2730,,1800,2,0,0,0,1,0,0,1,4
PN-101686,32,LANDING GEAR,AIRBUS,A320-200,YOK,810,570,,330,2,0,0,0,1,0,0,1,4
PN-101687,31,INDICATING / RECORDING SYSTEMS,AIRBUS,A320-200,VAR,7140,2640,970.0,1460,2,1,1,0,1,0,0,1,6
PN-101688,79,OIL,AIRBUS,A320-200,YOK,2370,1600,,1580,1,0,0,0,0,0,0,1,2
PN-101689,23,COMMUNICATIONS,AIRBUS,A330-200,VAR,2800,1200,400.0,630,6,0,2,2,1,0,1,3,15
PN-101690,73,ENGINE FUEL AND CONTROL,AIRBUS,A320-200,YOK,5070,3250,,1440,24,7,0,19,5,5,11,24,95
PN-101691,77,ENGINE INDICATING,BOEING,737-800,VAR,1260,850,510.0,810,2,1,1,2,0,0,1,2,9
PN-101692,56,WINDOWS,AIRBUS,A330-300,VAR,1010,220,50.0,80,1,0,0,0,0,0,0,1,2
PN-101693,31,INDICATING / RECORDING SYSTEMS,BOEING,737 MAX 8,YOK,2290,1230,,240,1,0,0,0,0,0,0,0,1
PN-101694,25,EQUIPMENT / FURNISHINGS,AIRBUS,A320neo,YOK,2350,930,,1060,0,0,0,0,0,0,0,1,1
PN-101695,56,WINDOWS,AIRBUS,A330-200,YOK,680,350,,80,5,2,0,4,1,1,0,2,15
PN-101696,34,NAVIGATION,AIRBUS,A320-200,YOK,600,430,,250,1,0,0,1,0,0,0,1,3
PN-101697,24,ELECTRICAL POWER,BOEING,777-300ER,YOK,18080,11070,,6690,2,1,0,0,1,1,0,1,6
PN-101698,30,ICE & RAIN PROTECTION,AIRBUS,A320-200,YOK,2640,1210,,2050,3,1,0,2,0,1,0,2,9
PN-101699,80,STARTING,AIRBUS,A320-200,YOK,2420,650,,590,5,7,0,7,0,0,1,5,25
PN-101700,27,FLIGHT CONTROLS,AIRBUS,A320neo,YOK,13040,3650,,2840,1,0,0,1,0,1,0,3,6
PN-101701,25,EQUIPMENT / FURNISHINGS,BOEING,737-900ER,YOK,300,140,,70,1,1,0,0,0,0,0,1,3
PN-101702,56,WINDOWS,AIRBUS,A320-200,YOK,2700,1750,,470,1,1,0,1,0,0,0,1,4
PN-101703,26,FIRE PROTECTION,AIRBUS,A350-900,YOK,13590,5860,,2570,0,0,0,1,0,0,0,1,2
PN-101704,77,ENGINE INDICATING,BOEING,737-800,YOK,17470,6290,,1190,2,1,0,0,0,0,0,1,4
PN-101705,76,ENGINE CONTROLS,BOEING,737-800,VAR,9360,5160,1120.0,1740,3,1,2,1,1,0,0,1,9
PN-101706,80,STARTING,AIRBUS,A320neo,YOK,6210,1750,,2940,3,1,0,2,0,1,0,1,8
PN-101707,77,ENGINE INDICATING,AIRBUS,A320-200,YOK,940,370,,330,21,5,0,3,1,1,2,7,40
PN-101708,27,FLIGHT CONTROLS,AIRBUS,A321neo,VAR,3590,1180,480.0,780,3,1,2,1,1,1,0,2,11
PN-101709,26,FIRE PROTECTION,AIRBUS,A320neo,VAR,12600,8020,2000.0,2630,3,0,1,2,0,1,1,2,10
PN-101710,29,HYDRAULIC POWER,BOEING,737-800,VAR,5090,3720,1380.0,1930,1,0,1,0,0,0,0,1,3
PN-101711,34,NAVIGATION,AIRBUS,A321-200,YOK,13230,6730,,6930,8,0,0,1,0,1,0,1,11
PN-101712,76,ENGINE CONTROLS,AIRBUS,A321neo,YOK,3220,1850,,930,1,0,0,1,0,0,0,1,3
PN-101713,72,ENGINE,AIRBUS,A320-200,YOK,520,330,,140,7,1,0,3,2,1,1,2,17
PN-101714,52,DOORS,AIRBUS,A330-300,YOK,1210,700,,500,2,1,0,1,1,0,1,2,8
PN-101715,76,ENGINE CONTROLS,AIRBUS,A320-200,VAR,1440,720,300.0,610,2,0,1,0,0,0,1,2,6
PN-101716,52,DOORS,BOEING,737-800,VAR,8050,3000,430.0,900,11,5,5,0,6,3,1,8,39
PN-101717,30,ICE & RAIN PROTECTION,AIRBUS,A320-200,VAR,2850,2230,390.0,550,4,2,1,1,4,0,0,7,19
PN-101718,31,INDICATING / RECORDING SYSTEMS,BOEING,787-9,YOK,28830,11630,,2270,8,2,0,4,0,1,1,1,17
PN-101719,35,OXYGEN,BOEING,737-800,VAR,39960,18340,7800.0,12030,1,1,1,1,1,0,0,2,7
PN-101720,23,COMMUNICATIONS,AIRBUS,A320-200,VAR,460,260,60.0,80,7,4,2,2,1,1,5,3,25
PN-101721,72,ENGINE,AIRBUS,A319-100,YOK,1000,420,,260,1,0,0,0,0,1,0,1,3
PN-101722,52,DOORS,AIRBUS,A321-200,VAR,6750,2470,1100.0,2170,8,0,2,1,0,1,1,2,15
PN-101723,72,ENGINE,AIRBUS,A320-200,YOK,3700,1720,,750,2,0,0,0,1,0,1,1,5
PN-101724,35,OXYGEN,AIRBUS,A320neo,YOK,7430,3130,,650,1,0,0,0,0,0,0,1,2
PN-101725,73,ENGINE FUEL AND CONTROL,BOEING,737 MAX 8,YOK,21490,7500,,3760,4,1,0,3,1,2,0,2,13
PN-101726,79,OIL,AIRBUS,A350-900,YOK,17850,14380,,5360,4,3,0,2,1,4,3,3,20
PN-101727,36,PNEUMATIC,AIRBUS,A320-200,YOK,18970,13120,,11310,1,0,0,1,0,0,0,0,2
PN-101728,32,LANDING GEAR,AIRBUS,A330-300,YOK,1310,590,,330,2,0,0,3,1,0,0,1,7
PN-101729,23,COMMUNICATIONS,AIRBUS,A320neo,YOK,160,50,,50,2,0,0,2,0,0,1,1,6
PN-101730,73,ENGINE FUEL AND CONTROL,BOEING,787-9,YOK,910,320,,420,2,2,0,1,0,0,1,1,7
PN-101731,77,ENGINE INDICATING,AIRBUS,A319-100,YOK,270,80,,50,6,1,0,2,1,1,0,2,13
PN-101732,71,POWER PLANT,BOEING,737-800,YOK,2070,840,,270,74,2,0,13,4,1,2,67,163
PN-101733,76,ENGINE CONTROLS,BOEING,737-900ER,VAR,1660,570,210.0,370,4,1,1,0,1,0,0,2,9
PN-101734,76,ENGINE CONTROLS,AIRBUS,A320-200,YOK,180,60,,70,1,1,0,0,0,1,0,0,3
PN-101735,73,ENGINE FUEL AND CONTROL,AIRBUS,A320-200,VAR,11520,2790,580.0,1070,2,0,0,0,0,1,0,0,3
PN-101736,35,OXYGEN,AIRBUS,A321-200,YOK,30620,9770,,8060,1,0,0,1,0,0,0,1,3
PN-101737,23,COMMUNICATIONS,BOEING,737 MAX 8,YOK,420,210,,190,1,0,0,0,0,0,0,1,2
PN-101738,21,AIR CONDITIONING,AIRBUS,A330-200,YOK,960,380,,220,3,1,0,1,0,0,2,4,11
PN-101739,26,FIRE PROTECTION,BOEING,737-800,YOK,470,110,,80,1,1,0,1,0,1,1,1,6
PN-101740,32,LANDING GEAR,BOEING,737-900ER,YOK,9970,4640,,3080,2,1,0,2,0,1,1,0,7
PN-101741,72,ENGINE,BOEING,737 MAX 8,YOK,39900,12900,,11890,17,3,0,17,14,1,2,16,70
PN-101742,32,LANDING GEAR,AIRBUS,A321neo,VAR,2080,1420,330.0,670,2,0,0,1,1,0,0,1,5
PN-101743,21,AIR CONDITIONING,AIRBUS,A330-200,VAR,10440,5250,3310.0,4790,1,1,0,1,0,2,0,2,7
PN-101744,26,FIRE PROTECTION,BOEING,737-800,VAR,1010,380,200.0,350,3,1,1,0,1,0,1,0,7
PN-101745,80,STARTING,AIRBUS,A320neo,YOK,2440,1210,,2440,6,1,0,5,0,0,1,2,15
PN-101746,80,STARTING,BOEING,737 MAX 8,YOK,1220,550,,780,6,5,0,1,0,3,1,5,21
PN-101747,30,ICE & RAIN PROTECTION,AIRBUS,A319-100,YOK,4440,1920,,1350,3,0,0,2,0,1,1,1,8
PN-101748,73,ENGINE FUEL AND CONTROL,AIRBUS,A320neo,YOK,7190,3480,,1260,4,1,0,1,1,2,1,11,21
PN-101749,71,POWER PLANT,BOEING,737-900ER,YOK,770,490,,380,1,0,0,1,0,0,1,1,4
PN-101750,79,OIL,AIRBUS,A321-200,YOK,4950,1610,,1370,5,2,0,3,0,2,0,3,15
PN-101751,77,ENGINE INDICATING,AIRBUS,A320-200,YOK,1290,590,,240,5,1,0,2,0,1,1,3,13
PN-101752,52,DOORS,AIRBUS,A320-200,VAR,4540,2020,520.0,960,5,2,0,1,5,1,0,3,17
PN-101753,31,INDICATING / RECORDING SYSTEMS,AIRBUS,A330-200,YOK,1400,480,,240,1,0,0,0,0,0,0,0,1
PN-101754,52,DOORS,BOEING,737 MAX 8,VAR,23870,11820,10410.0,17080,1,1,0,0,0,0,0,0,2
PN-101755,29,HYDRAULIC POWER,AIRBUS,A320-200,YOK,4630,1610,,2050,3,2,0,2,1,0,5,6,19
PN-101756,30,ICE & RAIN PROTECTION,AIRBUS,A319-100,YOK,2160,1020,,420,1,0,0,0,0,0,0,0,1
PN-101757,49,AIRBORNE AUXILIARY POWER (APU),AIRBUS,A321neo,YOK,2690,1720,,1160,6,0,0,1,2,3,0,1,13
PN-101758,36,PNEUMATIC,BOEING,777-F,VAR,150,90,50.0,50,6,3,0,2,1,0,0,1,13
PN-101759,49,AIRBORNE AUXILIARY POWER (APU),AIRBUS,A320neo,YOK,1270,900,,490,1,1,0,1,0,0,1,1,5
PN-101760,31,INDICATING / RECORDING SYSTEMS,BOEING,777-F,YOK,2560,1240,,460,1,1,0,1,0,0,0,1,4
PN-101761,31,INDICATING / RECORDING SYSTEMS,BOEING,777-300ER,YOK,8690,4540,,1830,1,0,0,0,0,0,0,1,2
PN-101762,21,AIR CONDITIONING,AIRBUS,A321-200,YOK,1020,470,,310,2,0,0,1,0,0,0,2,5
PN-101763,49,AIRBORNE AUXILIARY POWER (APU),BOEING,737 MAX 8,YOK,7680,1730,,940,2,0,0,2,0,0,0,1,5
PN-101764,36,PNEUMATIC,BOEING,737-800,VAR,6210,1770,480.0,920,1,0,0,1,0,0,0,1,3
PN-101765,79,OIL,AIRBUS,A330-200,VAR,1240,660,270.0,490,1,0,0,0,1,0,0,1,3
PN-101766,35,OXYGEN,AIRBUS,A321neo,YOK,11570,3760,,1530,1,0,0,1,0,0,0,1,3
PN-101767,34,NAVIGATION,BOEING,737 MAX 8,YOK,2320,1050,,1490,2,1,0,1,0,0,0,1,5
PN-101768,22,AUTO FLIGHT,BOEING,737-900ER,VAR,3300,1350,440.0,820,13,1,2,3,4,3,1,5,32
PN-101769,26,FIRE PROTECTION,BOEING,737-800,YOK,1290,520,,120,1,0,0,1,0,0,0,1,3
PN-101770,29,HYDRAULIC POWER,BOEING,787-9,YOK,11060,5380,,980,4,1,0,1,2,1,0,3,12
PN-101771,30,ICE & RAIN PROTECTION,AIRBUS,A321neo,VAR,4250,3140,3390.0,4250,2,0,0,1,0,0,0,0,3
PN-101772,30,ICE & RAIN PROTECTION,BOEING,737-900ER,YOK,330,80,,50,1,0,0,1,0,0,1,0,3
PN-101773,31,INDICATING / RECORDING SYSTEMS,BOEING,737 MAX 8,YOK,760,240,,100,1,0,0,0,0,0,0,0,1
PN-101774,72,ENGINE,AIRBUS,A320neo,YOK,12460,3160,,4090,1,1,0,0,0,0,0,1,3
PN-101775,24,ELECTRICAL POWER,AIRBUS,A319-100,VAR,810,290,180.0,260,1,1,0,0,0,0,0,1,3
PN-101776,29,HYDRAULIC POWER,AIRBUS,A321neo,YOK,7530,3750,,1240,4,0,0,2,1,0,1,2,10
PN-101777,25,EQUIPMENT / FURNISHINGS,BOEING,737 MAX 8,VAR,550,220,150.0,250,2,3,1,1,1,0,1,3,12
PN-101778,29,HYDRAULIC POWER,AIRBUS,A321-200,VAR,700,260,120.0,210,1,0,0,0,0,0,0,1,2
PN-101779,56,WINDOWS,BOEING,737-800,VAR,390,220,130.0,160,1,0,0,0,0,0,0,1,2
PN-101780,22,AUTO FLIGHT,AIRBUS,A319-100,VAR,1260,350,160.0,230,1,0,0,0,0,0,0,1,2
PN-101781,29,HYDRAULIC POWER,AIRBUS,A321-200,YOK,6980,3800,,1260,2,0,0,3,0,0,0,2,7
PN-101782,21,AIR CONDITIONING,AIRBUS,A350-900,YOK,700,230,,200,2,3,0,7,0,3,2,2,19
PN-101783,79,OIL,AIRBUS,A320-200,YOK,1980,810,,430,1,0,0,1,1,0,0,1,4
PN-101784,71,POWER PLANT,BOEING,777-300ER,YOK,9840,4810,,4710,3,1,0,1,1,0,0,1,7
PN-101785,27,FLIGHT CONTROLS,AIRBUS,A320-200,YOK,480,300,,290,13,1,0,4,0,2,4,3,27
PN-101786,26,FIRE PROTECTION,BOEING,777-300ER,VAR,620,260,280.0,520,3,1,0,0,1,0,0,1,6
PN-101787,23,COMMUNICATIONS,AIRBUS,A320neo,VAR,430,190,50.0,80,1,0,1,0,0,1,0,0,3
PN-101788,34,NAVIGATION,BOEING,787-9,YOK,9830,5890,,2730,2,1,0,2,0,1,1,1,8
PN-101789,72,ENGINE,AIRBUS,A350-900,YOK,1750,800,,510,2,1,0,1,0,1,0,1,6
PN-101790,49,AIRBORNE AUXILIARY POWER (APU),AIRBUS,A320-200,VAR,4580,2900,1240.0,2390,7,2,1,0,0,1,0,1,12
PN-101791,76,ENGINE CONTROLS,AIRBUS,A320-200,YOK,600,200,,80,2,1,0,1,2,1,0,2,9
PN-101792,29,HYDRAULIC POWER,AIRBUS,A320-200,YOK,2230,1440,,1210,1,1,0,0,0,0,0,1,3
PN-101793,28,FUEL,AIRBUS,A330-300,YOK,1140,670,,510,2,1,0,3,0,0,1,1,8
PN-101794,34,NAVIGATION,BOEING,737-900ER,VAR,3500,1020,1400.0,2160,2,1,1,0,0,0,0,2,6
PN-101795,26,FIRE PROTECTION,AIRBUS,A321neo,YOK,3230,2130,,2400,3,1,0,0,1,0,0,1,6
PN-101796,80,STARTING,AIRBUS,A321neo,YOK,560,270,,90,6,0,0,2,1,0,1,4,14
PN-101797,25,EQUIPMENT / FURNISHINGS,AIRBUS,A330-300,VAR,13220,6060,4520.0,8270,2,0,0,2,0,0,1,2,7
PN-101798,34,NAVIGATION,AIRBUS,A330-200,YOK,2260,890,,520,2,1,0,0,1,0,0,1,5
PN-101799,35,OXYGEN,BOEING,737-800,YOK,15670,10390,,3920,3,1,0,1,0,0,0,4,9
PN-101800,22,AUTO FLIGHT,AIRBUS,A321neo,VAR,610,310,90.0,140,2,0,0,0,0,0,0,1,3
PN-101801,34,NAVIGATION,BOEING,737-800,VAR,4470,2840,910.0,1680,1,0,0,1,0,0,0,0,2
PN-101802,32,LANDING GEAR,BOEING,787-9,VAR,8820,3960,2010.0,3110,0,0,1,0,0,0,0,0,1
PN-101803,27,FLIGHT CONTROLS,AIRBUS,A321-200,YOK,460,310,,110,3,0,0,1,1,0,1,1,7
PN-101804,24,ELECTRICAL POWER,AIRBUS,A319-100,VAR,23770,10280,5540.0,10750,2,1,0,0,0,0,0,1,4
PN-101805,22,AUTO FLIGHT,AIRBUS,A320-200,YOK,410,50,,50,2,1,0,1,1,0,1,2,8
PN-101806,21,AIR CONDITIONING,AIRBUS,A330-300,YOK,1320,810,,650,0,0,0,0,0,0,0,1,1
PN-101807,34,NAVIGATION,AIRBUS,A321-200,VAR,220,110,50.0,50,2,0,1,0,0,0,0,1,4
PN-101808,23,COMMUNICATIONS,BOEING,777-300ER,VAR,12880,5080,2990.0,3900,2,0,1,1,1,1,1,1,8
PN-101809,79,OIL,AIRBUS,A350-900,YOK,8290,2220,,910,1,0,0,1,0,0,0,1,3
PN-101810,27,FLIGHT CONTROLS,AIRBUS,A330-200,YOK,5890,2190,,1580,5,0,0,2,0,1,0,3,11
PN-101811,52,DOORS,BOEING,737-900ER,YOK,6330,2540,,880,1,0,0,1,0,0,0,1,3
PN-101812,56,WINDOWS,AIRBUS,A320neo,VAR,1440,280,160.0,220,1,1,0,0,0,1,0,1,4
PN-101813,34,NAVIGATION,BOEING,737 MAX 8,VAR,1480,450,390.0,710,4,1,2,1,0,1,1,1,11
PN-101814,76,ENGINE CONTROLS,AIRBUS,A319-100,YOK,4130,2350,,1780,8,1,0,3,0,1,1,0,14
PN-101815,23,COMMUNICATIONS,AIRBUS,A350-900,VAR,4010,1330,470.0,800,2,1,0,1,1,0,0,1,6
PN-101816,27,FLIGHT CONTROLS,BOEING,777-300ER,YOK,21910,8470,,9760,1,0,0,1,0,0,1,1,4
PN-101817,27,FLIGHT CONTROLS,BOEING,737-900ER,VAR,3020,1690,470.0,660,3,1,0,0,1,0,0,0,5
PN-101818,24,ELECTRICAL POWER,BOEING,737 MAX 8,VAR,5370,2810,1980.0,2820,4,1,1,1,1,2,0,4,14
PN-101819,28,FUEL,AIRBUS,A321-200,YOK,2570,1340,,920,2,0,0,0,0,0,0,1,3
PN-101820,29,HYDRAULIC POWER,BOEING,737 MAX 8,VAR,480,220,110.0,200,2,1,2,0,0,1,0,2,8
PN-101821,72,ENGINE,AIRBUS,A330-300,YOK,3620,1630,,2080,2,1,0,2,1,0,1,1,8
PN-101822,28,FUEL,AIRBUS,A350-900,VAR,1170,720,260.0,400,4,1,0,0,0,0,0,1,6
PN-101823,76,ENGINE CONTROLS,AIRBUS,A319-100,YOK,4850,2630,,1200,1,1,0,0,0,0,0,0,2
PN-101824,73,ENGINE FUEL AND CONTROL,AIRBUS,A320neo,YOK,6690,3930,,690,1,0,0,0,0,0,0,1,2
PN-101825,77,ENGINE INDICATING,AIRBUS,A330-300,YOK,3230,1560,,980,4,1,0,1,1,1,0,1,9
PN-101826,23,COMMUNICATIONS,AIRBUS,A319-100,YOK,360,70,,50,4,2,0,2,1,0,0,3,12
PN-101827,80,STARTING,BOEING,737-800,YOK,770,300,,270,0,0,0,0,0,0,0,1,1
PN-101828,49,AIRBORNE AUXILIARY POWER (APU),BOEING,737 MAX 8,YOK,1280,770,,760,3,0,0,3,0,1,1,3,11
PN-101829,80,STARTING,BOEING,777-300ER,YOK,3120,720,,570,5,1,0,6,3,0,1,2,18
PN-101830,30,ICE & RAIN PROTECTION,AIRBUS,A320-200,YOK,1150,870,,480,3,1,0,1,0,0,1,3,9
PN-101831,79,OIL,BOEING,777-300ER,YOK,1660,830,,160,2,0,0,1,0,0,0,2,5
PN-101832,49,AIRBORNE AUXILIARY POWER (APU),AIRBUS,A320-200,YOK,12910,3860,,2140,1,0,0,1,0,0,0,1,3
PN-101833,22,AUTO FLIGHT,AIRBUS,A321neo,YOK,6260,4380,,1470,3,0,0,0,1,1,0,1,6
PN-101834,31,INDICATING / RECORDING SYSTEMS,BOEING,737 MAX 8,YOK,100,50,,50,3,1,0,1,0,0,0,2,7
PN-101835,24,ELECTRICAL POWER,AIRBUS,A320-200,YOK,13150,4240,,2460,1,3,0,2,1,1,0,1,9
PN-101836,79,OIL,AIRBUS,A319-100,VAR,650,490,110.0,180,1,2,1,0,0,1,0,1,6
PN-101837,28,FUEL,AIRBUS,A319-100,YOK,1940,570,,400,1,0,0,1,0,0,0,1,3
PN-101838,26,FIRE PROTECTION,AIRBUS,A330-200,YOK,1880,540,,190,2,1,0,0,0,0,1,1,5
PN-101839,36,PNEUMATIC,BOEING,737 MAX 8,YOK,1830,1050,,440,2,1,0,1,1,0,1,2,8
PN-101840,32,LANDING GEAR,AIRBUS,A320-200,YOK,5510,1470,,890,6,1,0,1,0,0,2,2,12
PN-101841,23,COMMUNICATIONS,AIRBUS,A320-200,YOK,6200,1460,,1670,2,1,0,1,0,0,0,2,6
PN-101842,74,IGNITION,AIRBUS,A330-300,YOK,140,90,,50,7,1,0,2,0,1,1,8,20
PN-101843,74,IGNITION,AIRBUS,A320neo,YOK,9540,2580,,1700,1,0,0,1,0,0,0,1,3
PN-101844,72,ENGINE,BOEING,737-800,YOK,2110,690,,1480,13,8,0,7,1,2,0,6,37
PN-101845,52,DOORS,BOEING,777-F,VAR,930,600,270.0,410,1,0,1,0,0,0,0,0,2
PN-101846,31,INDICATING / RECORDING SYSTEMS,BOEING,737-900ER,VAR,4810,2370,820.0,1350,8,1,1,1,2,2,0,1,16
PN-101847,36,PNEUMATIC,BOEING,737 MAX 8,YOK,460,200,,120,5,5,0,1,1,0,1,3,16
PN-101848,35,OXYGEN,AIRBUS,A330-200,YOK,1160,700,,260,1,0,0,1,0,0,0,1,3
PN-101849,25,EQUIPMENT / FURNISHINGS,BOEING,737 MAX 8,YOK,11020,7190,,4110,3,2,0,4,4,2,1,4,20
PN-101850,23,COMMUNICATIONS,AIRBUS,A320-200,VAR,1530,780,170.0,260,3,1,1,1,0,1,0,1,8
PN-101851,27,FLIGHT CONTROLS,AIRBUS,A320-200,VAR,5650,2670,660.0,1130,1,0,0,1,0,0,0,1,3
PN-101852,32,LANDING GEAR,BOEING,737-800,YOK,7440,4010,,1840,2,1,0,1,1,0,0,2,7
PN-101853,25,EQUIPMENT / FURNISHINGS,AIRBUS,A319-100,VAR,4680,3980,1710.0,2730,4,0,0,0,1,1,1,5,12
PN-101854,23,COMMUNICATIONS,BOEING,777-300ER,YOK,64110,12060,,3990,5,3,0,1,0,2,0,1,12
PN-101855,76,ENGINE CONTROLS,BOEING,737-800,VAR,830,510,270.0,410,1,0,0,1,0,0,0,0,2
PN-101856,30,ICE & RAIN PROTECTION,BOEING,777-F,VAR,3800,1160,370.0,700,1,1,0,1,0,1,0,1,5
PN-101857,49,AIRBORNE AUXILIARY POWER (APU),AIRBUS,A321-200,YOK,1620,520,,400,4,0,0,1,1,0,0,4,10
PN-101858,35,OXYGEN,AIRBUS,A321neo,YOK,9310,5670,,5640,1,0,0,0,0,0,0,1,2
PN-101859,72,ENGINE,BOEING,737-800,YOK,2240,220,,120,37,7,0,15,9,5,13,13,99
PN-101860,72,ENGINE,AIRBUS,A320neo,YOK,21690,12860,,14720,7,1,0,3,0,1,1,2,15
PN-101861,28,FUEL,AIRBUS,A330-300,VAR,5680,3270,1770.0,3160,1,1,1,2,0,0,0,1,6
PN-101862,76,ENGINE CONTROLS,BOEING,737-800,VAR,22260,6250,900.0,1510,3,2,2,1,0,1,0,8,17
PN-101863,30,ICE & RAIN PROTECTION,BOEING,787-9,YOK,3120,990,,510,1,0,0,1,0,0,0,2,4
PN-101864,74,IGNITION,BOEING,737-800,YOK,7650,2830,,5270,4,1,0,1,0,1,2,2,11
PN-101865,31,INDICATING / RECORDING SYSTEMS,AIRBUS,A320-200,VAR,12960,4510,2340.0,3180,1,0,0,0,0,0,0,0,1
PN-101866,23,COMMUNICATIONS,AIRBUS,A321neo,VAR,2050,730,1540.0,2050,1,0,0,0,0,1,0,1,3
PN-101867,72,ENGINE,AIRBUS,A330-300,YOK,720,500,,310,13,1,0,3,2,0,3,8,30
PN-101868,21,AIR CONDITIONING,AIRBUS,A320-200,VAR,15170,1860,480.0,780,7,2,2,2,6,1,2,8,30
PN-101869,73,ENGINE FUEL AND CONTROL,AIRBUS,A321neo,YOK,2820,1520,,1060,2,0,0,0,0,0,1,1,4
PN-101870,22,AUTO FLIGHT,AIRBUS,A321-200,VAR,1680,920,570.0,950,1,1,0,0,0,0,0,1,3
PN-101871,26,FIRE PROTECTION,AIRBUS,A320-200,YOK,280,170,,50,2,1,0,1,0,0,0,2,6
PN-101872,49,AIRBORNE AUXILIARY POWER (APU),AIRBUS,A330-200,YOK,260,160,,100,2,1,0,0,0,0,0,2,5
PN-101873,79,OIL,AIRBUS,A320-200,YOK,3520,1860,,1340,1,1,0,1,1,0,1,0,5
PN-101874,31,INDICATING / RECORDING SYSTEMS,AIRBUS,A330-300,YOK,9790,4220,,2260,4,0,0,5,1,0,0,3,13
PN-101875,24,ELECTRICAL POWER,AIRBUS,A320-200,VAR,150,60,50.0,50,2,1,0,1,0,0,0,1,5
PN-101876,27,FLIGHT CONTROLS,BOEING,737-800,YOK,1580,590,,120,0,0,0,0,0,0,0,1,1
PN-101877,77,ENGINE INDICATING,AIRBUS,A320neo,YOK,66020,36230,,16060,1,0,0,0,0,0,0,1,2
PN-101878,71,POWER PLANT,BOEING,777-300ER,YOK,4340,2040,,1870,3,1,0,0,0,1,0,2,7
PN-101879,23,COMMUNICATIONS,AIRBUS,A319-100,VAR,840,270,50.0,90,0,0,0,0,0,0,0,1,1
PN-101880,31,INDICATING / RECORDING SYSTEMS,AIRBUS,A330-200,VAR,6160,4600,1470.0,2040,2,2,0,0,0,0,0,1,5
PN-101881,27,FLIGHT CONTROLS,AIRBUS,A321-200,VAR,910,280,80.0,130,1,0,0,0,0,0,0,1,2
PN-101882,25,EQUIPMENT / FURNISHINGS,AIRBUS,A320neo,VAR,2290,1490,420.0,630,6,1,2,0,2,1,4,3,19
PN-101883,76,ENGINE CONTROLS,AIRBUS,A321neo,YOK,2170,1300,,1790,13,4,0,3,3,2,3,13,41
PN-101884,52,DOORS,BOEING,737 MAX 8,YOK,7560,2600,,1170,1,1,0,0,0,0,0,0,2
PN-101885,25,EQUIPMENT / FURNISHINGS,BOEING,777-300ER,YOK,4710,2820,,3920,2,1,0,1,0,0,1,1,6
PN-101886,52,DOORS,AIRBUS,A321-200,YOK,3560,1910,,1200,1,1,0,0,0,0,0,0,2
PN-101887,31,INDICATING / RECORDING SYSTEMS,AIRBUS,A320-200,YOK,1800,810,,570,1,0,0,1,0,0,1,1,4
PN-101888,22,AUTO FLIGHT,BOEING,737-800,YOK,230,100,,120,12,4,0,3,1,0,1,9,30
PN-101889,32,LANDING GEAR,AIRBUS,A330-300,YOK,1260,790,,720,2,0,0,1,1,0,0,3,7
PN-101890,25,EQUIPMENT / FURNISHINGS,AIRBUS,A320neo,YOK,5770,2340,,1490,1,1,0,0,0,0,0,1,3
PN-101891,27,FLIGHT CONTROLS,BOEING,737-900ER,VAR,890,260,70.0,100,1,1,0,0,1,0,0,0,3
PN-101892,76,ENGINE CONTROLS,AIRBUS,A330-200,YOK,10720,2090,,180,8,1,0,3,0,0,3,2,17
PN-101893,71,POWER PLANT,BOEING,737-800,VAR,640,450,190.0,250,1,0,0,0,0,0,0,0,1
PN-101894,24,ELECTRICAL POWER,AIRBUS,A321-200,YOK,1710,820,,180,1,1,0,1,0,0,0,2,5
PN-101895,76,ENGINE CONTROLS,AIRBUS,A321neo,YOK,900,400,,240,1,1,0,1,0,0,1,2,6
PN-101896,36,PNEUMATIC,AIRBUS,A320-200,VAR,550,280,100.0,140,1,0,0,1,0,0,0,1,3
PN-101897,76,ENGINE CONTROLS,BOEING,737-800,YOK,760,430,,70,4,1,0,3,0,1,0,4,13
PN-101898,72,ENGINE,AIRBUS,A320-200,VAR,3540,450,370.0,580,13,4,5,2,5,2,1,3,35
PN-101899,29,HYDRAULIC POWER,BOEING,737-900ER,YOK,1390,590,,340,1,1,0,0,0,0,0,0,2
PN-101900,35,OXYGEN,BOEING,737-900ER,YOK,470,50,,50,5,2,0,3,5,2,0,7,24
PN-101901,35,OXYGEN,BOEING,737-800,YOK,820,260,,70,1,0,0,0,0,0,0,0,1
PN-101902,71,POWER PLANT,AIRBUS,A319-100,YOK,10250,4500,,6580,4,0,0,9,5,1,0,5,24
PN-101903,27,FLIGHT CONTROLS,AIRBUS,A320neo,YOK,6070,1790,,1400,3,0,0,3,0,0,0,2,8
PN-101904,29,HYDRAULIC POWER,AIRBUS,A321neo,YOK,3560,750,,490,2,0,0,2,0,0,1,1,6
PN-101905,27,FLIGHT CONTROLS,AIRBUS,A330-300,VAR,46920,14010,2180.0,3760,2,1,0,0,0,0,0,2,5
PN-101906,28,FUEL,BOEING,777-300ER,VAR,390,120,50.0,70,4,1,0,0,0,0,0,1,6
PN-101907,25,EQUIPMENT / FURNISHINGS,AIRBUS,A321-200,VAR,2550,460,70.0,120,2,1,0,0,0,0,0,2,5
PN-101908,21,AIR CONDITIONING,BOEING,737 MAX 8,YOK,2040,1030,,360,1,0,0,1,0,0,0,1,3
PN-101909,79,OIL,AIRBUS,A320-200,YOK,260,130,,80,1,1,0,1,0,0,0,2,5
PN-101910,22,AUTO FLIGHT,AIRBUS,A321-200,YOK,3850,510,,400,1,0,0,1,0,1,0,0,3
PN-101911,77,ENGINE INDICATING,AIRBUS,A319-100,YOK,610,120,,60,1,0,0,1,0,0,0,0,2
PN-101912,21,AIR CONDITIONING,BOEING,737-800,VAR,3560,720,310.0,480,1,0,1,0,0,0,1,1,4
PN-101913,73,ENGINE FUEL AND CONTROL,AIRBUS,A320-200,YOK,4240,1190,,2240,2,0,0,0,0,0,1,0,3
PN-101914,29,HYDRAULIC POWER,AIRBUS,A320neo,YOK,7660,5590,,3750,3,1,0,1,0,0,0,1,6
PN-101915,35,OXYGEN,BOEING,737-900ER,VAR,220,110,80.0,110,1,1,0,0,0,1,0,2,5
PN-101916,28,FUEL,AIRBUS,A330-200,YOK,2530,1090,,590,3,1,0,2,0,0,0,1,7
PN-101917,34,NAVIGATION,AIRBUS,A319-100,YOK,85350,55470,,14000,12,7,0,4,5,3,1,7,39
PN-101918,32,LANDING GEAR,AIRBUS,A319-100,YOK,3750,1000,,380,1,0,0,0,0,0,0,0,1
PN-101919,35,OXYGEN,AIRBUS,A330-200,YOK,19350,2100,,2090,3,1,0,1,0,0,0,1,6
PN-101920,31,INDICATING / RECORDING SYSTEMS,AIRBUS,A321-200,YOK,12920,5330,,2270,3,1,0,0,1,0,0,1,6
PN-101921,35,OXYGEN,AIRBUS,A320-200,VAR,2000,310,60.0,110,2,2,1,0,2,1,0,0,8
PN-101922,74,IGNITION,AIRBUS,A350-900,YOK,990,260,,290,3,0,0,2,0,1,1,1,8
PN-101923,32,LANDING GEAR,AIRBUS,A320neo,YOK,3000,1190,,470,3,1,0,2,1,0,0,2,9
PN-101924,30,ICE & RAIN PROTECTION,AIRBUS,A330-300,YOK,340,210,,140,2,1,0,1,0,0,1,1,6
PN-101925,24,ELECTRICAL POWER,AIRBUS,A321-200,VAR,42270,12990,8580.0,11550,2,1,0,0,0,0,0,1,4
PN-101926,30,ICE & RAIN PROTECTION,AIRBUS,A320-200,VAR,730,200,110.0,180,5,0,0,0,0,0,1,3,9
PN-101927,24,ELECTRICAL POWER,AIRBUS,A320-200,VAR,4290,2060,1490.0,2800,1,0,0,0,0,0,0,0,1
PN-101928,25,EQUIPMENT / FURNISHINGS,AIRBUS,A320neo,YOK,20530,5160,,1120,4,0,0,1,1,0,1,2,9
PN-101929,79,OIL,AIRBUS,A319-100,YOK,1320,680,,320,3,1,0,1,1,0,0,1,7
PN-101930,23,COMMUNICATIONS,AIRBUS,A321-200,YOK,990,340,,280,2,0,0,0,1,0,0,0,3
PN-101931,34,NAVIGATION,BOEING,777-300ER,VAR,4470,950,1370.0,2450,2,0,1,1,0,0,1,0,5
PN-101932,74,IGNITION,BOEING,737 MAX 8,YOK,4760,1380,,490,2,0,0,1,0,0,0,1,4
PN-101933,79,OIL,AIRBUS,A321-200,YOK,34170,11250,,10420,8,3,0,3,4,1,0,2,21
PN-101934,24,ELECTRICAL POWER,AIRBUS,A330-300,VAR,5590,960,510.0,870,52,57,5,6,0,13,2,14,149
PN-101935,25,EQUIPMENT / FURNISHINGS,AIRBUS,A330-300,VAR,2960,990,200.0,420,2,3,1,4,1,1,0,1,13
PN-101936,30,ICE & RAIN PROTECTION,BOEING,737 MAX 8,YOK,6140,2080,,1230,2,0,0,0,0,0,0,1,3
PN-101937,36,PNEUMATIC,AIRBUS,A320neo,YOK,4650,1180,,400,5,1,0,1,0,0,1,1,9
PN-101938,79,OIL,AIRBUS,A321-200,YOK,7760,6580,,3550,4,1,0,2,1,1,2,1,12
PN-101939,26,FIRE PROTECTION,AIRBUS,A321-200,YOK,2720,1690,,620,1,0,0,1,0,0,0,0,2
PN-101940,25,EQUIPMENT / FURNISHINGS,AIRBUS,A319-100,YOK,30960,20160,,8370,1,0,0,0,0,0,0,0,1
PN-101941,27,FLIGHT CONTROLS,AIRBUS,A321-200,YOK,23410,8940,,9940,3,0,0,1,1,0,1,1,7
PN-101942,76,ENGINE CONTROLS,BOEING,737 MAX 8,YOK,3760,2480,,3040,3,2,0,5,0,0,1,1,12
PN-101943,21,AIR CONDITIONING,BOEING,777-300ER,VAR,41090,9660,3600.0,5990,1,1,0,0,0,0,0,0,2
PN-101944,30,ICE & RAIN PROTECTION,AIRBUS,A320-200,YOK,2920,1810,,970,1,0,0,1,0,0,0,1,3
PN-101945,24,ELECTRICAL POWER,AIRBUS,A321neo,YOK,8150,2230,,1000,2,1,0,5,1,2,1,2,14
PN-101946,25,EQUIPMENT / FURNISHINGS,AIRBUS,A321-200,VAR,310,200,90.0,110,1,0,0,2,0,0,1,1,5
PN-101947,77,ENGINE INDICATING,AIRBUS,A321neo,YOK,1960,760,,460,7,2,0,2,4,1,2,3,21
PN-101948,21,AIR CONDITIONING,AIRBUS,A330-300,VAR,3070,1150,180.0,340,1,0,0,1,0,0,0,0,2
PN-101949,29,HYDRAULIC POWER,AIRBUS,A319-100,VAR,1850,680,360.0,550,22,3,4,3,0,8,12,22,74
PN-101950,77,ENGINE INDICATING,BOEING,737 MAX 8,YOK,890,530,,180,1,0,0,0,0,0,0,0,1
PN-101951,49,AIRBORNE AUXILIARY POWER (APU),BOEING,787-9,YOK,30360,8430,,2390,1,0,0,0,0,0,0,0,1
PN-101952,22,AUTO FLIGHT,BOEING,737-800,YOK,840,330,,720,2,0,0,1,1,1,0,1,6
PN-101953,34,NAVIGATION,BOEING,737-800,YOK,10950,4350,,2920,1,0,0,0,0,0,0,1,2
PN-101954,80,STARTING,AIRBUS,A330-200,VAR,620,450,50.0,100,1,1,1,0,0,0,0,3,6
PN-101955,31,INDICATING / RECORDING SYSTEMS,AIRBUS,A321-200,YOK,690,100,,100,2,1,0,1,0,0,0,2,6
PN-101956,35,OXYGEN,AIRBUS,A320-200,YOK,200,90,,70,1,1,0,0,1,0,0,0,3
PN-101957,35,OXYGEN,AIRBUS,A330-300,YOK,3120,720,,440,1,0,0,1,0,0,0,0,2
PN-101958,56,WINDOWS,AIRBUS,A319-100,VAR,2520,780,330.0,540,2,0,1,0,1,0,0,1,5
PN-101959,25,EQUIPMENT / FURNISHINGS,BOEING,737 MAX 8,YOK,8460,4650,,5330,0,0,0,1,0,0,1,1,3
PN-101960,74,IGNITION,AIRBUS,A321neo,YOK,10140,4940,,2270,4,0,0,3,0,2,0,3,12
PN-101961,80,STARTING,AIRBUS,A321neo,VAR,740,570,240.0,410,2,1,0,0,1,1,1,0,6
PN-101962,24,ELECTRICAL POWER,AIRBUS,A321-200,VAR,1390,650,100.0,170,1,0,0,0,0,0,1,1,3
PN-101963,74,IGNITION,BOEING,787-9,YOK,380,190,,210,1,0,0,0,0,0,0,0,1
PN-101964,74,IGNITION,AIRBUS,A320-200,VAR,1010,620,140.0,240,2,0,1,0,0,0,0,1,4
PN-101965,72,ENGINE,AIRBUS,A320-200,YOK,6730,2640,,1110,1,1,0,1,0,0,0,1,4
PN-101966,30,ICE & RAIN PROTECTION,AIRBUS,A320-200,YOK,4240,1570,,1920,1,0,0,0,0,0,0,1,2
PN-101967,34,NAVIGATION,BOEING,737-800,YOK,1200,540,,260,3,1,0,2,2,1,1,1,11
PN-101968,74,IGNITION,BOEING,787-9,YOK,1450,950,,430,1,0,0,0,0,0,0,0,1
PN-101969,24,ELECTRICAL POWER,AIRBUS,A320neo,VAR,340,160,70.0,100,14,5,2,0,0,0,1,7,29
PN-101970,74,IGNITION,BOEING,777-300ER,YOK,1870,910,,760,3,0,0,0,0,0,1,1,5
PN-101971,77,ENGINE INDICATING,AIRBUS,A320neo,VAR,10640,3720,1210.0,1750,1,1,0,0,1,1,0,2,6
PN-101972,56,WINDOWS,BOEING,737-800,VAR,3230,1400,540.0,910,1,0,0,0,0,0,0,0,1
PN-101973,29,HYDRAULIC POWER,AIRBUS,A319-100,VAR,1560,740,150.0,260,6,2,1,1,1,1,1,5,18
PN-101974,36,PNEUMATIC,AIRBUS,A330-200,YOK,4910,2180,,1110,2,0,0,1,0,0,0,2,5
PN-101975,22,AUTO FLIGHT,BOEING,737-800,VAR,250,80,50.0,50,1,0,1,0,0,0,0,1,3
PN-101976,79,OIL,AIRBUS,A330-200,YOK,4160,2170,,1640,4,0,0,0,1,0,1,2,8
PN-101977,29,HYDRAULIC POWER,AIRBUS,A320neo,VAR,2610,1420,640.0,870,1,0,0,0,0,0,0,1,2
PN-101978,22,AUTO FLIGHT,BOEING,737 MAX 8,YOK,2070,770,,1010,0,0,0,1,0,0,0,0,1
PN-101979,73,ENGINE FUEL AND CONTROL,BOEING,787-9,VAR,840,250,150.0,220,2,1,0,0,0,0,0,0,3
PN-101980,56,WINDOWS,AIRBUS,A321neo,VAR,3560,1270,710.0,1470,2,0,0,0,0,2,0,1,5
PN-101981,52,DOORS,AIRBUS,A350-900,YOK,170,100,,60,1,1,0,1,0,0,0,1,4
PN-101982,22,AUTO FLIGHT,BOEING,737-900ER,VAR,390,110,50.0,50,5,0,3,1,0,1,2,3,15
PN-101983,72,ENGINE,AIRBUS,A320neo,YOK,2420,1610,,2420,2,1,0,0,0,0,0,2,5
PN-101984,52,DOORS,BOEING,737 MAX 8,VAR,4220,2510,630.0,930,1,1,0,1,1,0,1,2,7
PN-101985,73,ENGINE FUEL AND CONTROL,AIRBUS,A321-200,YOK,6560,3640,,4670,3,1,0,2,0,0,0,1,7
PN-101986,74,IGNITION,BOEING,737-900ER,YOK,15100,5580,,7370,0,0,0,0,1,0,0,1,2
PN-101987,26,FIRE PROTECTION,AIRBUS,A320-200,VAR,290,70,50.0,50,3,0,1,0,0,0,0,1,5
PN-101988,26,FIRE PROTECTION,AIRBUS,A321-200,YOK,20070,8210,,3760,1,0,0,1,0,0,1,0,3
PN-101989,79,OIL,AIRBUS,A330-200,VAR,1630,370,220.0,390,2,0,0,0,1,0,0,1,4
PN-101990,35,OXYGEN,AIRBUS,A330-200,YOK,2100,1230,,410,2,0,0,0,0,0,1,1,4
PN-101991,32,LANDING GEAR,BOEING,737 MAX 8,YOK,2510,1530,,630,4,0,0,1,1,0,1,2,9
PN-101992,28,FUEL,BOEING,787-9,YOK,15940,6710,,4670,4,0,0,0,1,0,0,1,6
PN-101993,52,DOORS,AIRBUS,A320-200,YOK,660,160,,140,1,0,0,0,0,1,0,1,3
PN-101994,72,ENGINE,AIRBUS,A320neo,YOK,7400,3720,,1470,1,1,0,0,0,0,1,1,4
PN-101995,21,AIR CONDITIONING,AIRBUS,A321-200,YOK,2340,510,,400,2,1,0,2,0,1,1,1,8
PN-101996,36,PNEUMATIC,AIRBUS,A321neo,VAR,4260,1580,1040.0,1540,1,1,0,0,0,0,0,1,3
PN-101997,80,STARTING,AIRBUS,A330-200,YOK,19610,7460,,11630,1,0,0,1,0,0,0,1,3
PN-101998,28,FUEL,BOEING,737 MAX 8,VAR,1510,730,370.0,510,3,0,0,0,0,0,1,1,5
PN-101999,28,FUEL,BOEING,737-900ER,YOK,5680,3440,,3860,2,4,0,1,1,1,1,3,13
PN-102000,76,ENGINE CONTROLS,AIRBUS,A319-100,YOK,340,80,,110,1,1,0,2,1,0,0,2,7
PN-102001,22,AUTO FLIGHT,AIRBUS,A321neo,YOK,3160,700,,570,1,0,0,1,1,0,0,1,4
PN-102002,31,INDICATING / RECORDING SYSTEMS,AIRBUS,A350-900,YOK,3500,1460,,2830,1,0,0,0,0,0,2,1,4
PN-102003,32,LANDING GEAR,AIRBUS,A321neo,VAR,3010,1430,590.0,760,8,1,1,1,0,2,1,4,18
PN-102004,73,ENGINE FUEL AND CONTROL,AIRBUS,A320-200,YOK,750,230,,330,1,0,0,0,0,0,0,0,1
PN-102005,24,ELECTRICAL POWER,AIRBUS,A321-200,VAR,2060,730,250.0,390,8,1,1,3,1,0,1,2,17
PN-102006,32,LANDING GEAR,AIRBUS,A321neo,YOK,13830,6600,,5170,1,1,0,0,0,0,0,0,2
PN-102007,24,ELECTRICAL POWER,AIRBUS,A320-200,VAR,6810,3110,490.0,850,1,0,0,0,0,1,0,0,2
PN-102008,73,ENGINE FUEL AND CONTROL,BOEING,737-800,YOK,1350,340,,380,1,0,0,0,1,0,1,2,5
PN-102009,52,DOORS,AIRBUS,A321-200,YOK,5280,2690,,4230,8,3,0,8,2,1,4,5,31
PN-102010,34,NAVIGATION,AIRBUS,A330-300,YOK,3290,460,,350,13,3,0,2,4,0,1,7,30
PN-102011,31,INDICATING / RECORDING SYSTEMS,AIRBUS,A330-200,YOK,1260,660,,480,3,1,0,3,2,0,1,1,11
PN-102012,24,ELECTRICAL POWER,BOEING,737 MAX 8,YOK,1930,1250,,1930,4,3,0,1,1,0,1,1,11
PN-102013,77,ENGINE INDICATING,AIRBUS,A320-200,YOK,1420,1110,,600,1,0,0,0,0,0,0,0,1
PN-102014,52,DOORS,AIRBUS,A320-200,YOK,2800,1200,,920,2,0,0,1,0,0,1,1,5
PN-102015,29,HYDRAULIC POWER,AIRBUS,A321-200,YOK,5990,3050,,2590,2,1,0,0,1,0,0,1,5
PN-102016,31,INDICATING / RECORDING SYSTEMS,AIRBUS,A321neo,VAR,1080,440,140.0,230,1,0,0,0,1,1,0,0,3
PN-102017,71,POWER PLANT,AIRBUS,A321-200,YOK,810,210,,110,2,3,0,1,1,0,0,1,8
PN-102018,71,POWER PLANT,BOEING,737-900ER,YOK,2800,1730,,420,3,0,0,1,0,1,0,0,5
PN-102019,32,LANDING GEAR,AIRBUS,A320neo,VAR,2960,920,340.0,480,10,2,2,1,3,0,1,4,23
PN-102020,28,FUEL,AIRBUS,A320-200,VAR,1700,660,130.0,170,1,0,0,0,0,0,0,0,1
PN-102021,56,WINDOWS,AIRBUS,A321neo,VAR,1060,350,150.0,230,2,1,0,0,0,0,0,1,4
PN-102022,56,WINDOWS,BOEING,737-900ER,YOK,8640,3140,,3030,1,0,0,1,0,0,0,0,2
PN-102023,49,AIRBORNE AUXILIARY POWER (APU),BOEING,737 MAX 8,YOK,840,430,,380,2,1,0,0,0,1,0,2,6
PN-102024,22,AUTO FLIGHT,BOEING,737-800,YOK,860,300,,270,2,2,0,2,1,0,0,1,8
PN-102025,34,NAVIGATION,AIRBUS,A330-300,VAR,1690,1240,440.0,760,1,0,0,0,0,0,0,1,2
PN-102026,49,AIRBORNE AUXILIARY POWER (APU),BOEING,737-800,VAR,31990,16420,4160.0,6380,3,1,0,2,1,1,0,1,9
PN-102027,79,OIL,BOEING,737-800,YOK,1560,1110,,1560,2,1,0,1,0,0,0,1,5
PN-102028,35,OXYGEN,AIRBUS,A320neo,YOK,3150,1360,,560,1,0,0,0,0,0,0,1,2
PN-102029,29,HYDRAULIC POWER,AIRBUS,A330-300,YOK,520,160,,120,2,1,0,1,0,0,0,2,6
PN-102030,36,PNEUMATIC,BOEING,737-900ER,YOK,2110,940,,320,1,0,0,1,0,0,0,2,4
PN-102031,25,EQUIPMENT / FURNISHINGS,AIRBUS,A321-200,VAR,1190,480,260.0,430,1,0,0,1,0,0,0,0,2
PN-102032,23,COMMUNICATIONS,BOEING,737-800,YOK,570,150,,60,2,0,0,1,0,0,0,2,5
PN-102033,56,WINDOWS,AIRBUS,A321neo,YOK,1390,680,,330,1,0,0,1,1,0,0,0,3
PN-102034,80,STARTING,AIRBUS,A330-200,YOK,5490,2080,,680,2,0,0,1,0,0,0,1,4
PN-102035,74,IGNITION,AIRBUS,A320-200,YOK,190,60,,50,10,1,0,3,3,0,1,1,19
PN-102036,49,AIRBORNE AUXILIARY POWER (APU),BOEING,737-800,YOK,2620,1610,,1280,3,3,0,0,0,0,2,4,12
PN-102037,22,AUTO FLIGHT,BOEING,737 MAX 8,YOK,180,100,,80,2,1,0,0,0,0,0,1,4
PN-102038,80,STARTING,AIRBUS,A320-200,YOK,7620,1990,,1070,4,0,0,2,0,1,0,1,8
PN-102039,32,LANDING GEAR,AIRBUS,A321-200,YOK,16580,9540,,5660,2,0,0,0,0,1,0,1,4
PN-102040,28,FUEL,AIRBUS,A319-100,YOK,470,220,,80,2,0,0,0,0,0,1,1,4
PN-102041,77,ENGINE INDICATING,AIRBUS,A319-100,YOK,2040,1340,,890,3,0,0,1,0,0,0,0,4
PN-102042,72,ENGINE,BOEING,787-9,YOK,5970,2400,,1720,2,0,0,1,1,0,0,0,4
PN-102043,72,ENGINE,AIRBUS,A330-200,YOK,2210,410,,200,6,1,0,3,1,1,1,4,17
PN-102044,28,FUEL,AIRBUS,A321-200,VAR,3950,1700,400.0,750,2,0,0,0,0,0,0,2,4
PN-102045,80,STARTING,AIRBUS,A320neo,YOK,9480,3090,,6300,1,1,0,1,1,1,0,0,5
PN-102046,32,LANDING GEAR,BOEING,787-9,YOK,17440,10310,,13530,3,0,0,1,0,0,0,2,6
PN-102047,35,OXYGEN,AIRBUS,A320neo,VAR,5840,4190,880.0,1510,11,14,8,3,1,4,2,10,53
PN-102048,72,ENGINE,BOEING,737-800,YOK,3600,1310,,540,2,1,0,1,1,0,1,1,7
PN-102049,56,WINDOWS,AIRBUS,A321-200,YOK,200,110,,50,1,0,0,0,0,0,0,0,1
PN-102050,25,EQUIPMENT / FURNISHINGS,AIRBUS,A320-200,YOK,1330,550,,310,1,0,0,0,0,0,0,0,1
PN-102051,28,FUEL,BOEING,737-800,VAR,7850,2870,1860.0,2470,1,4,1,3,0,1,2,1,13
PN-102052,30,ICE & RAIN PROTECTION,AIRBUS,A319-100,YOK,24440,12710,,8870,9,1,0,2,1,1,2,1,17
PN-102053,79,OIL,BOEING,737-800,YOK,7270,4960,,3480,1,0,0,1,1,0,0,1,4
PN-102054,71,POWER PLANT,AIRBUS,A320neo,YOK,11950,6610,,2800,10,1,0,2,2,2,2,4,23
PN-102055,30,ICE & RAIN PROTECTION,BOEING,737-800,VAR,6240,4040,6160.0,6240,3,1,0,1,3,1,0,1,10
PN-102056,72,ENGINE,BOEING,737-900ER,YOK,7930,3420,,2030,3,1,0,2,0,0,2,2,10
PN-102057,72,ENGINE,BOEING,737-800,VAR,8130,3350,2220.0,3440,2,1,1,1,0,1,2,1,9
PN-102058,31,INDICATING / RECORDING SYSTEMS,AIRBUS,A319-100,YOK,22750,10030,,8110,3,1,0,1,1,1,0,0,7
PN-102059,31,INDICATING / RECORDING SYSTEMS,BOEING,737-800,VAR,1790,1300,330.0,640,4,1,3,1,1,2,0,1,13
PN-102060,77,ENGINE INDICATING,BOEING,787-9,YOK,2430,1000,,340,4,1,0,1,0,0,0,2,8
PN-102061,36,PNEUMATIC,AIRBUS,A320neo,VAR,6970,2000,360.0,700,1,1,0,0,0,0,0,1,3
PN-102062,24,ELECTRICAL POWER,AIRBUS,A320neo,YOK,18320,13600,,11120,2,1,0,2,1,0,0,1,7
PN-102063,71,POWER PLANT,BOEING,737 MAX 8,YOK,370,210,,140,20,1,0,6,5,3,1,8,44
PN-102064,49,AIRBORNE AUXILIARY POWER (APU),AIRBUS,A320-200,YOK,10340,5750,,2140,5,2,0,1,0,0,1,1,10
PN-102065,35,OXYGEN,BOEING,737-800,VAR,2410,830,130.0,230,4,1,0,1,1,0,0,1,8
PN-102066,71,POWER PLANT,BOEING,737-800,YOK,290,150,,100,4,1,0,1,1,2,0,3,12
PN-102067,77,ENGINE INDICATING,AIRBUS,A319-100,YOK,12310,4580,,1280,2,1,0,2,1,0,1,1,8
PN-102068,29,HYDRAULIC POWER,AIRBUS,A330-300,YOK,13290,9310,,4700,3,2,0,2,0,1,0,2,10
PN-102069,31,INDICATING / RECORDING SYSTEMS,AIRBUS,A330-300,VAR,550,100,80.0,170,3,2,2,1,0,1,3,1,13
PN-102070,25,EQUIPMENT / FURNISHINGS,AIRBUS,A321-200,YOK,940,440,,180,3,2,0,1,1,0,0,1,8
PN-102071,52,DOORS,BOEING,737 MAX 8,VAR,2140,650,480.0,880,2,0,1,0,1,0,1,1,6
PN-102072,31,INDICATING / RECORDING SYSTEMS,AIRBUS,A320-200,YOK,7140,3660,,2650,1,0,0,0,1,0,0,1,3
PN-102073,29,HYDRAULIC POWER,AIRBUS,A321-200,VAR,18680,9130,1450.0,1990,6,0,2,1,1,0,1,2,13
PN-102074,71,POWER PLANT,BOEING,737 MAX 8,VAR,17590,5250,3850.0,5520,5,0,0,0,0,0,1,1,7
PN-102075,31,INDICATING / RECORDING SYSTEMS,AIRBUS,A320neo,VAR,1010,230,80.0,140,2,1,0,0,0,0,0,1,4
PN-102076,34,NAVIGATION,BOEING,737 MAX 8,VAR,1700,660,110.0,170,30,10,1,4,5,13,3,8,74
PN-102077,32,LANDING GEAR,AIRBUS,A320-200,VAR,6800,4510,1210.0,2340,2,1,0,0,0,0,0,0,3
PN-102078,27,FLIGHT CONTROLS,AIRBUS,A321neo,YOK,640,280,,410,6,1,0,7,1,0,0,2,17
PN-102079,24,ELECTRICAL POWER,AIRBUS,A320-200,YOK,420,130,,160,2,0,0,0,1,1,0,0,4
PN-102080,74,IGNITION,BOEING,737-800,VAR,810,410,160.0,300,2,0,1,0,1,0,0,1,5
PN-102081,23,COMMUNICATIONS,BOEING,737-900ER,YOK,1490,620,,750,23,1,0,6,3,7,0,12,52
PN-102082,29,HYDRAULIC POWER,BOEING,737 MAX 8,VAR,970,250,50.0,50,1,0,1,0,0,1,0,1,4
PN-102083,56,WINDOWS,BOEING,787-9,YOK,4100,480,,270,1,0,0,0,0,0,0,1,2
PN-102084,24,ELECTRICAL POWER,BOEING,737-800,VAR,5670,1090,180.0,290,3,2,0,1,1,0,0,1,8
PN-102085,56,WINDOWS,BOEING,737-900ER,VAR,420,200,60.0,80,0,1,0,0,0,0,0,1,2
PN-102086,72,ENGINE,AIRBUS,A330-200,YOK,15040,9570,,7300,10,1,0,3,2,0,1,9,26
PN-102087,56,WINDOWS,BOEING,777-300ER,VAR,5530,1670,1010.0,1950,1,0,0,0,0,0,0,1,2
PN-102088,28,FUEL,BOEING,737-800,VAR,3720,1450,480.0,980,5,1,1,2,0,0,0,3,12
PN-102089,21,AIR CONDITIONING,BOEING,777-300ER,YOK,7170,2130,,1440,1,0,0,0,0,0,0,1,2
PN-102090,77,ENGINE INDICATING,AIRBUS,A320neo,YOK,380,90,,50,0,0,0,0,0,0,0,1,1
PN-102091,29,HYDRAULIC POWER,AIRBUS,A330-200,YOK,5160,3190,,1500,3,1,0,1,1,0,0,1,7
PN-102092,73,ENGINE FUEL AND CONTROL,BOEING,737-800,YOK,4490,1950,,800,1,0,0,1,0,0,0,0,2
PN-102093,26,FIRE PROTECTION,AIRBUS,A320neo,VAR,510,190,160.0,260,5,0,3,1,0,1,1,3,14
PN-102094,25,EQUIPMENT / FURNISHINGS,AIRBUS,A320neo,YOK,3290,770,,170,1,0,0,0,0,0,0,0,1
PN-102095,73,ENGINE FUEL AND CONTROL,BOEING,787-9,YOK,4410,2010,,1680,1,1,0,1,0,0,0,0,3
PN-102096,79,OIL,AIRBUS,A321neo,VAR,1770,650,270.0,430,3,0,0,0,3,2,0,2,10
PN-102097,76,ENGINE CONTROLS,AIRBUS,A320-200,VAR,2650,1710,550.0,820,3,0,0,0,0,0,0,0,3
PN-102098,72,ENGINE,AIRBUS,A321-200,YOK,59610,39550,,7620,1,0,0,1,0,0,0,1,3
PN-102099,27,FLIGHT CONTROLS,AIRBUS,A321-200,YOK,1840,830,,460,15,2,0,5,1,3,0,20,46
PN-102100,77,ENGINE INDICATING,AIRBUS,A350-900,YOK,6930,4910,,1570,0,0,0,1,0,0,0,1,2
PN-102101,56,WINDOWS,BOEING,777-300ER,YOK,580,210,,70,1,0,0,0,0,0,0,2,3
PN-102102,25,EQUIPMENT / FURNISHINGS,BOEING,787-9,VAR,770,340,60.0,110,1,0,0,0,0,0,2,1,4
PN-102103,24,ELECTRICAL POWER,BOEING,737-800,VAR,10590,4340,1630.0,2590,6,1,4,0,1,1,0,2,15
PN-102104,76,ENGINE CONTROLS,BOEING,737-800,YOK,3340,1250,,1090,2,3,0,0,1,0,1,2,9
PN-102105,28,FUEL,AIRBUS,A321-200,VAR,3190,1360,600.0,1130,1,0,0,0,1,0,0,1,3
PN-102106,72,ENGINE,BOEING,737 MAX 8,YOK,1500,260,,80,4,3,0,1,0,0,0,1,9
PN-102107,24,ELECTRICAL POWER,AIRBUS,A320neo,YOK,730,300,,170,2,1,0,1,0,1,0,2,7
PN-102108,28,FUEL,AIRBUS,A320-200,VAR,4530,1360,1120.0,2310,3,1,2,0,0,2,1,4,13
PN-102109,28,FUEL,BOEING,787-9,YOK,6810,1150,,190,0,0,0,1,0,0,0,1,2
PN-102110,28,FUEL,BOEING,737 MAX 8,YOK,3260,1350,,700,18,2,0,2,4,7,4,4,41
PN-102111,56,WINDOWS,AIRBUS,A321-200,YOK,3820,1670,,1310,1,0,0,0,0,0,0,1,2
PN-102112,77,ENGINE INDICATING,BOEING,737-800,YOK,600,330,,80,2,0,0,1,1,0,1,1,6
PN-102113,77,ENGINE INDICATING,AIRBUS,A321neo,YOK,500,350,,210,1,0,0,1,0,0,0,0,2
PN-102114,72,ENGINE,AIRBUS,A321-200,YOK,13460,2820,,3390,1,1,0,0,1,0,0,1,4
PN-102115,26,FIRE PROTECTION,AIRBUS,A321-200,YOK,210,60,,50,1,0,0,1,0,0,0,0,2
PN-102116,79,OIL,AIRBUS,A320-200,VAR,1020,640,240.0,340,1,0,0,0,0,1,0,1,3
PN-102117,36,PNEUMATIC,AIRBUS,A330-300,YOK,2330,840,,530,2,1,0,0,0,0,0,1,4
PN-102118,36,PNEUMATIC,AIRBUS,A321neo,VAR,1530,790,160.0,250,1,0,0,0,0,0,0,1,2
PN-102119,71,POWER PLANT,AIRBUS,A330-200,VAR,370,170,50.0,80,6,0,1,0,0,3,1,3,14
PN-102120,72,ENGINE,AIRBUS,A320neo,YOK,1800,420,,270,3,0,0,0,0,1,0,2,6
PN-102121,79,OIL,BOEING,777-300ER,VAR,1990,710,160.0,260,1,1,0,0,0,0,0,1,3
PN-102122,49,AIRBORNE AUXILIARY POWER (APU),AIRBUS,A350-900,VAR,870,480,270.0,400,3,1,0,0,0,1,0,1,6
PN-102123,49,AIRBORNE AUXILIARY POWER (APU),BOEING,777-300ER,YOK,3990,2410,,1950,4,4,0,3,4,0,3,2,20
PN-102124,72,ENGINE,AIRBUS,A320-200,VAR,4790,1090,600.0,800,2,1,1,1,3,0,1,5,14
PN-102125,27,FLIGHT CONTROLS,AIRBUS,A350-900,YOK,360,140,,80,4,1,0,1,0,0,0,1,7
PN-102126,29,HYDRAULIC POWER,BOEING,737 MAX 8,YOK,4500,2970,,1110,1,0,0,0,0,0,0,1,2
PN-102127,52,DOORS,AIRBUS,A321-200,YOK,11370,4540,,2420,1,1,0,0,0,0,0,0,2
PN-102128,22,AUTO FLIGHT,AIRBUS,A320neo,VAR,4690,1420,370.0,530,1,1,0,0,0,0,0,0,2
PN-102129,29,HYDRAULIC POWER,AIRBUS,A320neo,YOK,1500,720,,1500,10,1,0,1,3,5,2,7,29
PN-102130,71,POWER PLANT,AIRBUS,A320neo,VAR,1120,560,100.0,170,6,2,0,0,0,1,0,3,12
PN-102131,80,STARTING,AIRBUS,A321neo,YOK,2700,1170,,430,1,1,0,1,0,0,0,0,3
PN-102132,35,OXYGEN,AIRBUS,A321-200,VAR,6130,3560,860.0,1370,1,0,0,0,0,0,0,1,2
PN-102133,31,INDICATING / RECORDING SYSTEMS,AIRBUS,A320neo,YOK,4120,1570,,960,1,1,0,0,0,0,0,1,3
PN-102134,32,LANDING GEAR,BOEING,737-800,VAR,11960,4470,1510.0,2560,4,0,0,0,0,0,0,1,5
PN-102135,56,WINDOWS,AIRBUS,A319-100,YOK,3110,1600,,430,1,1,0,1,1,0,1,1,6
PN-102136,36,PNEUMATIC,AIRBUS,A321-200,VAR,1710,680,140.0,210,1,1,1,0,0,0,0,1,4
PN-102137,21,AIR CONDITIONING,BOEING,737-800,VAR,1130,440,170.0,320,19,1,4,4,6,2,4,8,48
PN-102138,36,PNEUMATIC,AIRBUS,A320-200,VAR,38690,14930,3950.0,6350,3,0,2,2,1,4,1,3,16
PN-102139,31,INDICATING / RECORDING SYSTEMS,AIRBUS,A320neo,YOK,1310,950,,1240,10,1,0,2,0,2,2,2,19
PN-102140,71,POWER PLANT,AIRBUS,A320neo,YOK,1040,590,,360,4,0,0,3,0,2,1,4,14
PN-102141,76,ENGINE CONTROLS,AIRBUS,A319-100,VAR,19320,2180,1190.0,1920,1,1,1,0,0,0,0,1,4
PN-102142,80,STARTING,AIRBUS,A321neo,VAR,5140,1920,490.0,860,3,1,2,1,0,1,1,2,11
PN-102143,49,AIRBORNE AUXILIARY POWER (APU),AIRBUS,A319-100,VAR,870,460,190.0,300,2,1,0,0,1,0,1,1,6
PN-102144,30,ICE & RAIN PROTECTION,AIRBUS,A320neo,YOK,2930,1460,,660,5,1,0,6,6,1,1,2,22
PN-102145,32,LANDING GEAR,BOEING,787-9,YOK,7580,2020,,1020,3,1,0,4,3,1,2,1,15
PN-102146,25,EQUIPMENT / FURNISHINGS,BOEING,777-300ER,YOK,20650,13770,,7500,1,1,0,1,0,1,0,2,6
PN-102147,79,OIL,AIRBUS,A320neo,YOK,3980,930,,1150,2,1,0,1,1,1,0,1,7
PN-102148,76,ENGINE CONTROLS,AIRBUS,A321-200,VAR,600,370,210.0,340,7,6,0,3,3,1,2,6,28
PN-102149,76,ENGINE CONTROLS,AIRBUS,A321neo,YOK,940,190,,160,1,0,0,1,0,0,0,0,2
PN-102150,29,HYDRAULIC POWER,BOEING,737 MAX 8,YOK,1750,650,,280,21,1,0,2,4,1,10,7,46
PN-102151,29,HYDRAULIC POWER,BOEING,737-900ER,YOK,8980,3910,,2960,3,0,0,1,0,1,0,2,7
PN-102152,76,ENGINE CONTROLS,AIRBUS,A320-200,YOK,6560,2300,,680,1,1,0,0,0,0,0,0,2
PN-102153,36,PNEUMATIC,AIRBUS,A320-200,YOK,750,300,,300,1,1,0,0,0,0,0,1,3
PN-102154,71,POWER PLANT,AIRBUS,A321neo,YOK,1680,600,,420,1,0,0,1,0,0,0,0,2
PN-102155,34,NAVIGATION,BOEING,737 MAX 8,YOK,1030,390,,170,4,0,0,2,1,0,2,3,12
PN-102156,32,LANDING GEAR,BOEING,777-300ER,VAR,580,110,50.0,50,2,0,0,1,0,0,0,1,4
PN-102157,52,DOORS,AIRBUS,A320-200,YOK,960,680,,620,1,0,0,1,1,0,0,2,5
PN-102158,74,IGNITION,AIRBUS,A330-300,YOK,2000,1090,,720,7,1,0,2,1,0,0,1,12
PN-102159,29,HYDRAULIC POWER,AIRBUS,A320-200,VAR,3230,1230,1790.0,2320,2,0,1,0,1,0,0,1,5
PN-102160,74,IGNITION,BOEING,737-800,YOK,1700,850,,630,1,0,0,1,0,0,0,1,3
PN-102161,27,FLIGHT CONTROLS,BOEING,777-300ER,VAR,3370,2210,340.0,610,1,0,0,0,0,0,0,1,2
PN-102162,31,INDICATING / RECORDING SYSTEMS,AIRBUS,A321neo,VAR,2160,1050,400.0,540,2,0,1,0,0,0,0,1,4
PN-102163,77,ENGINE INDICATING,AIRBUS,A320-200,YOK,1710,570,,430,10,9,0,12,5,3,0,21,60
PN-102164,79,OIL,AIRBUS,A330-300,YOK,3340,630,,160,4,0,0,3,1,1,1,3,13
PN-102165,79,OIL,AIRBUS,A321neo,VAR,820,170,50.0,80,2,1,0,1,0,0,0,1,5
PN-102166,29,HYDRAULIC POWER,BOEING,737 MAX 8,YOK,1770,850,,500,2,1,0,0,0,1,0,1,5
PN-102167,74,IGNITION,AIRBUS,A321-200,YOK,2390,510,,310,1,1,0,1,0,0,0,1,4
PN-102168,79,OIL,BOEING,737 MAX 8,VAR,1170,500,60.0,120,2,0,0,1,1,0,2,1,7
PN-102169,80,STARTING,AIRBUS,A320neo,VAR,5300,1110,500.0,810,2,1,0,1,0,0,0,1,5
PN-102170,21,AIR CONDITIONING,AIRBUS,A320-200,VAR,780,330,90.0,150,5,1,1,0,1,0,0,4,12
PN-102171,72,ENGINE,AIRBUS,A321-200,YOK,920,540,,260,2,1,0,0,1,0,0,1,5
PN-102172,80,STARTING,AIRBUS,A319-100,VAR,920,330,90.0,130,1,0,0,0,1,0,1,0,3
PN-102173,72,ENGINE,AIRBUS,A321-200,YOK,5700,4190,,1250,6,3,0,2,2,0,0,3,16
PN-102174,27,FLIGHT CONTROLS,BOEING,737-800,YOK,2420,1040,,1040,1,1,0,1,0,0,0,0,3
PN-102175,72,ENGINE,AIRBUS,A320-200,YOK,790,220,,80,12,0,0,3,0,2,2,4,23
PN-102176,23,COMMUNICATIONS,AIRBUS,A320-200,YOK,3530,2650,,1550,2,0,0,1,1,0,0,1,5
PN-102177,34,NAVIGATION,AIRBUS,A320-200,VAR,3510,1810,450.0,740,1,0,0,0,0,0,0,0,1
PN-102178,52,DOORS,AIRBUS,A320-200,VAR,660,340,140.0,230,3,0,0,1,0,0,0,1,5
PN-102179,32,LANDING GEAR,BOEING,737 MAX 8,VAR,1160,630,390.0,580,1,0,0,0,0,0,0,1,2
PN-102180,71,POWER PLANT,BOEING,777-F,YOK,400,150,,60,3,1,0,5,1,1,1,2,14
PN-102181,27,FLIGHT CONTROLS,AIRBUS,A319-100,VAR,590,360,90.0,140,1,1,0,1,1,0,1,1,6
PN-102182,49,AIRBORNE AUXILIARY POWER (APU),BOEING,737-900ER,YOK,13060,6730,,7470,13,4,0,10,0,7,1,8,43
PN-102183,52,DOORS,BOEING,737-800,VAR,920,200,60.0,100,3,4,1,0,1,1,0,2,12
PN-102184,52,DOORS,BOEING,787-9,YOK,400,280,,160,1,0,0,1,0,0,0,0,2
PN-102185,28,FUEL,AIRBUS,A321-200,YOK,2940,880,,1110,1,0,0,0,0,0,0,0,1
PN-102186,28,FUEL,AIRBUS,A321-200,VAR,3150,810,190.0,320,2,0,0,0,0,0,0,1,3
PN-102187,27,FLIGHT CONTROLS,AIRBUS,A321neo,VAR,1430,900,300.0,470,1,1,0,0,0,0,0,0,2
PN-102188,34,NAVIGATION,BOEING,737 MAX 8,VAR,2710,610,310.0,550,8,6,1,3,1,1,6,8,34
PN-102189,49,AIRBORNE AUXILIARY POWER (APU),BOEING,737-800,YOK,2260,1070,,320,2,1,0,1,1,2,0,1,8
PN-102190,30,ICE & RAIN PROTECTION,AIRBUS,A321neo,YOK,7110,1780,,660,8,1,0,2,0,0,0,1,12
PN-102191,31,INDICATING / RECORDING SYSTEMS,AIRBUS,A320neo,VAR,750,530,180.0,250,2,1,0,0,1,0,0,1,5
PN-102192,28,FUEL,BOEING,737-800,YOK,2240,1090,,1140,2,1,0,1,0,0,0,2,6
PN-102193,26,FIRE PROTECTION,BOEING,737 MAX 8,VAR,4420,1020,580.0,1150,1,1,1,0,0,0,0,1,4
PN-102194,56,WINDOWS,AIRBUS,A321-200,VAR,710,140,70.0,130,4,1,0,2,0,1,1,1,10
PN-102195,74,IGNITION,BOEING,737-800,YOK,650,200,,160,2,1,0,1,1,0,0,1,6
PN-102196,28,FUEL,AIRBUS,A321neo,VAR,17160,8770,1640.0,2480,1,1,1,0,0,0,0,0,3
PN-102197,76,ENGINE CONTROLS,AIRBUS,A321neo,YOK,27840,12430,,9860,8,1,0,7,1,0,1,7,25
PN-102198,36,PNEUMATIC,AIRBUS,A330-200,YOK,510,140,,70,1,1,0,1,0,0,0,1,4
PN-102199,25,EQUIPMENT / FURNISHINGS,BOEING,737-900ER,VAR,3720,2620,910.0,1290,1,1,0,0,0,1,0,0,3
PN-102200,30,ICE & RAIN PROTECTION,BOEING,787-9,VAR,16750,4600,1590.0,3320,1,0,0,0,0,0,0,0,1
PN-102201,21,AIR CONDITIONING,AIRBUS,A321neo,VAR,2970,1200,690.0,1150,2,1,1,3,0,1,3,2,13
PN-102202,22,AUTO FLIGHT,AIRBUS,A321-200,YOK,480,140,,50,3,0,0,1,0,1,0,1,6
PN-102203,29,HYDRAULIC POWER,AIRBUS,A321-200,YOK,6050,2200,,990,3,0,0,2,1,1,2,1,10
PN-102204,32,LANDING GEAR,AIRBUS,A320-200,YOK,3370,960,,590,2,1,0,1,1,0,1,1,7
PN-102205,73,ENGINE FUEL AND CONTROL,AIRBUS,A321-200,YOK,9970,6200,,9950,1,1,0,1,0,1,0,1,5
PN-102206,24,ELECTRICAL POWER,AIRBUS,A320-200,YOK,7350,4630,,2600,3,1,0,1,0,0,0,1,6
PN-102207,74,IGNITION,AIRBUS,A321neo,YOK,2160,420,,210,3,0,0,2,0,0,0,2,7
PN-102208,27,FLIGHT CONTROLS,AIRBUS,A320-200,YOK,2250,480,,130,5,1,0,2,1,1,0,3,13
PN-102209,24,ELECTRICAL POWER,AIRBUS,A321-200,VAR,6170,2940,970.0,1760,4,1,0,0,0,1,0,1,7
PN-102210,71,POWER PLANT,BOEING,737-900ER,YOK,4260,1690,,780,7,4,0,2,0,0,1,3,17
PN-102211,73,ENGINE FUEL AND CONTROL,AIRBUS,A320neo,YOK,12320,5590,,5810,2,1,0,2,0,1,0,2,8
PN-102212,49,AIRBORNE AUXILIARY POWER (APU),AIRBUS,A350-900,YOK,1300,380,,300,1,1,0,1,0,0,0,2,5
PN-102213,24,ELECTRICAL POWER,BOEING,777-300ER,YOK,530,180,,80,3,1,0,2,0,1,1,2,10
PN-102214,23,COMMUNICATIONS,AIRBUS,A330-300,YOK,16190,6940,,4480,1,0,0,0,0,0,0,1,2
PN-102215,31,INDICATING / RECORDING SYSTEMS,AIRBUS,A320neo,VAR,12610,7440,1160.0,2160,1,1,0,1,0,1,1,2,7
PN-102216,32,LANDING GEAR,AIRBUS,A321-200,VAR,26580,10510,890.0,1400,1,0,1,0,0,0,0,1,3
PN-102217,80,STARTING,AIRBUS,A330-300,YOK,8930,2630,,5140,1,0,0,1,0,0,0,1,3
PN-102218,28,FUEL,AIRBUS,A330-200,VAR,490,320,230.0,400,1,0,0,0,0,0,0,0,1
PN-102219,26,FIRE PROTECTION,AIRBUS,A320-200,YOK,1910,330,,400,2,0,0,0,0,0,0,1,3
PN-102220,79,OIL,AIRBUS,A321neo,VAR,230,90,70.0,100,12,3,0,2,3,1,2,5,28
PN-102221,25,EQUIPMENT / FURNISHINGS,AIRBUS,A330-300,YOK,6570,1740,,1810,2,1,0,1,0,0,0,0,4
PN-102222,21,AIR CONDITIONING,AIRBUS,A320neo,VAR,2080,720,110.0,170,4,2,1,1,1,0,0,4,13
PN-102223,31,INDICATING / RECORDING SYSTEMS,AIRBUS,A350-900,YOK,2900,1070,,2620,15,3,0,10,8,1,1,11,49
PN-102224,31,INDICATING / RECORDING SYSTEMS,AIRBUS,A320-200,VAR,100,50,50.0,50,5,1,0,0,1,0,0,1,8
PN-102225,52,DOORS,AIRBUS,A321-200,VAR,8020,3490,710.0,1000,1,0,0,0,0,0,0,1,2
PN-102226,76,ENGINE CONTROLS,BOEING,737-900ER,YOK,8270,2360,,1480,1,0,0,1,0,0,0,1,3
PN-102227,79,OIL,AIRBUS,A320neo,YOK,1450,510,,280,2,1,0,1,0,0,1,2,7
PN-102228,28,FUEL,AIRBUS,A350-900,VAR,8460,2430,900.0,1220,2,0,0,0,0,0,1,1,4
PN-102229,80,STARTING,AIRBUS,A321neo,YOK,4940,1820,,1740,2,1,0,0,0,0,0,1,4
PN-102230,52,DOORS,AIRBUS,A321-200,VAR,6820,3400,3140.0,4160,5,1,2,0,1,2,0,0,11
PN-102231,22,AUTO FLIGHT,BOEING,777-300ER,VAR,6420,3200,620.0,1040,5,3,3,0,0,1,0,3,15
PN-102232,79,OIL,AIRBUS,A321-200,VAR,2890,1870,1520.0,2510,1,0,0,0,0,0,0,1,2
PN-102233,24,ELECTRICAL POWER,AIRBUS,A320neo,VAR,15490,2800,2330.0,3320,1,1,1,0,0,0,0,1,4
PN-102234,49,AIRBORNE AUXILIARY POWER (APU),BOEING,777-300ER,VAR,260,180,50.0,80,1,1,0,0,1,0,1,1,5
PN-102235,73,ENGINE FUEL AND CONTROL,BOEING,737-800,YOK,40940,11160,,3540,5,0,0,2,0,2,2,3,14
PN-102236,27,FLIGHT CONTROLS,BOEING,737-800,YOK,2210,1500,,340,6,0,0,4,0,5,1,5,21
PN-102237,28,FUEL,AIRBUS,A319-100,VAR,960,350,80.0,110,14,8,14,9,6,3,4,18,76
PN-102238,34,NAVIGATION,AIRBUS,A320-200,YOK,14690,6000,,5090,2,0,0,1,1,0,0,0,4
PN-102239,77,ENGINE INDICATING,AIRBUS,A350-900,YOK,890,520,,770,2,0,0,1,0,0,0,1,4
PN-102240,26,FIRE PROTECTION,AIRBUS,A320neo,YOK,780,290,,90,3,0,0,1,0,1,0,1,6
PN-102241,56,WINDOWS,AIRBUS,A320neo,VAR,4970,3550,1670.0,2340,1,0,0,0,0,0,0,1,2
PN-102242,32,LANDING GEAR,BOEING,737-900ER,YOK,790,460,,680,3,0,0,2,1,0,0,3,9
PN-102243,23,COMMUNICATIONS,AIRBUS,A321-200,VAR,230,150,100.0,140,2,0,1,0,0,0,0,1,4
PN-102244,71,POWER PLANT,AIRBUS,A320-200,YOK,1220,590,,310,1,0,0,0,0,0,0,0,1
PN-102245,74,IGNITION,AIRBUS,A319-100,VAR,980,430,60.0,110,2,0,1,0,0,0,0,2,5
PN-102246,36,PNEUMATIC,AIRBUS,A321neo,YOK,1060,400,,130,1,0,0,1,0,1,0,1,4
PN-102247,25,EQUIPMENT / FURNISHINGS,AIRBUS,A350-900,VAR,850,470,140.0,190,6,0,1,1,1,1,1,3,14
PN-102248,25,EQUIPMENT / FURNISHINGS,BOEING,737 MAX 8,YOK,1100,190,,90,1,1,0,1,0,0,0,1,4
PN-102249,32,LANDING GEAR,AIRBUS,A320-200,YOK,27220,7050,,2310,1,1,0,0,0,0,0,1,3
PN-102250,35,OXYGEN,AIRBUS,A320neo,VAR,220,70,50.0,50,1,0,0,1,0,0,0,1,3
PN-102251,36,PNEUMATIC,AIRBUS,A330-200,VAR,180,100,50.0,90,0,0,0,0,0,0,0,1,1
PN-102252,27,FLIGHT CONTROLS,AIRBUS,A321-200,VAR,3410,820,110.0,190,0,0,1,0,0,1,0,0,2
PN-102253,35,OXYGEN,AIRBUS,A321neo,YOK,4660,2150,,790,3,0,0,1,1,2,0,0,7
PN-102254,28,FUEL,BOEING,777-300ER,YOK,210,90,,50,2,0,0,1,0,0,0,2,5
PN-102255,56,WINDOWS,AIRBUS,A330-300,VAR,340,150,50.0,80,3,1,1,1,0,0,0,2,8
PN-102256,73,ENGINE FUEL AND CONTROL,AIRBUS,A321neo,YOK,950,660,,790,1,0,0,0,0,0,0,0,1
PN-102257,52,DOORS,BOEING,787-9,VAR,330,190,100.0,150,2,1,0,0,0,0,0,1,4
PN-102258,21,AIR CONDITIONING,AIRBUS,A320-200,YOK,1140,260,,280,3,0,0,1,1,0,0,0,5
PN-102259,80,STARTING,BOEING,777-300ER,YOK,8190,4340,,2290,5,1,0,2,3,1,0,4,16
PN-102260,21,AIR CONDITIONING,AIRBUS,A330-200,YOK,130,50,,50,4,2,0,1,1,2,0,4,14
PN-102261,80,STARTING,AIRBUS,A330-200,YOK,600,70,,50,5,0,0,3,0,2,1,1,12
PN-102262,21,AIR CONDITIONING,BOEING,777-300ER,VAR,1560,1090,940.0,1560,12,2,1,1,0,4,1,9,30
PN-102263,35,OXYGEN,AIRBUS,A330-200,YOK,1660,890,,1230,1,0,0,1,0,0,0,1,3
PN-102264,23,COMMUNICATIONS,AIRBUS,A321neo,YOK,320,140,,100,6,1,0,2,2,1,0,5,17
PN-102265,23,COMMUNICATIONS,AIRBUS,A320neo,VAR,3260,770,410.0,820,1,0,0,0,0,0,0,1,2
PN-102266,56,WINDOWS,BOEING,737-800,VAR,2940,1310,360.0,550,1,0,0,0,0,0,0,0,1
PN-102267,71,POWER PLANT,AIRBUS,A330-300,VAR,3080,1400,260.0,520,7,1,1,0,1,1,2,2,15
PN-102268,24,ELECTRICAL POWER,AIRBUS,A320neo,VAR,650,370,100.0,160,1,1,0,0,0,0,0,0,2
PN-102269,80,STARTING,BOEING,737-800,YOK,14330,7520,,2010,3,2,0,2,2,0,0,2,11
PN-102270,29,HYDRAULIC POWER,BOEING,737-800,YOK,2730,1730,,820,2,2,0,2,0,1,0,3,10
PN-102271,29,HYDRAULIC POWER,AIRBUS,A321-200,VAR,1040,350,270.0,360,9,1,1,2,1,2,0,7,23
PN-102272,28,FUEL,AIRBUS,A319-100,VAR,13210,5780,13210.0,13210,3,0,0,0,0,1,1,1,6
PN-102273,32,LANDING GEAR,AIRBUS,A321neo,YOK,27010,6920,,6400,5,1,0,2,0,0,1,2,11
PN-102274,25,EQUIPMENT / FURNISHINGS,AIRBUS,A319-100,VAR,2130,800,460.0,760,3,1,0,0,0,0,0,3,7
PN-102275,32,LANDING GEAR,AIRBUS,A320-200,YOK,9930,4880,,2700,1,0,0,2,0,0,1,2,6
PN-102276,26,FIRE PROTECTION,AIRBUS,A321neo,YOK,1440,400,,310,1,0,0,1,0,0,0,0,2
PN-102277,22,AUTO FLIGHT,AIRBUS,A320-200,VAR,7130,3590,730.0,1110,3,2,1,0,0,0,1,2,9
PN-102278,30,ICE & RAIN PROTECTION,AIRBUS,A320neo,YOK,3340,1150,,790,2,0,0,1,1,0,0,1,5
PN-102279,56,WINDOWS,BOEING,737-800,VAR,920,420,160.0,220,2,0,0,1,0,0,0,0,3
PN-102280,72,ENGINE,AIRBUS,A321-200,YOK,150,70,,50,6,0,0,2,1,1,1,0,11
PN-102281,30,ICE & RAIN PROTECTION,BOEING,787-9,VAR,9290,6000,5720.0,8920,10,0,1,1,0,0,1,9,22
PN-102282,29,HYDRAULIC POWER,BOEING,777-300ER,YOK,380,220,,130,2,1,0,1,0,1,1,0,6
PN-102283,73,ENGINE FUEL AND CONTROL,AIRBUS,A330-300,YOK,16770,9250,,16370,2,0,0,1,1,0,0,1,5
PN-102284,56,WINDOWS,BOEING,787-9,VAR,2290,750,130.0,220,1,0,0,0,0,0,0,0,1
PN-102285,74,IGNITION,BOEING,737 MAX 8,YOK,6930,2660,,770,2,1,0,1,0,0,0,0,4
PN-102286,77,ENGINE INDICATING,AIRBUS,A321-200,YOK,2870,1670,,480,2,1,0,2,2,0,1,3,11
PN-102287,74,IGNITION,BOEING,737-800,YOK,14980,6980,,2810,2,2,0,1,2,0,0,2,9
PN-102288,79,OIL,AIRBUS,A320-200,YOK,26520,14650,,14590,2,1,0,2,0,0,1,1,7
PN-102289,31,INDICATING / RECORDING SYSTEMS,BOEING,737-800,VAR,3530,1650,450.0,760,6,1,3,1,1,0,0,2,14
PN-102290,31,INDICATING / RECORDING SYSTEMS,AIRBUS,A330-200,VAR,1070,440,90.0,180,5,0,0,1,1,1,0,3,11
PN-102291,29,HYDRAULIC POWER,AIRBUS,A319-100,YOK,1090,510,,690,9,3,0,4,1,2,3,2,24
PN-102292,27,FLIGHT CONTROLS,AIRBUS,A320neo,YOK,580,60,,50,7,1,0,5,1,2,1,1,18
PN-102293,72,ENGINE,BOEING,777-F,YOK,560,330,,170,24,0,0,7,3,0,5,10,49
PN-102294,71,POWER PLANT,AIRBUS,A321-200,YOK,1390,550,,260,3,0,0,1,0,0,0,2,6
PN-102295,73,ENGINE FUEL AND CONTROL,AIRBUS,A320-200,YOK,160,70,,50,1,0,0,1,0,0,0,0,2
PN-102296,25,EQUIPMENT / FURNISHINGS,AIRBUS,A320-200,VAR,2280,680,330.0,440,3,0,0,1,1,1,1,1,8
PN-102297,34,NAVIGATION,AIRBUS,A321neo,YOK,3480,1300,,740,3,1,0,2,2,0,0,5,13
PN-102298,26,FIRE PROTECTION,BOEING,737 MAX 8,YOK,1300,270,,120,5,2,0,2,0,1,1,4,15
PN-102299,77,ENGINE INDICATING,BOEING,737-800,YOK,1430,720,,330,7,2,0,2,2,3,1,2,19
PN-102300,27,FLIGHT CONTROLS,AIRBUS,A321neo,YOK,1140,470,,280,17,2,0,10,2,2,3,7,43
PN-102301,24,ELECTRICAL POWER,AIRBUS,A320neo,YOK,2800,680,,470,4,1,0,2,0,1,0,6,14
PN-102302,36,PNEUMATIC,AIRBUS,A319-100,VAR,3460,1620,660.0,1130,4,1,0,0,0,0,0,1,6
PN-102303,76,ENGINE CONTROLS,AIRBUS,A321neo,YOK,1440,990,,790,1,0,0,0,0,0,0,1,2
PN-102304,77,ENGINE INDICATING,BOEING,737 MAX 8,YOK,11710,5210,,3460,2,1,0,2,0,0,1,2,8
PN-102305,23,COMMUNICATIONS,BOEING,737-800,YOK,5350,1820,,910,1,0,0,1,0,0,0,1,3
PN-102306,29,HYDRAULIC POWER,AIRBUS,A321neo,VAR,3680,1110,380.0,520,6,1,1,0,0,0,1,2,11
PN-102307,24,ELECTRICAL POWER,AIRBUS,A330-300,YOK,3090,1140,,1660,3,2,0,1,1,0,0,2,9
PN-102308,29,HYDRAULIC POWER,AIRBUS,A321neo,VAR,5290,2640,1290.0,1970,4,1,0,2,0,2,3,2,14
PN-102309,35,OXYGEN,AIRBUS,A330-300,YOK,1010,620,,100,2,0,0,0,0,0,0,1,3
PN-102310,28,FUEL,AIRBUS,A330-200,YOK,700,280,,90,5,2,0,1,3,0,3,1,15
PN-102311,22,AUTO FLIGHT,BOEING,737-800,YOK,650,260,,190,1,0,0,0,0,0,0,0,1
PN-102312,35,OXYGEN,AIRBUS,A330-200,YOK,1700,1000,,690,2,0,0,1,0,0,0,1,4
PN-102313,22,AUTO FLIGHT,BOEING,777-F,YOK,1990,1130,,690,2,1,0,5,1,1,3,4,17
PN-102314,26,FIRE PROTECTION,AIRBUS,A321neo,YOK,8230,3040,,2520,5,2,0,4,2,3,1,3,20
PN-102315,21,AIR CONDITIONING,AIRBUS,A319-100,VAR,1420,840,390.0,590,7,1,0,1,1,0,1,3,14
PN-102316,23,COMMUNICATIONS,AIRBUS,A320neo,YOK,360,140,,70,7,6,0,2,0,1,2,6,24
PN-102317,32,LANDING GEAR,AIRBUS,A330-200,YOK,9050,6020,,4010,4,1,0,2,1,1,1,2,12
PN-102318,76,ENGINE CONTROLS,AIRBUS,A330-300,YOK,4550,2620,,700,2,1,0,2,0,0,0,1,6
PN-102319,73,ENGINE FUEL AND CONTROL,AIRBUS,A330-300,YOK,2110,950,,280,3,1,0,6,0,0,0,3,13
PN-102320,23,COMMUNICATIONS,BOEING,737-800,VAR,1460,480,120.0,250,3,0,0,0,1,0,0,1,5
PN-102321,21,AIR CONDITIONING,AIRBUS,A320neo,YOK,1280,690,,320,1,0,0,1,0,0,0,2,4
PN-102322,29,HYDRAULIC POWER,BOEING,737-800,YOK,2080,1070,,370,2,0,0,2,0,0,0,2,6
PN-102323,52,DOORS,BOEING,737-800,YOK,1620,740,,440,1,0,0,0,1,0,0,0,2
PN-102324,72,ENGINE,AIRBUS,A321neo,YOK,4980,2650,,980,7,3,0,3,0,3,1,2,19
PN-102325,74,IGNITION,AIRBUS,A321neo,YOK,460,180,,110,2,1,0,0,0,0,0,1,4
PN-102326,29,HYDRAULIC POWER,AIRBUS,A320-200,YOK,4980,3000,,2740,2,0,0,0,1,1,1,1,6
PN-102327,25,EQUIPMENT / FURNISHINGS,AIRBUS,A321neo,YOK,4940,1660,,740,2,0,0,0,0,0,0,1,3
PN-102328,21,AIR CONDITIONING,BOEING,737-900ER,VAR,4380,3170,850.0,1450,3,4,0,0,0,0,1,4,12
PN-102329,24,ELECTRICAL POWER,BOEING,777-300ER,YOK,1990,1050,,420,10,1,0,2,1,0,0,2,16
PN-102330,22,AUTO FLIGHT,AIRBUS,A330-300,YOK,14750,8320,,4380,1,0,0,0,0,1,0,0,2
PN-102331,76,ENGINE CONTROLS,AIRBUS,A321-200,YOK,6930,3940,,3910,1,0,0,0,0,0,0,1,2
PN-102332,27,FLIGHT CONTROLS,BOEING,737-800,VAR,260,90,70.0,90,5,1,0,3,1,0,0,7,17
PN-102333,74,IGNITION,BOEING,737-800,YOK,21010,13200,,7240,1,0,0,0,0,0,0,0,1
PN-102334,36,PNEUMATIC,AIRBUS,A321-200,YOK,460,110,,70,2,1,0,2,1,1,0,1,8
PN-102335,36,PNEUMATIC,BOEING,737 MAX 8,VAR,15440,5450,1260.0,2140,8,2,3,1,4,0,0,4,22
PN-102336,32,LANDING GEAR,AIRBUS,A320-200,YOK,4120,920,,670,18,2,0,3,3,12,3,3,44
PN-102337,74,IGNITION,AIRBUS,A319-100,YOK,470,120,,50,3,0,0,1,1,1,1,2,9
PN-102338,22,AUTO FLIGHT,AIRBUS,A320-200,VAR,1570,870,210.0,340,5,1,1,1,1,0,0,2,11
PN-102339,23,COMMUNICATIONS,AIRBUS,A320-200,VAR,15480,4300,1140.0,2140,18,6,1,1,6,3,1,3,39
PN-102340,32,LANDING GEAR,BOEING,737 MAX 8,YOK,100,50,,60,1,0,0,0,0,0,0,0,1
PN-102341,31,INDICATING / RECORDING SYSTEMS,AIRBUS,A321neo,VAR,1460,510,320.0,490,1,1,0,1,0,0,0,1,4
PN-102342,36,PNEUMATIC,AIRBUS,A320neo,VAR,1100,200,120.0,160,5,1,1,0,1,0,1,2,11
PN-102343,72,ENGINE,AIRBUS,A321neo,YOK,3420,680,,910,5,0,0,2,1,0,0,1,9
PN-102344,49,AIRBORNE AUXILIARY POWER (APU),AIRBUS,A321-200,YOK,12750,6540,,2900,4,7,0,6,1,0,2,5,25
PN-102345,27,FLIGHT CONTROLS,AIRBUS,A321-200,VAR,3000,1690,320.0,390,1,1,0,3,0,1,0,1,7
PN-102346,29,HYDRAULIC POWER,AIRBUS,A320-200,VAR,1590,520,140.0,220,3,2,0,1,0,0,1,3,10
PN-102347,72,ENGINE,BOEING,737-800,YOK,6170,3840,,3970,4,2,0,1,0,0,1,1,9
PN-102348,26,FIRE PROTECTION,AIRBUS,A320-200,YOK,740,340,,80,1,0,0,1,0,0,0,0,2
PN-102349,35,OXYGEN,BOEING,737-900ER,YOK,270,80,,50,1,0,0,0,0,0,0,1,2
PN-102350,36,PNEUMATIC,AIRBUS,A320neo,YOK,6990,3430,,1550,2,1,0,1,0,1,1,1,7
PN-102351,72,ENGINE,BOEING,737-800,YOK,15090,4420,,2490,2,1,0,2,0,0,0,1,6
PN-102352,71,POWER PLANT,BOEING,737-900ER,YOK,490,320,,100,7,3,0,3,0,0,2,2,17
PN-102353,34,NAVIGATION,AIRBUS,A320-200,YOK,1290,530,,360,5,0,0,1,1,0,2,3,12
PN-102354,29,HYDRAULIC POWER,AIRBUS,A320-200,VAR,1130,580,350.0,530,5,2,1,2,8,2,1,3,24
PN-102355,30,ICE & RAIN PROTECTION,BOEING,777-F,YOK,10280,3110,,760,1,0,0,0,0,0,0,1,2
PN-102356,31,INDICATING / RECORDING SYSTEMS,AIRBUS,A321neo,YOK,23090,10540,,2790,1,0,0,0,0,0,0,0,1
PN-102357,26,FIRE PROTECTION,AIRBUS,A350-900,YOK,230,60,,50,1,1,0,1,0,1,0,0,4
PN-102358,52,DOORS,AIRBUS,A319-100,YOK,550,180,,60,15,2,0,14,2,3,6,18,60
PN-102359,26,FIRE PROTECTION,AIRBUS,A320neo,YOK,12270,5660,,5310,5,2,0,1,1,0,1,2,12
PN-102360,52,DOORS,AIRBUS,A330-200,VAR,3520,1130,390.0,700,1,0,0,1,0,0,0,1,3
PN-102361,72,ENGINE,BOEING,777-300ER,YOK,13080,4650,,2590,5,1,0,1,2,0,1,7,17
PN-102362,80,STARTING,AIRBUS,A320neo,YOK,2650,900,,230,5,0,0,3,0,1,0,4,13
PN-102363,24,ELECTRICAL POWER,BOEING,737-900ER,VAR,540,120,50.0,50,1,0,0,0,0,0,0,1,2
PN-102364,72,ENGINE,BOEING,737-800,YOK,2370,1120,,560,13,3,0,12,3,0,2,7,40
PN-102365,23,COMMUNICATIONS,AIRBUS,A320-200,VAR,230,100,90.0,120,2,0,0,0,0,0,1,1,4
PN-102366,29,HYDRAULIC POWER,AIRBUS,A321-200,YOK,7130,3550,,1110,3,0,0,1,1,0,1,2,8
PN-102367,25,EQUIPMENT / FURNISHINGS,AIRBUS,A320neo,YOK,3180,1200,,400,2,1,0,1,0,0,0,1,5
PN-102368,25,EQUIPMENT / FURNISHINGS,AIRBUS,A321neo,YOK,3040,1120,,450,3,3,0,2,1,0,1,2,12
PN-102369,25,EQUIPMENT / FURNISHINGS,AIRBUS,A350-900,YOK,16540,10510,,7630,1,0,0,0,0,0,0,1,2
PN-102370,22,AUTO FLIGHT,AIRBUS,A321neo,YOK,890,420,,420,1,0,0,0,0,0,0,0,1
PN-102371,74,IGNITION,AIRBUS,A320neo,YOK,2260,800,,230,2,1,0,2,0,0,0,1,6
PN-102372,22,AUTO FLIGHT,BOEING,737-800,YOK,340,200,,170,1,0,0,0,0,0,0,0,1
PN-102373,31,INDICATING / RECORDING SYSTEMS,AIRBUS,A330-300,YOK,800,510,,140,3,1,0,0,0,0,0,1,5
PN-102374,71,POWER PLANT,AIRBUS,A330-200,YOK,3270,1420,,840,7,0,0,8,1,1,0,4,21
PN-102375,80,STARTING,AIRBUS,A330-300,VAR,7320,4750,1660.0,2760,4,1,1,1,1,0,1,2,11
PN-102376,76,ENGINE CONTROLS,AIRBUS,A320neo,YOK,630,280,,240,7,2,0,1,2,1,0,2,15
PN-102377,24,ELECTRICAL POWER,BOEING,737-800,YOK,100,50,,50,1,2,0,3,5,0,0,3,14
PN-102378,80,STARTING,AIRBUS,A321-200,VAR,150,70,50.0,50,25,4,7,8,1,3,1,9,58
PN-102379,52,DOORS,AIRBUS,A321-200,VAR,8800,4350,940.0,1400,2,1,0,0,0,0,0,0,3
PN-102380,25,EQUIPMENT / FURNISHINGS,AIRBUS,A320-200,VAR,1470,580,220.0,310,2,1,0,0,1,0,0,2,6
PN-102381,32,LANDING GEAR,AIRBUS,A330-300,YOK,4620,2460,,900,2,1,0,3,0,0,0,1,7
PN-102382,77,ENGINE INDICATING,AIRBUS,A350-900,YOK,390,50,,50,4,3,0,1,3,1,0,2,14
PN-102383,31,INDICATING / RECORDING SYSTEMS,AIRBUS,A321-200,YOK,5640,1710,,2440,2,1,0,0,0,1,1,1,6
PN-102384,25,EQUIPMENT / FURNISHINGS,BOEING,737 MAX 8,VAR,12890,4870,2910.0,4050,7,3,2,2,1,1,1,4,21
PN-102385,76,ENGINE CONTROLS,BOEING,737 MAX 8,YOK,2900,1490,,810,1,1,0,1,0,0,0,1,4
PN-102386,79,OIL,AIRBUS,A320-200,YOK,6150,3930,,2300,5,1,0,1,6,4,1,6,24
PN-102387,80,STARTING,BOEING,737-800,YOK,880,220,,240,5,1,0,1,1,0,1,2,11
PN-102388,79,OIL,AIRBUS,A321-200,YOK,3670,1360,,900,3,0,0,1,0,0,1,1,6
PN-102389,76,ENGINE CONTROLS,BOEING,787-9,YOK,4970,690,,320,3,0,0,1,1,1,1,3,10
PN-102390,32,LANDING GEAR,AIRBUS,A320neo,YOK,4110,2410,,2220,4,1,0,0,1,2,0,5,13
PN-102391,25,EQUIPMENT / FURNISHINGS,AIRBUS,A321-200,YOK,55500,25390,,7500,3,0,0,1,1,0,0,1,6
PN-102392,52,DOORS,AIRBUS,A321neo,YOK,470,120,,50,1,0,0,1,0,1,0,1,4
PN-102393,26,FIRE PROTECTION,AIRBUS,A320neo,YOK,100,50,,50,1,0,0,0,1,0,0,0,2
PN-102394,34,NAVIGATION,BOEING,737-800,VAR,7800,4020,1920.0,3330,3,1,0,0,0,0,0,1,5
PN-102395,56,WINDOWS,AIRBUS,A321neo,YOK,4860,1740,,2380,0,0,0,0,0,0,0,1,1
PN-102396,79,OIL,AIRBUS,A320neo,VAR,2240,410,190.0,260,4,0,1,0,2,1,1,5,14
PN-102397,28,FUEL,AIRBUS,A330-200,YOK,1600,590,,170,1,0,0,0,0,0,0,1,2
PN-102398,27,FLIGHT CONTROLS,BOEING,777-300ER,YOK,42960,9330,,7070,2,0,0,1,0,0,0,3,6
PN-102399,72,ENGINE,BOEING,737-900ER,YOK,10320,3940,,2380,7,1,0,3,1,3,1,5,21
PN-102400,21,AIR CONDITIONING,AIRBUS,A330-200,VAR,1320,480,60.0,100,3,1,2,1,0,2,1,6,16
PN-102401,36,PNEUMATIC,AIRBUS,A321-200,YOK,1560,550,,290,0,0,0,0,0,0,0,1,1
PN-102402,72,ENGINE,AIRBUS,A320-200,YOK,48100,8300,,15070,3,2,0,3,0,0,1,2,11
PN-102403,36,PNEUMATIC,BOEING,737 MAX 8,YOK,510,200,,60,3,1,0,2,0,1,0,1,8
PN-102404,30,ICE & RAIN PROTECTION,BOEING,737-800,VAR,680,150,60.0,110,1,1,1,0,1,0,0,1,5
PN-102405,74,IGNITION,AIRBUS,A330-300,YOK,6740,1560,,300,4,4,0,3,0,1,1,2,15
PN-102406,30,ICE & RAIN PROTECTION,BOEING,737 MAX 8,YOK,1310,290,,370,1,0,0,1,0,0,0,0,2
PN-102407,71,POWER PLANT,AIRBUS,A320-200,YOK,28720,18550,,5600,1,0,0,0,0,0,0,0,1
PN-102408,34,NAVIGATION,BOEING,737-800,YOK,3280,1290,,1150,4,2,0,3,1,0,1,3,14
PN-102409,21,AIR CONDITIONING,AIRBUS,A320neo,VAR,2630,860,200.0,280,2,1,0,1,0,0,0,1,5
PN-102410,35,OXYGEN,AIRBUS,A320-200,YOK,2430,1460,,290,1,0,0,0,0,0,0,0,1
PN-102411,22,AUTO FLIGHT,AIRBUS,A321neo,YOK,550,400,,340,3,0,0,0,0,0,1,1,5
PN-102412,79,OIL,AIRBUS,A321-200,YOK,5040,2850,,1560,8,2,0,2,2,1,1,4,20
PN-102413,49,AIRBORNE AUXILIARY POWER (APU),BOEING,777-F,YOK,2260,1730,,1380,1,0,0,1,0,0,0,1,3
PN-102414,30,ICE & RAIN PROTECTION,AIRBUS,A321-200,VAR,110,50,50.0,60,11,5,3,4,8,0,4,7,42
PN-102415,34,NAVIGATION,BOEING,737 MAX 8,YOK,1280,490,,400,1,0,0,0,0,0,1,1,3
PN-102416,52,DOORS,BOEING,737-800,YOK,2900,400,,100,2,1,0,1,0,0,0,1,5
PN-102417,27,FLIGHT CONTROLS,BOEING,737-800,YOK,1570,320,,140,1,0,0,0,0,0,0,1,2
PN-102418,28,FUEL,BOEING,777-300ER,VAR,8420,2150,630.0,1270,2,1,0,1,0,0,1,2,7
PN-102419,31,INDICATING / RECORDING SYSTEMS,AIRBUS,A321neo,VAR,3560,1070,390.0,700,1,0,0,1,1,1,0,1,5
PN-102420,27,FLIGHT CONTROLS,AIRBUS,A321-200,YOK,6730,2010,,680,1,1,0,0,0,0,0,0,2
PN-102421,72,ENGINE,AIRBUS,A320-200,YOK,5940,3760,,2180,31,27,0,54,15,0,1,22,150
PN-102422,23,COMMUNICATIONS,AIRBUS,A320neo,YOK,2050,860,,400,1,0,0,0,1,0,0,1,3
PN-102423,74,IGNITION,BOEING,737 MAX 8,VAR,1120,140,50.0,50,1,1,0,0,0,0,0,1,3
PN-102424,30,ICE & RAIN PROTECTION,AIRBUS,A321neo,YOK,440,310,,70,6,0,0,2,2,0,0,2,12
PN-102425,36,PNEUMATIC,AIRBUS,A321-200,YOK,2720,2030,,750,3,3,0,12,1,0,2,5,26
PN-102426,25,EQUIPMENT / FURNISHINGS,AIRBUS,A320neo,VAR,1110,500,230.0,450,4,0,1,1,0,1,2,3,12
PN-102427,31,INDICATING / RECORDING SYSTEMS,AIRBUS,A321neo,VAR,4530,1170,690.0,1270,1,0,0,0,0,0,0,1,2
PN-102428,72,ENGINE,BOEING,737-800,YOK,2100,860,,740,5,3,0,3,1,0,0,2,14
PN-102429,28,FUEL,AIRBUS,A321-200,YOK,6250,4550,,3130,1,0,0,0,0,0,0,0,1
PN-102430,24,ELECTRICAL POWER,BOEING,737-800,VAR,2670,1130,530.0,780,5,4,2,0,0,0,2,5,18
PN-102431,35,OXYGEN,AIRBUS,A350-900,YOK,1500,1180,,1500,1,0,0,0,0,0,0,0,1
PN-102432,25,EQUIPMENT / FURNISHINGS,BOEING,737-900ER,VAR,180,70,50.0,70,1,0,0,0,0,0,0,1,2
PN-102433,29,HYDRAULIC POWER,AIRBUS,A320neo,VAR,1450,500,110.0,190,2,0,1,0,2,1,1,2,9
PN-102434,32,LANDING GEAR,AIRBUS,A350-900,YOK,350,160,,60,6,1,0,1,2,1,1,3,15
PN-102435,36,PNEUMATIC,AIRBUS,A320-200,YOK,260,50,,50,2,1,0,0,0,0,0,1,4
PN-102436,52,DOORS,AIRBUS,A321-200,VAR,1420,640,140.0,230,8,1,1,0,1,0,2,4,17
PN-102437,56,WINDOWS,BOEING,737-800,YOK,2100,910,,590,3,1,0,1,1,0,0,1,7
PN-102438,74,IGNITION,AIRBUS,A350-900,VAR,13500,6860,1780.0,2440,3,2,0,0,0,0,1,2,8
PN-102439,22,AUTO FLIGHT,AIRBUS,A320-200,YOK,390,110,,60,1,0,0,0,1,0,0,0,2
PN-102440,30,ICE & RAIN PROTECTION,BOEING,737 MAX 8,VAR,100,50,50.0,50,6,4,1,1,1,1,3,7,24
PN-102441,21,AIR CONDITIONING,AIRBUS,A319-100,YOK,1950,690,,610,1,0,0,1,0,1,0,1,4
PN-102442,21,AIR CONDITIONING,AIRBUS,A330-300,VAR,2570,630,490.0,670,17,6,1,5,0,1,1,4,35
PN-102443,26,FIRE PROTECTION,BOEING,787-9,YOK,640,540,,140,8,0,0,5,4,1,0,5,23
PN-102444,49,AIRBORNE AUXILIARY POWER (APU),AIRBUS,A330-200,YOK,13950,4780,,6250,5,2,0,2,1,0,1,2,13
PN-102445,77,ENGINE INDICATING,BOEING,737-900ER,YOK,3430,1630,,2110,6,0,0,2,2,0,2,3,15
PN-102446,73,ENGINE FUEL AND CONTROL,AIRBUS,A330-300,YOK,740,150,,80,1,0,0,0,0,0,0,0,1
PN-102447,52,DOORS,BOEING,737-900ER,VAR,3240,900,390.0,650,1,0,1,1,0,0,0,1,4
PN-102448,73,ENGINE FUEL AND CONTROL,BOEING,737-800,YOK,620,170,,70,7,1,0,5,3,3,0,3,22
PN-102449,25,EQUIPMENT / FURNISHINGS,BOEING,737-800,YOK,16150,5440,,1360,4,1,0,1,2,1,0,1,10
PN-102450,74,IGNITION,AIRBUS,A320neo,YOK,15010,4840,,690,0,0,0,0,0,0,0,1,1
PN-102451,77,ENGINE INDICATING,BOEING,737-800,VAR,1840,530,170.0,250,1,2,0,0,1,0,0,1,5
PN-102452,23,COMMUNICATIONS,AIRBUS,A320neo,YOK,1550,760,,780,1,0,0,0,0,0,0,0,1
PN-102453,34,NAVIGATION,BOEING,787-9,VAR,3200,2090,570.0,780,4,1,0,2,0,0,0,3,10
PN-102454,74,IGNITION,AIRBUS,A320neo,YOK,10370,3770,,3690,1,0,0,0,0,0,0,0,1
PN-102455,34,NAVIGATION,AIRBUS,A320neo,VAR,2040,1190,350.0,610,9,2,0,1,1,1,2,2,18
PN-102456,74,IGNITION,BOEING,737 MAX 8,YOK,1720,910,,640,4,2,0,2,0,2,0,3,13
PN-102457,79,OIL,AIRBUS,A320neo,YOK,24900,3630,,2140,1,1,0,1,0,0,0,1,4
PN-102458,34,NAVIGATION,AIRBUS,A321-200,YOK,760,180,,190,4,1,0,3,1,0,0,2,11
PN-102459,22,AUTO FLIGHT,BOEING,737-800,YOK,3810,1650,,1570,1,1,0,1,0,0,1,1,5
PN-102460,29,HYDRAULIC POWER,AIRBUS,A320-200,VAR,6370,2060,620.0,1000,3,0,1,1,0,2,1,3,11
PN-102461,26,FIRE PROTECTION,AIRBUS,A320-200,YOK,10000,2810,,3390,1,0,0,0,0,0,0,0,1
PN-102462,34,NAVIGATION,AIRBUS,A321neo,VAR,26520,14920,7020.0,10980,5,2,1,0,0,1,1,2,12
PN-102463,49,AIRBORNE AUXILIARY POWER (APU),AIRBUS,A320neo,VAR,1980,810,710.0,1020,1,0,1,0,0,0,0,0,2
PN-102464,34,NAVIGATION,AIRBUS,A320neo,VAR,830,570,200.0,340,1,0,0,0,0,0,0,0,1
PN-102465,26,FIRE PROTECTION,AIRBUS,A319-100,YOK,11560,2090,,1560,1,0,0,1,0,0,0,1,3
PN-102466,28,FUEL,AIRBUS,A321-200,YOK,2220,1150,,920,2,0,0,1,0,2,0,0,5
PN-102467,56,WINDOWS,AIRBUS,A321-200,VAR,680,290,140.0,280,1,1,1,0,1,0,0,1,5
PN-102468,21,AIR CONDITIONING,AIRBUS,A319-100,YOK,3010,480,,410,1,0,0,1,0,0,1,1,4
PN-102469,26,FIRE PROTECTION,AIRBUS,A350-900,YOK,890,440,,250,5,2,0,1,1,1,1,9,20
PN-102470,77,ENGINE INDICATING,AIRBUS,A350-900,YOK,140,100,,120,2,1,0,0,1,0,1,2,7
PN-102471,23,COMMUNICATIONS,AIRBUS,A320-200,VAR,5220,2380,1020.0,1430,3,2,0,0,0,0,0,1,6
PN-102472,31,INDICATING / RECORDING SYSTEMS,AIRBUS,A321-200,YOK,12050,9850,,4020,3,0,0,1,0,1,0,2,7
PN-102473,26,FIRE PROTECTION,BOEING,737 MAX 8,VAR,1850,710,180.0,280,3,0,1,1,1,0,0,3,9
PN-102474,23,COMMUNICATIONS,AIRBUS,A330-300,YOK,1120,370,,130,3,0,0,2,1,1,0,2,9
PN-102475,31,INDICATING / RECORDING SYSTEMS,AIRBUS,A321neo,YOK,2990,850,,420,4,2,0,1,0,1,0,1,9
PN-102476,35,OXYGEN,AIRBUS,A321neo,YOK,8930,4520,,4190,1,0,0,1,1,1,1,2,7
PN-102477,25,EQUIPMENT / FURNISHINGS,AIRBUS,A320neo,VAR,2530,800,700.0,1250,0,0,0,0,0,0,0,1,1
PN-102478,23,COMMUNICATIONS,BOEING,737 MAX 8,YOK,3130,2370,,1230,1,0,0,0,0,0,0,0,1
PN-102479,24,ELECTRICAL POWER,BOEING,777-300ER,VAR,4710,2140,620.0,1050,4,0,0,0,0,2,1,1,8
PN-102480,52,DOORS,BOEING,777-300ER,VAR,29710,7820,2890.0,5180,1,1,0,0,0,1,0,1,4
PN-102481,76,ENGINE CONTROLS,AIRBUS,A320neo,YOK,2540,1190,,740,2,0,0,4,1,0,1,2,10
PN-102482,25,EQUIPMENT / FURNISHINGS,AIRBUS,A321-200,YOK,140,50,,50,1,0,0,1,0,1,0,2,5
PN-102483,29,HYDRAULIC POWER,AIRBUS,A320-200,VAR,820,450,160.0,240,4,0,2,1,1,3,2,2,15
PN-102484,29,HYDRAULIC POWER,AIRBUS,A321-200,YOK,10710,5220,,2860,1,0,0,1,0,0,1,0,3
PN-102485,30,ICE & RAIN PROTECTION,AIRBUS,A321-200,YOK,5720,2470,,1600,2,0,0,1,1,0,0,1,5
PN-102486,27,FLIGHT CONTROLS,AIRBUS,A350-900,YOK,4640,1140,,750,1,0,0,1,0,0,0,0,2
PN-102487,22,AUTO FLIGHT,AIRBUS,A320-200,YOK,380,110,,50,3,0,0,1,0,1,1,2,8
PN-102488,35,OXYGEN,BOEING,777-300ER,VAR,420,80,50.0,70,0,0,0,0,0,0,0,1,1
PN-102489,30,ICE & RAIN PROTECTION,AIRBUS,A320-200,VAR,3170,1360,250.0,380,3,1,0,1,0,1,0,1,7
PN-102490,29,HYDRAULIC POWER,AIRBUS,A319-100,VAR,420,70,50.0,50,1,1,0,0,0,0,0,0,2
PN-102491,27,FLIGHT CONTROLS,BOEING,737 MAX 8,YOK,4760,2100,,2040,1,1,0,0,0,1,1,1,5
PN-102492,79,OIL,BOEING,737-800,YOK,370,170,,60,4,1,0,2,3,1,0,4,15
PN-102493,49,AIRBORNE AUXILIARY POWER (APU),AIRBUS,A321-200,YOK,15410,5740,,6180,5,2,0,1,0,0,1,1,10
PN-102494,31,INDICATING / RECORDING SYSTEMS,AIRBUS,A330-300,YOK,4670,1720,,1780,0,0,0,0,0,0,0,1,1
PN-102495,26,FIRE PROTECTION,AIRBUS,A320neo,VAR,12530,7940,3930.0,6630,1,1,0,0,0,0,0,0,2
PN-102496,73,ENGINE FUEL AND CONTROL,AIRBUS,A320-200,YOK,820,190,,240,1,1,0,0,0,0,0,0,2
PN-102497,77,ENGINE INDICATING,AIRBUS,A321neo,YOK,20410,12700,,7380,1,0,0,0,0,0,0,0,1
PN-102498,21,AIR CONDITIONING,AIRBUS,A321-200,YOK,15300,7210,,5280,3,1,0,2,0,0,0,2,8
PN-102499,79,OIL,AIRBUS,A350-900,YOK,2610,1550,,1180,3,2,0,1,2,0,1,2,11
PN-102500,71,POWER PLANT,AIRBUS,A320neo,YOK,850,480,,370,6,1,0,1,1,1,1,0,11
PN-102501,23,COMMUNICATIONS,BOEING,737-800,YOK,6620,3570,,2730,4,1,0,2,0,1,0,1,9
PN-102502,72,ENGINE,BOEING,737-900ER,YOK,4680,2460,,3430,3,1,0,3,2,1,0,2,12
PN-102503,23,COMMUNICATIONS,AIRBUS,A320-200,YOK,3610,940,,340,1,0,0,1,0,0,1,1,4
PN-102504,22,AUTO FLIGHT,AIRBUS,A319-100,YOK,17800,11690,,6530,1,0,0,0,0,0,0,1,2
PN-102505,23,COMMUNICATIONS,AIRBUS,A321neo,VAR,22170,8400,5380.0,9850,1,0,0,0,0,0,1,1,3
PN-102506,32,LANDING GEAR,BOEING,737-900ER,YOK,1580,870,,760,2,0,0,0,0,0,0,1,3
PN-102507,52,DOORS,BOEING,737-800,VAR,3050,1450,750.0,1140,1,0,0,0,0,0,0,1,2
PN-102508,31,INDICATING / RECORDING SYSTEMS,BOEING,737-800,VAR,7780,2510,400.0,770,1,0,0,0,0,1,1,3,6
PN-102509,24,ELECTRICAL POWER,AIRBUS,A321neo,VAR,50510,32170,13650.0,21710,3,1,1,0,0,0,0,2,7
PN-102510,26,FIRE PROTECTION,AIRBUS,A320neo,YOK,3630,2810,,660,21,7,0,20,1,3,2,4,58
PN-102511,76,ENGINE CONTROLS,AIRBUS,A330-200,YOK,3800,3010,,2510,1,0,0,1,0,0,0,0,2
PN-102512,80,STARTING,AIRBUS,A320neo,YOK,330,150,,110,2,0,0,1,1,0,0,2,6
PN-102513,72,ENGINE,BOEING,737-800,YOK,2540,1340,,650,1,0,0,1,0,0,0,1,3
PN-102514,23,COMMUNICATIONS,AIRBUS,A320neo,YOK,2290,650,,480,2,1,0,1,0,0,0,0,4
PN-102515,74,IGNITION,AIRBUS,A321-200,YOK,5240,3640,,1170,1,0,0,1,1,0,0,0,3
PN-102516,56,WINDOWS,AIRBUS,A330-200,YOK,5630,1920,,1190,3,2,0,1,0,1,0,1,8
PN-102517,35,OXYGEN,AIRBUS,A321neo,VAR,140,50,50.0,50,1,0,0,0,0,0,0,1,2
PN-102518,24,ELECTRICAL POWER,AIRBUS,A350-900,YOK,1860,610,,350,4,0,0,1,1,0,0,1,7
PN-102519,80,STARTING,AIRBUS,A321neo,YOK,3680,1630,,1660,2,0,0,1,0,0,1,1,5
PN-102520,32,LANDING GEAR,BOEING,777-300ER,VAR,8980,5220,1910.0,3390,2,1,0,0,0,0,0,0,3
PN-102521,22,AUTO FLIGHT,BOEING,737 MAX 8,VAR,5560,3160,700.0,1370,2,0,0,0,0,0,0,1,3
PN-102522,26,FIRE PROTECTION,BOEING,737 MAX 8,VAR,1550,800,190.0,260,1,0,0,0,0,0,1,1,3
PN-102523,31,INDICATING / RECORDING SYSTEMS,AIRBUS,A350-900,VAR,2410,850,380.0,740,2,0,0,0,1,1,0,2,6
PN-102524,22,AUTO FLIGHT,AIRBUS,A350-900,YOK,2640,1080,,320,5,1,0,2,0,0,1,1,10
PN-102525,29,HYDRAULIC POWER,AIRBUS,A350-900,YOK,480,140,,60,3,2,0,0,0,0,1,1,7
PN-102526,34,NAVIGATION,AIRBUS,A321neo,YOK,300,100,,120,3,0,0,2,0,0,0,0,5
PN-102527,79,OIL,AIRBUS,A321-200,YOK,2990,1190,,1500,1,0,0,0,0,0,0,0,1
PN-102528,23,COMMUNICATIONS,AIRBUS,A330-300,YOK,4160,2620,,2760,2,0,0,1,1,1,0,3,8
PN-102529,36,PNEUMATIC,AIRBUS,A319-100,YOK,1050,420,,120,1,0,0,0,0,1,0,1,3
PN-102530,77,ENGINE INDICATING,AIRBUS,A319-100,YOK,3690,2410,,1670,5,2,0,1,1,1,0,2,12
PN-102531,73,ENGINE FUEL AND CONTROL,BOEING,737 MAX 8,YOK,6030,4390,,3520,7,1,0,9,4,3,0,3,27
PN-102532,79,OIL,AIRBUS,A319-100,YOK,1220,790,,1220,4,1,0,0,0,0,0,1,6
PN-102533,25,EQUIPMENT / FURNISHINGS,AIRBUS,A330-200,VAR,5860,4330,2140.0,3400,1,0,0,0,0,0,0,1,2
PN-102534,73,ENGINE FUEL AND CONTROL,AIRBUS,A350-900,YOK,490,140,,70,4,1,0,1,0,0,1,1,8
PN-102535,80,STARTING,AIRBUS,A320neo,YOK,27160,15490,,10510,3,1,0,0,0,0,1,4,9
PN-102536,29,HYDRAULIC POWER,BOEING,777-300ER,YOK,440,210,,50,2,0,0,1,1,1,0,2,7
PN-102537,34,NAVIGATION,AIRBUS,A320neo,YOK,1430,910,,880,2,0,0,1,0,0,0,1,4
PN-102538,35,OXYGEN,BOEING,777-300ER,YOK,210,50,,50,1,1,0,0,0,2,1,1,6
PN-102539,34,NAVIGATION,BOEING,737-900ER,VAR,36010,21190,7420.0,11490,4,1,0,2,0,0,1,2,10
PN-102540,28,FUEL,AIRBUS,A320neo,YOK,3530,1640,,320,1,1,0,1,0,1,0,1,5
PN-102541,80,STARTING,AIRBUS,A320-200,YOK,4850,2800,,890,1,0,0,0,0,0,0,0,1
PN-102542,79,OIL,AIRBUS,A321-200,YOK,110,50,,50,2,0,0,3,1,1,0,3,10
PN-102543,30,ICE & RAIN PROTECTION,AIRBUS,A321-200,YOK,260,130,,170,0,1,0,0,1,0,0,1,3
PN-102544,73,ENGINE FUEL AND CONTROL,AIRBUS,A320neo,YOK,2570,860,,360,6,1,0,1,0,0,0,2,10
PN-102545,31,INDICATING / RECORDING SYSTEMS,BOEING,787-9,YOK,550,320,,290,3,1,0,1,1,0,0,1,7
PN-102546,73,ENGINE FUEL AND CONTROL,AIRBUS,A320neo,VAR,5050,2750,1370.0,2400,1,0,0,0,0,0,0,0,1
PN-102547,49,AIRBORNE AUXILIARY POWER (APU),BOEING,737 MAX 8,YOK,860,270,,230,3,2,0,2,0,0,1,1,9
PN-102548,34,NAVIGATION,AIRBUS,A320-200,VAR,19540,5760,1270.0,1600,3,1,1,0,1,0,0,5,11
PN-102549,24,ELECTRICAL POWER,BOEING,787-9,VAR,2630,950,400.0,540,5,1,2,0,1,0,1,4,14
PN-102550,56,WINDOWS,AIRBUS,A320neo,VAR,250,100,50.0,80,2,1,0,0,0,0,0,1,4
PN-102551,29,HYDRAULIC POWER,AIRBUS,A321neo,VAR,170,120,100.0,150,1,0,0,0,0,0,0,0,1
PN-102552,26,FIRE PROTECTION,AIRBUS,A330-300,VAR,3190,1480,390.0,640,6,1,1,1,1,1,0,1,12
PN-102553,26,FIRE PROTECTION,AIRBUS,A320-200,VAR,3710,1690,980.0,1890,2,0,1,1,0,0,0,1,5
PN-102554,80,STARTING,BOEING,737 MAX 8,YOK,2070,1050,,580,0,0,0,1,0,1,0,0,2
PN-102555,23,COMMUNICATIONS,AIRBUS,A320neo,YOK,2060,540,,580,1,0,0,1,0,0,0,1,3
PN-102556,73,ENGINE FUEL AND CONTROL,AIRBUS,A330-300,YOK,2090,1150,,960,2,1,0,2,0,2,0,3,10
PN-102557,76,ENGINE CONTROLS,AIRBUS,A330-300,YOK,6790,1470,,2640,4,1,0,3,1,0,0,2,11
PN-102558,21,AIR CONDITIONING,AIRBUS,A350-900,YOK,2690,900,,390,1,0,0,2,0,1,0,1,5
PN-102559,49,AIRBORNE AUXILIARY POWER (APU),AIRBUS,A319-100,VAR,6910,2820,1460.0,2290,2,1,3,1,1,2,3,4,17
PN-102560,49,AIRBORNE AUXILIARY POWER (APU),AIRBUS,A320-200,YOK,21970,10340,,6830,1,1,0,0,0,0,0,0,2
PN-102561,30,ICE & RAIN PROTECTION,AIRBUS,A320-200,VAR,6450,2240,1800.0,2490,1,0,0,1,0,0,0,0,2
PN-102562,56,WINDOWS,AIRBUS,A321-200,VAR,1490,450,160.0,230,1,0,0,0,0,0,0,0,1
PN-102563,31,INDICATING / RECORDING SYSTEMS,AIRBUS,A320-200,YOK,880,290,,120,1,0,0,0,0,0,1,1,3
PN-102564,32,LANDING GEAR,BOEING,777-300ER,VAR,18410,11180,18410.0,18410,15,5,1,2,9,4,0,4,40
PN-102565,32,LANDING GEAR,AIRBUS,A330-200,YOK,2280,910,,620,24,4,0,12,6,1,7,12,66
PN-102566,73,ENGINE FUEL AND CONTROL,AIRBUS,A350-900,YOK,1920,800,,830,3,1,0,1,1,0,2,2,10
PN-102567,52,DOORS,AIRBUS,A321-200,VAR,1580,1090,180.0,390,1,0,0,1,0,0,0,0,2
PN-102568,30,ICE & RAIN PROTECTION,AIRBUS,A320neo,VAR,1040,650,330.0,570,1,1,1,0,0,0,0,1,4
PN-102569,79,OIL,AIRBUS,A330-200,YOK,9390,3420,,2620,3,2,0,2,0,1,1,1,10
PN-102570,73,ENGINE FUEL AND CONTROL,AIRBUS,A321-200,YOK,1750,410,,200,1,0,0,1,0,0,0,0,2
PN-102571,79,OIL,AIRBUS,A321-200,YOK,230,120,,50,1,0,0,1,0,0,1,1,4
PN-102572,71,POWER PLANT,AIRBUS,A321neo,YOK,1600,1000,,340,11,3,0,3,3,1,1,5,27
PN-102573,31,INDICATING / RECORDING SYSTEMS,AIRBUS,A330-200,YOK,2310,1820,,800,1,0,0,1,0,0,0,0,2
PN-102574,73,ENGINE FUEL AND CONTROL,BOEING,787-9,YOK,5510,1250,,660,2,0,0,1,0,0,0,1,4
PN-102575,29,HYDRAULIC POWER,AIRBUS,A320neo,YOK,9250,5630,,3040,3,1,0,1,1,0,0,3,9
PN-102576,28,FUEL,AIRBUS,A321neo,VAR,3440,1520,940.0,1310,3,0,0,2,2,0,0,2,9
PN-102577,32,LANDING GEAR,AIRBUS,A320-200,YOK,4840,4110,,3590,2,0,0,2,1,0,0,1,6
PN-102578,80,STARTING,AIRBUS,A321-200,VAR,710,270,190.0,340,2,1,1,1,0,1,0,1,7
PN-102579,36,PNEUMATIC,BOEING,737-800,YOK,1510,770,,1190,4,1,0,1,0,2,0,1,9
PN-102580,30,ICE & RAIN PROTECTION,AIRBUS,A320-200,YOK,17420,5610,,7780,5,2,0,4,2,1,0,16,30
PN-102581,34,NAVIGATION,AIRBUS,A330-300,YOK,13360,9290,,5390,2,0,0,1,0,0,0,3,6
PN-102582,28,FUEL,AIRBUS,A321neo,VAR,220,120,50.0,80,2,0,1,1,1,0,0,1,6
PN-102583,56,WINDOWS,AIRBUS,A319-100,VAR,190,150,110.0,190,5,2,4,1,1,0,0,2,15
PN-102584,30,ICE & RAIN PROTECTION,BOEING,777-300ER,YOK,510,180,,100,1,0,0,1,0,0,0,1,3
PN-102585,36,PNEUMATIC,AIRBUS,A321neo,YOK,4200,2400,,1490,1,0,0,0,0,0,0,1,2
PN-102586,30,ICE & RAIN PROTECTION,BOEING,737-900ER,YOK,1060,650,,1060,2,0,0,2,1,0,0,1,6
PN-102587,29,HYDRAULIC POWER,AIRBUS,A321neo,VAR,1470,870,240.0,350,12,2,3,1,1,1,1,2,23
PN-102588,80,STARTING,BOEING,777-300ER,YOK,12250,6130,,3800,3,1,0,1,0,0,1,3,9
PN-102589,29,HYDRAULIC POWER,AIRBUS,A321-200,VAR,11120,7510,1180.0,2060,4,1,0,0,0,1,0,2,8
PN-102590,22,AUTO FLIGHT,AIRBUS,A321neo,YOK,27140,5060,,1110,1,1,0,0,0,0,0,0,2
PN-102591,30,ICE & RAIN PROTECTION,BOEING,737-800,VAR,2280,900,170.0,220,1,0,1,1,0,1,0,1,5
PN-102592,35,OXYGEN,AIRBUS,A321-200,VAR,7390,2030,610.0,880,4,1,1,2,0,1,0,2,11
PN-102593,23,COMMUNICATIONS,AIRBUS,A321-200,VAR,920,180,50.0,60,1,0,0,0,0,0,0,1,2
PN-102594,28,FUEL,BOEING,787-9,YOK,1260,580,,660,1,0,0,1,0,0,1,2,5
PN-102595,25,EQUIPMENT / FURNISHINGS,AIRBUS,A330-300,VAR,1570,600,260.0,350,1,1,1,0,0,0,0,0,3
PN-102596,35,OXYGEN,BOEING,737-800,VAR,72700,30770,8800.0,17480,1,0,1,0,0,0,0,0,2
PN-102597,71,POWER PLANT,BOEING,737-800,YOK,2140,1720,,570,2,0,0,1,1,0,1,4,9
PN-102598,80,STARTING,BOEING,737 MAX 8,YOK,780,460,,780,5,1,0,2,0,0,0,2,10
PN-102599,31,INDICATING / RECORDING SYSTEMS,BOEING,737 MAX 8,VAR,350,220,180.0,240,3,1,2,1,0,1,0,1,9
PN-102600,76,ENGINE CONTROLS,AIRBUS,A330-300,VAR,1500,410,180.0,230,1,0,0,0,0,0,0,1,2
PN-102601,26,FIRE PROTECTION,AIRBUS,A321-200,VAR,5740,4050,2340.0,3710,1,0,0,0,0,0,0,0,1
PN-102602,73,ENGINE FUEL AND CONTROL,AIRBUS,A319-100,YOK,9520,3910,,1210,4,1,0,2,0,1,0,2,10
PN-102603,36,PNEUMATIC,AIRBUS,A350-900,VAR,140,50,50.0,50,1,0,0,1,0,0,0,1,3
PN-102604,72,ENGINE,BOEING,737 MAX 8,YOK,1590,1190,,930,29,9,0,4,1,5,6,8,62
PN-102605,72,ENGINE,AIRBUS,A321neo,YOK,3680,2250,,570,11,17,0,21,6,0,1,8,64
PN-102606,35,OXYGEN,AIRBUS,A320-200,YOK,320,60,,50,10,2,0,4,0,0,0,6,22
PN-102607,27,FLIGHT CONTROLS,AIRBUS,A321-200,YOK,5550,2040,,1210,1,0,0,0,0,1,0,1,3
PN-102608,35,OXYGEN,AIRBUS,A330-200,VAR,1280,320,100.0,190,3,1,0,0,0,0,1,1,6
PN-102609,74,IGNITION,BOEING,737 MAX 8,YOK,8720,4050,,970,5,1,0,1,0,0,1,2,10
PN-102610,80,STARTING,AIRBUS,A320-200,YOK,5960,2690,,5960,3,2,0,3,0,1,1,3,13
PN-102611,79,OIL,AIRBUS,A350-900,VAR,810,440,240.0,460,2,1,0,0,0,0,0,2,5
PN-102612,25,EQUIPMENT / FURNISHINGS,BOEING,737-800,YOK,8900,4090,,1530,3,2,0,1,0,0,3,5,14
PN-102613,49,AIRBORNE AUXILIARY POWER (APU),BOEING,777-300ER,VAR,720,360,110.0,170,3,1,0,0,1,0,1,2,8
PN-102614,23,COMMUNICATIONS,AIRBUS,A320-200,YOK,4670,2410,,520,4,0,0,1,0,0,0,1,6
PN-102615,56,WINDOWS,BOEING,777-300ER,YOK,4080,1870,,2010,0,0,0,0,0,0,0,1,1
PN-102616,80,STARTING,AIRBUS,A350-900,YOK,710,420,,150,1,1,0,1,4,1,1,3,12
PN-102617,22,AUTO FLIGHT,BOEING,737-900ER,YOK,2280,630,,530,3,0,0,0,1,0,0,1,5
PN-102618,56,WINDOWS,AIRBUS,A319-100,YOK,2760,1870,,1180,1,1,0,1,1,1,0,1,6
PN-102619,79,OIL,AIRBUS,A330-200,VAR,1200,390,60.0,100,3,1,0,0,2,0,0,2,8
PN-102620,76,ENGINE CONTROLS,AIRBUS,A350-900,YOK,11010,4080,,3010,2,1,0,3,0,1,0,0,7
PN-102621,31,INDICATING / RECORDING SYSTEMS,AIRBUS,A321-200,VAR,3790,2670,740.0,1410,1,1,0,0,1,1,0,2,6
PN-102622,23,COMMUNICATIONS,AIRBUS,A321neo,VAR,220,110,50.0,70,2,0,0,1,1,1,0,5,10
PN-102623,79,OIL,AIRBUS,A330-300,YOK,800,300,,290,2,1,0,1,0,0,0,2,6
PN-102624,77,ENGINE INDICATING,AIRBUS,A330-300,YOK,190,130,,50,1,0,0,0,0,0,0,1,2
PN-102625,49,AIRBORNE AUXILIARY POWER (APU),AIRBUS,A319-100,VAR,7890,5260,980.0,1820,4,1,0,0,3,1,4,1,14
PN-102626,80,STARTING,AIRBUS,A321neo,YOK,400,200,,50,2,0,0,0,0,0,0,1,3
PN-102627,21,AIR CONDITIONING,AIRBUS,A320neo,YOK,11240,5370,,3330,0,0,0,1,1,0,0,0,2
PN-102628,52,DOORS,BOEING,777-300ER,YOK,700,270,,110,1,0,0,0,0,0,1,0,2
PN-102629,22,AUTO FLIGHT,BOEING,787-9,YOK,1450,890,,1230,2,2,0,1,0,1,0,2,8
PN-102630,79,OIL,AIRBUS,A321-200,YOK,3690,1490,,990,3,0,0,1,0,1,0,1,6
PN-102631,56,WINDOWS,AIRBUS,A320-200,YOK,4880,3500,,1810,1,0,0,0,0,0,0,0,1
PN-102632,77,ENGINE INDICATING,AIRBUS,A320neo,YOK,910,660,,910,2,1,0,0,0,0,0,1,4
PN-102633,36,PNEUMATIC,AIRBUS,A321neo,VAR,23940,14440,4520.0,7160,4,0,2,1,2,0,1,5,15
PN-102634,23,COMMUNICATIONS,BOEING,737 MAX 8,VAR,120,50,50.0,50,1,0,0,0,0,0,0,2,3
PN-102635,21,AIR CONDITIONING,AIRBUS,A330-200,VAR,19740,9290,3310.0,5540,2,1,0,0,1,0,0,2,6
PN-102636,29,HYDRAULIC POWER,AIRBUS,A319-100,VAR,26610,7050,1400.0,2350,8,3,2,2,1,1,1,5,23
PN-102637,72,ENGINE,AIRBUS,A319-100,YOK,2790,1180,,190,5,5,0,5,0,2,1,6,24
PN-102638,24,ELECTRICAL POWER,AIRBUS,A320neo,VAR,7130,4190,1580.0,2740,5,3,1,4,1,1,2,3,20
PN-102639,76,ENGINE CONTROLS,BOEING,737 MAX 8,YOK,300,150,,210,1,0,0,0,0,0,0,0,1
PN-102640,27,FLIGHT CONTROLS,AIRBUS,A350-900,YOK,2500,910,,420,15,2,0,4,0,2,1,11,35
PN-102641,34,NAVIGATION,AIRBUS,A330-300,YOK,370,230,,230,5,0,0,2,1,0,1,3,12
PN-102642,26,FIRE PROTECTION,AIRBUS,A321-200,VAR,1240,430,210.0,340,6,10,6,3,1,2,2,4,34
PN-102643,34,NAVIGATION,BOEING,777-300ER,YOK,3430,1300,,680,2,0,0,0,1,0,0,0,3
PN-102644,32,LANDING GEAR,AIRBUS,A321-200,YOK,16360,3510,,1030,1,0,0,0,0,0,0,1,2
PN-102645,21,AIR CONDITIONING,BOEING,737 MAX 8,VAR,9310,3750,1050.0,1620,2,1,0,0,1,1,0,2,7
PN-102646,36,PNEUMATIC,BOEING,777-300ER,YOK,91430,36130,,25600,1,2,0,0,0,0,0,1,4
PN-102647,73,ENGINE FUEL AND CONTROL,AIRBUS,A321neo,YOK,5760,1960,,930,6,2,0,2,0,3,0,2,15
PN-102648,79,OIL,BOEING,777-300ER,YOK,1440,170,,60,6,1,0,2,1,1,0,6,17
PN-102649,29,HYDRAULIC POWER,AIRBUS,A320neo,YOK,1560,560,,230,3,2,0,1,0,0,0,2,8
PN-102650,76,ENGINE CONTROLS,BOEING,737-800,YOK,25210,13730,,16470,2,0,0,0,1,0,1,1,5
PN-102651,76,ENGINE CONTROLS,AIRBUS,A320-200,YOK,14660,2930,,3040,3,1,0,1,1,0,0,3,9
PN-102652,80,STARTING,AIRBUS,A321neo,YOK,36670,21130,,13820,2,0,0,1,1,0,0,1,5
PN-102653,30,ICE & RAIN PROTECTION,AIRBUS,A320neo,YOK,5350,2530,,1820,1,1,0,1,0,0,0,1,4
PN-102654,76,ENGINE CONTROLS,AIRBUS,A320-200,YOK,4640,1240,,750,4,2,0,1,1,3,1,3,15
PN-102655,36,PNEUMATIC,AIRBUS,A319-100,YOK,1060,570,,660,9,0,0,1,0,0,1,5,16
PN-102656,22,AUTO FLIGHT,AIRBUS,A321-200,VAR,3290,1500,1140.0,1860,6,3,0,2,1,1,1,2,16
PN-102657,28,FUEL,AIRBUS,A330-300,YOK,2740,900,,500,2,1,0,0,2,0,0,1,6
PN-102658,56,WINDOWS,AIRBUS,A321neo,VAR,8150,3460,1470.0,1960,0,0,0,0,0,0,0,1,1
PN-102659,25,EQUIPMENT / FURNISHINGS,AIRBUS,A321-200,VAR,2930,2160,860.0,1310,2,0,0,0,0,1,0,1,4
PN-102660,32,LANDING GEAR,BOEING,787-9,YOK,2050,1430,,470,2,0,0,1,1,0,0,1,5
PN-102661,73,ENGINE FUEL AND CONTROL,BOEING,777-300ER,YOK,1150,460,,110,4,0,0,1,1,1,0,0,7
PN-102662,24,ELECTRICAL POWER,AIRBUS,A320-200,YOK,670,280,,130,2,0,0,1,0,0,0,1,4
PN-102663,34,NAVIGATION,AIRBUS,A321neo,YOK,1660,390,,100,1,1,0,1,2,0,0,2,7
PN-102664,26,FIRE PROTECTION,BOEING,737-800,YOK,3210,1170,,200,1,0,0,0,0,0,0,0,1
PN-102665,35,OXYGEN,BOEING,737-800,YOK,280,120,,70,1,0,0,0,0,0,0,0,1
PN-102666,27,FLIGHT CONTROLS,AIRBUS,A321-200,YOK,5130,2460,,2020,6,6,0,6,1,0,0,3,22
PN-102667,80,STARTING,BOEING,737-800,YOK,1140,180,,80,1,0,0,0,0,1,0,1,3
PN-102668,22,AUTO FLIGHT,AIRBUS,A320-200,YOK,240,70,,50,1,1,0,1,1,1,0,1,6
PN-102669,80,STARTING,AIRBUS,A321-200,VAR,10140,5810,1910.0,3990,7,1,1,0,1,0,0,6,16
PN-102670,73,ENGINE FUEL AND CONTROL,BOEING,737-800,YOK,3310,1330,,2380,5,1,0,5,2,1,0,4,18
PN-102671,76,ENGINE CONTROLS,AIRBUS,A350-900,YOK,1500,770,,690,5,0,0,3,1,1,1,1,12
PN-102672,76,ENGINE CONTROLS,BOEING,737 MAX 8,VAR,660,160,100.0,150,5,1,0,0,0,0,1,1,8
PN-102673,25,EQUIPMENT / FURNISHINGS,AIRBUS,A319-100,YOK,4890,790,,690,3,0,0,2,1,0,0,2,8
PN-102674,79,OIL,AIRBUS,A320-200,VAR,2030,930,320.0,490,11,2,0,1,3,1,2,3,23
PN-102675,49,AIRBORNE AUXILIARY POWER (APU),AIRBUS,A319-100,VAR,230,110,60.0,70,4,1,0,2,3,0,0,2,12
PN-102676,80,STARTING,AIRBUS,A320neo,VAR,16560,4830,6880.0,10670,1,0,0,0,0,0,0,0,1
PN-102677,76,ENGINE CONTROLS,AIRBUS,A319-100,YOK,1000,370,,500,1,1,0,1,1,0,0,0,4
PN-102678,49,AIRBORNE AUXILIARY POWER (APU),AIRBUS,A330-200,VAR,2170,830,460.0,670,7,3,2,0,0,0,1,2,15
PN-102679,30,ICE & RAIN PROTECTION,AIRBUS,A330-200,YOK,3680,1260,,880,1,0,0,1,0,0,0,1,3
PN-102680,24,ELECTRICAL POWER,BOEING,737-800,VAR,8100,1170,220.0,350,8,1,1,4,5,3,5,8,35
PN-102681,23,COMMUNICATIONS,AIRBUS,A321-200,YOK,3650,1960,,440,3,0,0,0,1,0,0,1,5
PN-102682,31,INDICATING / RECORDING SYSTEMS,AIRBUS,A319-100,YOK,1180,510,,110,2,0,0,3,1,0,0,0,6
PN-102683,74,IGNITION,BOEING,737-800,YOK,2750,860,,730,2,1,0,4,1,0,1,3,12
PN-102684,35,OXYGEN,AIRBUS,A319-100,YOK,3380,1700,,2800,1,0,0,1,0,0,0,1,3
PN-102685,34,NAVIGATION,BOEING,737 MAX 8,YOK,1350,970,,510,3,1,0,1,0,1,0,2,8
PN-102686,27,FLIGHT CONTROLS,AIRBUS,A319-100,YOK,2100,1140,,1500,7,1,0,5,2,1,0,1,17
PN-102687,36,PNEUMATIC,AIRBUS,A330-200,VAR,4590,1350,370.0,620,1,0,0,0,0,0,0,0,1
PN-102688,52,DOORS,BOEING,777-300ER,VAR,360,280,100.0,140,1,0,0,0,0,1,0,1,3
PN-102689,80,STARTING,AIRBUS,A330-300,YOK,3600,1750,,1010,3,2,0,2,0,0,2,5,14
PN-102690,71,POWER PLANT,AIRBUS,A350-900,VAR,2850,1330,580.0,990,3,1,1,0,1,0,1,1,8
PN-102691,49,AIRBORNE AUXILIARY POWER (APU),BOEING,737-800,YOK,6860,2950,,1810,6,2,0,7,4,0,3,8,30
PN-102692,77,ENGINE INDICATING,AIRBUS,A320-200,VAR,1520,1170,550.0,870,1,0,0,0,0,0,0,0,1
PN-102693,32,LANDING GEAR,BOEING,737-800,VAR,4510,1750,2240.0,3880,1,1,0,0,0,0,0,0,2
PN-102694,79,OIL,BOEING,777-300ER,YOK,4160,2580,,850,4,2,0,3,0,0,1,3,13
PN-102695,30,ICE & RAIN PROTECTION,BOEING,787-9,VAR,60270,10810,4140.0,5380,5,0,1,0,1,0,0,4,11
PN-102696,24,ELECTRICAL POWER,AIRBUS,A321neo,VAR,3200,1690,300.0,490,3,1,1,1,0,0,0,1,7
PN-102697,31,INDICATING / RECORDING SYSTEMS,AIRBUS,A321-200,VAR,2630,1600,410.0,870,5,1,0,0,0,1,0,1,8
PN-102698,24,ELECTRICAL POWER,BOEING,737-800,VAR,23430,7510,5240.0,6760,5,3,0,1,1,1,1,4,16
PN-102699,24,ELECTRICAL POWER,AIRBUS,A330-300,YOK,1230,480,,300,2,0,0,0,1,0,0,1,4
PN-102700,76,ENGINE CONTROLS,AIRBUS,A320neo,YOK,1320,440,,190,1,0,0,1,0,0,0,1,3
PN-102701,73,ENGINE FUEL AND CONTROL,AIRBUS,A320-200,YOK,2620,1700,,1160,3,2,0,2,1,0,0,2,10
PN-102702,26,FIRE PROTECTION,AIRBUS,A320-200,YOK,1070,640,,130,2,1,0,1,0,1,1,2,8
PN-102703,74,IGNITION,AIRBUS,A321neo,VAR,550,230,90.0,140,1,0,0,0,0,0,1,0,2
PN-102704,22,AUTO FLIGHT,AIRBUS,A320-200,YOK,7780,1160,,850,1,1,0,0,0,1,0,2,5
PN-102705,28,FUEL,AIRBUS,A319-100,YOK,7060,3820,,2710,2,0,0,1,0,0,1,1,5
PN-102706,71,POWER PLANT,AIRBUS,A319-100,YOK,1170,510,,480,3,2,0,3,0,1,0,2,11
PN-102707,28,FUEL,BOEING,777-300ER,VAR,10300,6750,2000.0,2950,2,1,0,0,0,0,1,3,7
PN-102708,71,POWER PLANT,AIRBUS,A320-200,YOK,9800,3430,,670,2,1,0,0,0,0,1,1,5
PN-102709,76,ENGINE CONTROLS,AIRBUS,A320-200,YOK,930,270,,90,6,2,0,3,3,0,0,4,18
PN-102710,22,AUTO FLIGHT,AIRBUS,A321neo,YOK,2500,1080,,390,1,0,0,0,1,1,0,1,4
PN-102711,21,AIR CONDITIONING,AIRBUS,A320neo,YOK,6610,3990,,2000,3,1,0,0,0,0,1,1,6
PN-102712,79,OIL,BOEING,787-9,YOK,1560,110,,60,0,0,0,0,0,1,1,0,2
PN-102713,35,OXYGEN,BOEING,777-300ER,VAR,8310,3750,1490.0,2200,1,0,0,0,0,0,0,1,2
PN-102714,35,OXYGEN,AIRBUS,A321neo,YOK,9460,4650,,1210,3,1,0,1,0,0,0,1,6
PN-102715,34,NAVIGATION,AIRBUS,A321neo,YOK,770,410,,320,4,1,0,1,0,0,1,2,9
PN-102716,32,LANDING GEAR,AIRBUS,A321-200,YOK,24450,9310,,3590,5,2,0,4,2,1,2,2,18
PN-102717,56,WINDOWS,AIRBUS,A319-100,YOK,280,80,,80,2,0,0,1,1,0,0,2,6
PN-102718,49,AIRBORNE AUXILIARY POWER (APU),AIRBUS,A321-200,YOK,410,120,,150,9,11,0,8,2,0,3,20,53
PN-102719,25,EQUIPMENT / FURNISHINGS,AIRBUS,A320-200,VAR,7440,2900,770.0,1320,1,1,0,0,0,0,0,0,2
PN-102720,52,DOORS,AIRBUS,A320-200,YOK,1160,530,,290,1,0,0,0,0,0,0,0,1
PN-102721,56,WINDOWS,AIRBUS,A330-300,VAR,4020,1950,850.0,1150,0,0,0,0,0,0,0,1,1
PN-102722,23,COMMUNICATIONS,AIRBUS,A320-200,YOK,2300,820,,540,0,0,0,1,0,0,0,2,3
PN-102723,30,ICE & RAIN PROTECTION,AIRBUS,A320-200,VAR,420,260,240.0,370,1,0,0,0,0,0,0,1,2
PN-102724,73,ENGINE FUEL AND CONTROL,AIRBUS,A321neo,YOK,22370,5310,,2850,3,1,0,2,0,1,1,1,9
PN-102725,52,DOORS,AIRBUS,A321neo,VAR,230,80,50.0,50,5,1,0,1,1,1,1,4,14
PN-102726,24,ELECTRICAL POWER,AIRBUS,A320-200,YOK,2160,1580,,1340,12,2,0,3,1,2,1,11,32
PN-102727,22,AUTO FLIGHT,AIRBUS,A319-100,VAR,5570,1430,500.0,830,3,1,0,2,0,1,0,2,9
PN-102728,49,AIRBORNE AUXILIARY POWER (APU),AIRBUS,A320neo,YOK,4620,820,,890,12,1,0,13,5,2,15,8,56
PN-102729,34,NAVIGATION,AIRBUS,A320neo,YOK,100,70,,50,2,0,0,1,0,0,0,2,5
PN-102730,79,OIL,BOEING,737-900ER,YOK,2160,900,,320,1,0,0,0,0,0,0,1,2
PN-102731,35,OXYGEN,BOEING,777-300ER,YOK,4490,1490,,790,3,3,0,1,0,1,1,1,10
PN-102732,79,OIL,AIRBUS,A321neo,VAR,1350,670,250.0,360,0,0,0,0,0,0,0,1,1
PN-102733,26,FIRE PROTECTION,AIRBUS,A321neo,VAR,3880,2280,1010.0,1990,1,0,1,0,0,0,0,0,2
PN-102734,32,LANDING GEAR,BOEING,737-800,YOK,3110,1580,,2420,8,1,0,3,0,0,0,4,16
PN-102735,24,ELECTRICAL POWER,AIRBUS,A350-900,YOK,2020,1090,,200,3,0,0,2,0,0,1,1,7
PN-102736,36,PNEUMATIC,AIRBUS,A320-200,VAR,2590,1070,430.0,720,1,2,0,0,0,0,0,1,4
PN-102737,25,EQUIPMENT / FURNISHINGS,AIRBUS,A320-200,VAR,16240,4330,1220.0,1990,1,0,1,0,0,0,0,0,2
PN-102738,34,NAVIGATION,AIRBUS,A321neo,YOK,1630,380,,250,2,1,0,2,0,0,0,2,7
PN-102739,29,HYDRAULIC POWER,AIRBUS,A330-300,YOK,23960,13090,,11910,8,2,0,6,0,1,1,4,22
PN-102740,25,EQUIPMENT / FURNISHINGS,AIRBUS,A320-200,YOK,150,80,,50,2,1,0,1,0,0,0,1,5
PN-102741,23,COMMUNICATIONS,AIRBUS,A321-200,YOK,8340,7010,,4000,1,0,0,0,1,0,0,0,2
PN-102742,35,OXYGEN,AIRBUS,A321-200,YOK,820,370,,250,1,0,0,0,0,0,0,0,1
PN-102743,79,OIL,AIRBUS,A320neo,YOK,730,240,,120,1,0,0,1,0,0,1,0,3
PN-102744,26,FIRE PROTECTION,AIRBUS,A321neo,VAR,2970,820,580.0,870,2,0,0,1,0,0,1,1,5
PN-102745,31,INDICATING / RECORDING SYSTEMS,BOEING,737-800,YOK,4160,1900,,630,2,1,0,1,0,1,1,2,8
PN-102746,26,FIRE PROTECTION,AIRBUS,A330-200,YOK,15840,8430,,6090,1,0,0,1,0,0,0,0,2
PN-102747,74,IGNITION,AIRBUS,A320neo,YOK,360,160,,130,0,0,0,1,0,0,0,0,1
PN-102748,31,INDICATING / RECORDING SYSTEMS,AIRBUS,A320-200,VAR,6500,1960,270.0,400,2,1,1,1,1,0,2,1,9
PN-102749,80,STARTING,BOEING,737 MAX 8,YOK,540,330,,140,1,0,0,1,1,0,0,0,3
PN-102750,27,FLIGHT CONTROLS,AIRBUS,A321neo,YOK,550,340,,380,4,4,0,2,2,0,0,2,14
PN-102751,23,COMMUNICATIONS,AIRBUS,A320-200,YOK,5960,3270,,4790,1,1,0,0,0,0,1,0,3
PN-102752,49,AIRBORNE AUXILIARY POWER (APU),AIRBUS,A320neo,YOK,6720,540,,300,1,0,0,1,0,0,0,1,3
PN-102753,52,DOORS,BOEING,737-900ER,VAR,120,50,50.0,70,2,2,0,0,0,0,0,1,5
PN-102754,80,STARTING,BOEING,737-800,YOK,1040,440,,220,10,10,0,8,2,6,5,14,55
PN-102755,76,ENGINE CONTROLS,BOEING,737 MAX 8,YOK,6370,4200,,1840,6,0,0,2,1,0,0,3,12
PN-102756,76,ENGINE CONTROLS,AIRBUS,A350-900,YOK,180,50,,50,3,1,0,1,0,0,1,1,7
PN-102757,52,DOORS,AIRBUS,A321neo,VAR,440,120,50.0,50,1,1,0,0,0,0,1,3,6
PN-102758,30,ICE & RAIN PROTECTION,AIRBUS,A321neo,VAR,15030,5080,2540.0,3950,1,0,0,0,0,0,0,0,1
PN-102759,32,LANDING GEAR,AIRBUS,A320neo,YOK,8610,6080,,2180,1,1,0,0,0,0,1,1,4
PN-102760,24,ELECTRICAL POWER,BOEING,737-800,YOK,770,450,,470,1,0,0,0,0,0,0,0,1
PN-102761,32,LANDING GEAR,AIRBUS,A330-300,VAR,51120,26770,10740.0,17980,23,6,2,1,7,3,2,5,49
PN-102762,30,ICE & RAIN PROTECTION,AIRBUS,A320-200,YOK,2550,1150,,720,3,2,0,4,4,2,1,4,20
PN-102763,21,AIR CONDITIONING,BOEING,777-300ER,YOK,2670,1280,,1070,5,0,0,2,1,0,1,2,11
PN-102764,26,FIRE PROTECTION,AIRBUS,A321-200,YOK,760,230,,70,1,1,0,0,0,0,1,1,4
PN-102765,35,OXYGEN,AIRBUS,A319-100,YOK,1980,660,,200,1,0,0,0,0,0,0,0,1
PN-102766,30,ICE & RAIN PROTECTION,AIRBUS,A321-200,YOK,4160,2370,,700,1,1,0,1,0,0,0,1,4
PN-102767,80,STARTING,BOEING,737 MAX 8,YOK,180,50,,50,14,6,0,3,1,1,0,8,33
PN-102768,34,NAVIGATION,BOEING,777-300ER,YOK,4470,1320,,590,2,1,0,1,0,0,0,3,7
PN-102769,79,OIL,AIRBUS,A330-200,YOK,10770,6020,,6080,1,0,0,1,0,0,0,2,4
PN-102770,56,WINDOWS,BOEING,777-F,VAR,1240,680,180.0,270,1,0,0,0,0,0,0,0,1
PN-102771,22,AUTO FLIGHT,BOEING,737 MAX 8,VAR,470,170,60.0,110,8,3,1,0,1,2,1,4,20
PN-102772,26,FIRE PROTECTION,BOEING,737 MAX 8,YOK,100,60,,50,1,0,0,1,0,0,0,1,3
PN-102773,71,POWER PLANT,BOEING,737 MAX 8,YOK,7840,4300,,2350,1,0,0,0,0,0,0,1,2
PN-102774,36,PNEUMATIC,AIRBUS,A321-200,VAR,5520,2070,590.0,1140,1,0,0,0,0,0,0,1,2
PN-102775,28,FUEL,BOEING,737-800,YOK,27020,7760,,2580,1,1,0,0,0,0,0,0,2
PN-102776,35,OXYGEN,AIRBUS,A330-300,YOK,1120,640,,440,1,1,0,0,0,0,0,1,3
PN-102777,77,ENGINE INDICATING,BOEING,737-800,YOK,1850,1210,,1400,4,1,0,0,0,0,0,2,7
PN-102778,31,INDICATING / RECORDING SYSTEMS,AIRBUS,A320-200,VAR,780,530,100.0,200,2,1,0,0,0,0,0,1,4
PN-102779,22,AUTO FLIGHT,BOEING,737-800,YOK,1860,580,,640,3,2,0,2,1,0,1,3,12
PN-102780,29,HYDRAULIC POWER,BOEING,777-F,VAR,2700,830,820.0,1160,5,0,2,1,1,0,0,1,10
PN-102781,79,OIL,AIRBUS,A321-200,VAR,320,230,60.0,90,6,5,2,0,0,0,2,2,17
PN-102782,72,ENGINE,BOEING,787-9,YOK,750,520,,210,3,1,0,1,1,0,0,3,9
PN-102783,74,IGNITION,AIRBUS,A321-200,YOK,3190,1360,,300,25,12,0,12,3,10,2,5,69
PN-102784,77,ENGINE INDICATING,AIRBUS,A320neo,YOK,250,50,,50,1,0,0,1,1,0,0,1,4
PN-102785,24,ELECTRICAL POWER,AIRBUS,A320-200,VAR,10470,1510,520.0,800,1,1,0,0,0,0,1,1,4
PN-102786,28,FUEL,BOEING,737-900ER,YOK,38370,13940,,4890,1,1,0,0,0,0,0,1,3
PN-102787,22,AUTO FLIGHT,AIRBUS,A330-300,YOK,3020,1290,,420,2,0,0,1,0,1,0,1,5
PN-102788,21,AIR CONDITIONING,AIRBUS,A321-200,VAR,850,330,310.0,540,1,0,0,0,0,0,0,1,2
PN-102789,74,IGNITION,AIRBUS,A350-900,YOK,300,60,,50,2,0,0,2,1,0,0,1,6
PN-102790,79,OIL,AIRBUS,A321-200,YOK,510,230,,160,1,0,0,0,0,0,0,0,1
PN-102791,25,EQUIPMENT / FURNISHINGS,AIRBUS,A321neo,VAR,2020,680,280.0,420,3,0,1,0,0,0,0,1,5
PN-102792,71,POWER PLANT,BOEING,737 MAX 8,YOK,100,50,,60,1,0,0,0,0,0,0,1,2
PN-102793,35,OXYGEN,BOEING,737-800,YOK,4430,1860,,1200,1,1,0,1,0,0,0,0,3
PN-102794,22,AUTO FLIGHT,BOEING,737-900ER,VAR,2540,1170,310.0,580,3,0,0,1,1,2,1,2,10
PN-102795,77,ENGINE INDICATING,AIRBUS,A330-300,YOK,220,80,,50,19,3,0,11,1,1,1,11,47
PN-102796,76,ENGINE CONTROLS,BOEING,787-9,YOK,2840,1930,,1760,1,0,0,0,0,0,0,1,2
PN-102797,36,PNEUMATIC,AIRBUS,A320neo,VAR,10900,2460,430.0,730,3,0,0,1,0,0,0,1,5
PN-102798,71,POWER PLANT,AIRBUS,A320neo,YOK,990,690,,950,2,0,0,0,0,1,0,1,4
PN-102799,31,INDICATING / RECORDING SYSTEMS,AIRBUS,A320-200,VAR,9270,3650,1770.0,2780,1,1,0,0,0,0,0,1,3
PN-102800,73,ENGINE FUEL AND CONTROL,AIRBUS,A330-300,YOK,3410,1840,,1860,2,0,0,1,1,0,0,0,4
PN-102801,32,LANDING GEAR,AIRBUS,A350-900,YOK,39670,22420,,12630,6,0,0,9,0,1,1,5,22
PN-102802,80,STARTING,BOEING,737-800,VAR,4010,1070,830.0,1480,1,1,1,0,0,0,0,1,4
PN-102803,22,AUTO FLIGHT,AIRBUS,A321-200,YOK,4780,1860,,1410,16,0,0,10,2,2,3,12,45
PN-102804,25,EQUIPMENT / FURNISHINGS,AIRBUS,A319-100,VAR,2940,1700,360.0,600,2,0,0,0,1,1,1,1,6
PN-102805,80,STARTING,AIRBUS,A350-900,YOK,1370,870,,360,1,1,0,1,0,0,0,0,3
PN-102806,28,FUEL,BOEING,787-9,VAR,8180,1600,320.0,410,1,0,1,0,1,1,0,1,5
PN-102807,29,HYDRAULIC POWER,AIRBUS,A321-200,VAR,7250,2710,1450.0,2520,1,1,1,0,0,0,0,1,4
PN-102808,73,ENGINE FUEL AND CONTROL,AIRBUS,A320-200,YOK,1160,400,,410,9,0,0,1,1,1,1,4,17
PN-102809,25,EQUIPMENT / FURNISHINGS,AIRBUS,A321-200,YOK,9280,3680,,2460,1,0,0,0,0,0,0,0,1
PN-102810,35,OXYGEN,AIRBUS,A321neo,YOK,7200,1930,,1960,1,0,0,0,0,0,0,0,1
PN-102811,28,FUEL,AIRBUS,A320neo,VAR,460,100,110.0,180,2,1,0,0,0,0,0,1,4
PN-102812,26,FIRE PROTECTION,AIRBUS,A321-200,YOK,1610,780,,370,2,1,0,1,1,0,0,2,7
PN-102813,80,STARTING,AIRBUS,A350-900,VAR,690,510,210.0,310,8,1,1,1,1,1,1,6,20
PN-102814,26,FIRE PROTECTION,AIRBUS,A321-200,YOK,1830,380,,150,5,1,0,3,1,1,0,2,13
PN-102815,23,COMMUNICATIONS,AIRBUS,A321-200,VAR,1160,400,60.0,100,3,1,1,1,0,1,0,1,8
PN-102816,56,WINDOWS,AIRBUS,A319-100,VAR,1390,620,530.0,780,1,1,0,0,0,0,0,1,3
PN-102817,76,ENGINE CONTROLS,BOEING,777-300ER,VAR,350,260,110.0,160,4,2,0,2,1,1,1,1,12
PN-102818,24,ELECTRICAL POWER,AIRBUS,A321neo,VAR,1480,460,180.0,290,1,0,0,0,1,0,0,1,3
PN-102819,71,POWER PLANT,AIRBUS,A321-200,YOK,1150,160,,90,1,0,0,0,0,0,0,0,1
PN-102820,36,PNEUMATIC,AIRBUS,A320-200,YOK,9400,4290,,2220,4,0,0,1,0,1,1,1,8
PN-102821,74,IGNITION,AIRBUS,A350-900,VAR,7430,3450,2370.0,3940,0,1,0,0,0,0,1,0,2
PN-102822,24,ELECTRICAL POWER,BOEING,737 MAX 8,VAR,220,140,50.0,90,1,1,1,2,0,0,2,1,8
PN-102823,80,STARTING,AIRBUS,A319-100,YOK,3400,1340,,790,3,1,0,1,0,1,0,1,7
PN-102824,52,DOORS,AIRBUS,A320-200,YOK,14510,7740,,4520,2,0,0,1,1,1,0,1,6
PN-102825,74,IGNITION,AIRBUS,A320-200,YOK,260,120,,120,6,1,0,2,0,0,0,1,10
PN-102826,30,ICE & RAIN PROTECTION,AIRBUS,A350-900,VAR,150,50,50.0,50,4,0,2,0,0,0,1,4,11
PN-102827,79,OIL,BOEING,777-300ER,YOK,16810,7080,,6990,3,1,0,2,0,0,0,2,8
PN-102828,52,DOORS,AIRBUS,A321neo,YOK,400,290,,290,1,0,0,0,0,1,0,1,3
PN-102829,24,ELECTRICAL POWER,AIRBUS,A321-200,YOK,2020,840,,290,5,1,0,1,0,0,1,1,9
PN-102830,77,ENGINE INDICATING,BOEING,737-900ER,YOK,23460,6300,,8100,1,0,0,1,0,0,0,1,3
PN-102831,73,ENGINE FUEL AND CONTROL,BOEING,737-800,YOK,200,110,,50,2,1,0,2,1,0,0,1,7
PN-102832,28,FUEL,AIRBUS,A320neo,VAR,16030,2310,1750.0,2680,28,1,2,6,9,2,4,18,70
PN-102833,36,PNEUMATIC,AIRBUS,A320-200,YOK,6100,3230,,2270,1,0,0,1,0,1,1,2,6
PN-102834,31,INDICATING / RECORDING SYSTEMS,AIRBUS,A321-200,VAR,840,560,180.0,320,3,2,0,1,0,1,1,1,9
PN-102835,36,PNEUMATIC,BOEING,737-900ER,VAR,2730,970,500.0,740,1,1,0,0,0,0,0,1,3
PN-102836,80,STARTING,BOEING,737-800,YOK,4520,1320,,370,9,1,0,1,1,0,1,4,17
PN-102837,77,ENGINE INDICATING,BOEING,737-800,YOK,2970,1160,,460,3,1,0,3,1,0,0,4,12
PN-102838,26,FIRE PROTECTION,BOEING,737 MAX 8,YOK,2830,980,,240,2,2,0,1,0,0,1,1,7
PN-102839,80,STARTING,AIRBUS,A320neo,YOK,690,280,,240,4,1,0,1,0,0,1,1,8
PN-102840,32,LANDING GEAR,AIRBUS,A321-200,VAR,5650,2960,640.0,1210,14,0,4,0,2,0,0,6,26
PN-102841,71,POWER PLANT,AIRBUS,A319-100,YOK,6350,1000,,720,6,2,0,3,3,5,2,2,23
PN-102842,72,ENGINE,BOEING,737 MAX 8,YOK,7690,4170,,6220,4,3,0,1,0,3,0,4,15
PN-102843,34,NAVIGATION,AIRBUS,A330-300,VAR,3430,1590,500.0,720,2,1,0,0,0,1,1,1,6
PN-102844,32,LANDING GEAR,AIRBUS,A321-200,VAR,1820,730,220.0,310,7,1,2,3,1,2,2,5,23
PN-102845,32,LANDING GEAR,AIRBUS,A320-200,YOK,2930,1790,,2030,3,0,0,0,0,0,1,1,5
PN-102846,76,ENGINE CONTROLS,BOEING,737-800,YOK,1200,380,,140,1,0,0,1,0,0,0,1,3
PN-102847,31,INDICATING / RECORDING SYSTEMS,BOEING,737-800,YOK,1990,450,,180,2,0,0,2,1,0,0,1,6
PN-102848,28,FUEL,BOEING,737-800,VAR,290,200,80.0,100,0,0,0,0,0,0,0,1,1
PN-102849,30,ICE & RAIN PROTECTION,AIRBUS,A320neo,YOK,2260,1170,,630,3,0,0,1,3,0,1,3,11
PN-102850,26,FIRE PROTECTION,BOEING,777-300ER,YOK,51560,30380,,13370,1,0,0,0,0,0,0,1,2
PN-102851,31,INDICATING / RECORDING SYSTEMS,BOEING,737-800,YOK,440,100,,50,1,1,0,1,0,0,0,1,4
PN-102852,23,COMMUNICATIONS,BOEING,737-800,VAR,2650,1540,680.0,1240,2,0,0,0,1,0,0,1,4
PN-102853,23,COMMUNICATIONS,BOEING,737-800,VAR,570,150,80.0,110,2,1,0,0,0,0,1,1,5
PN-102854,71,POWER PLANT,BOEING,777-300ER,YOK,7590,2850,,1170,2,0,0,1,1,0,0,1,5
PN-102855,23,COMMUNICATIONS,BOEING,777-300ER,VAR,6660,2370,900.0,1280,3,0,0,1,0,0,0,1,5
PN-102856,36,PNEUMATIC,AIRBUS,A330-300,YOK,6870,2010,,1750,1,1,0,1,0,0,1,1,5
PN-102857,73,ENGINE FUEL AND CONTROL,AIRBUS,A321neo,YOK,1440,450,,340,2,1,0,1,0,0,0,1,5
PN-102858,71,POWER PLANT,AIRBUS,A321-200,YOK,610,220,,100,2,0,0,1,0,0,0,1,4
PN-102859,32,LANDING GEAR,BOEING,737 MAX 8,VAR,10340,6540,4220.0,5890,13,1,2,2,3,1,2,3,27
PN-102860,26,FIRE PROTECTION,BOEING,737-800,VAR,2160,470,770.0,1070,0,0,0,0,1,0,0,0,1
PN-102861,79,OIL,AIRBUS,A320-200,YOK,1770,870,,480,3,1,0,0,1,0,0,1,6
PN-102862,74,IGNITION,AIRBUS,A320-200,YOK,790,320,,170,1,1,0,1,0,0,0,0,3
PN-102863,49,AIRBORNE AUXILIARY POWER (APU),BOEING,777-300ER,VAR,350,200,120.0,210,3,1,0,2,2,0,0,4,12
PN-102864,23,COMMUNICATIONS,BOEING,777-300ER,YOK,860,610,,170,0,0,0,0,0,0,0,1,1
PN-102865,21,AIR CONDITIONING,BOEING,777-F,YOK,11450,5480,,6910,2,1,0,1,0,0,0,1,5
PN-102866,29,HYDRAULIC POWER,AIRBUS,A321neo,YOK,48060,8450,,6960,3,0,0,1,0,0,2,2,8
PN-102867,25,EQUIPMENT / FURNISHINGS,BOEING,737-900ER,YOK,410,130,,60,7,0,0,3,0,0,1,1,12
PN-102868,76,ENGINE CONTROLS,BOEING,737 MAX 8,YOK,1090,410,,440,3,1,0,1,1,1,0,1,8
PN-102869,26,FIRE PROTECTION,AIRBUS,A321-200,YOK,17470,5290,,7890,1,0,0,0,0,0,0,0,1
PN-102870,28,FUEL,AIRBUS,A320-200,VAR,2670,1890,390.0,720,1,0,1,0,0,0,1,1,4
PN-102871,80,STARTING,BOEING,787-9,YOK,520,380,,160,6,1,0,2,1,1,0,4,15
PN-102872,74,IGNITION,AIRBUS,A319-100,YOK,2670,1440,,990,1,0,0,0,0,0,0,1,2
PN-102873,26,FIRE PROTECTION,AIRBUS,A330-300,YOK,460,300,,170,1,0,0,1,0,1,0,0,3
PN-102874,30,ICE & RAIN PROTECTION,BOEING,737-800,VAR,1970,460,240.0,340,1,0,1,0,1,0,0,2,5
PN-102875,35,OXYGEN,BOEING,737-800,VAR,490,240,50.0,80,1,0,1,0,0,0,0,1,3
PN-102876,56,WINDOWS,AIRBUS,A320neo,YOK,15220,10060,,6670,9,8,0,8,1,2,1,13,42
PN-102877,79,OIL,BOEING,737-800,VAR,12290,7020,3420.0,5930,2,1,0,1,0,1,0,0,5
PN-102878,76,ENGINE CONTROLS,AIRBUS,A320neo,YOK,11180,8260,,9400,5,0,0,1,0,0,1,2,9
PN-102879,80,STARTING,BOEING,737 MAX 8,YOK,1290,1000,,220,1,0,0,1,0,0,0,1,3
PN-102880,22,AUTO FLIGHT,AIRBUS,A320neo,YOK,18510,8940,,3360,3,0,0,1,0,0,2,3,9
PN-102881,27,FLIGHT CONTROLS,BOEING,737-800,YOK,2340,1150,,940,5,2,0,4,1,1,0,3,16
PN-102882,36,PNEUMATIC,BOEING,737-900ER,VAR,140040,85880,16350.0,28280,1,1,0,0,0,0,0,1,3
PN-102883,22,AUTO FLIGHT,AIRBUS,A320-200,YOK,920,570,,210,2,1,0,1,1,0,0,1,6
PN-102884,30,ICE & RAIN PROTECTION,AIRBUS,A320neo,VAR,1440,310,110.0,190,1,0,0,0,0,0,0,1,2
PN-102885,24,ELECTRICAL POWER,BOEING,737-900ER,YOK,8140,2590,,1440,1,0,0,0,1,0,0,1,3
PN-102886,79,OIL,AIRBUS,A320-200,VAR,11060,5010,3660.0,4410,6,1,3,0,2,1,1,3,17
PN-102887,22,AUTO FLIGHT,AIRBUS,A320neo,YOK,13410,3980,,6060,1,0,0,1,1,0,0,1,4
PN-102888,24,ELECTRICAL POWER,AIRBUS,A321neo,VAR,1090,700,360.0,560,0,0,0,1,0,0,0,0,1
PN-102889,26,FIRE PROTECTION,BOEING,777-300ER,VAR,450,170,80.0,110,10,1,1,0,1,0,1,4,18
PN-102890,24,ELECTRICAL POWER,AIRBUS,A330-300,VAR,1510,950,570.0,860,1,1,0,0,1,0,0,1,4
PN-102891,36,PNEUMATIC,AIRBUS,A321-200,YOK,20470,5110,,3350,1,1,0,1,0,0,0,1,4
PN-102892,30,ICE & RAIN PROTECTION,BOEING,787-9,VAR,4700,2220,1120.0,1770,4,4,4,1,7,0,0,3,23
PN-102893,77,ENGINE INDICATING,AIRBUS,A321neo,YOK,3080,2230,,1340,3,0,0,1,0,0,0,1,5
PN-102894,27,FLIGHT CONTROLS,AIRBUS,A321neo,YOK,12000,4210,,2270,2,0,0,1,1,0,0,2,6
PN-102895,35,OXYGEN,AIRBUS,A321neo,YOK,780,280,,80,0,0,0,0,0,0,0,1,1
PN-102896,56,WINDOWS,AIRBUS,A321-200,VAR,520,290,110.0,240,1,0,0,0,0,0,0,0,1
PN-102897,52,DOORS,AIRBUS,A321-200,VAR,1160,340,70.0,130,2,1,0,0,0,1,0,0,4
PN-102898,73,ENGINE FUEL AND CONTROL,BOEING,737-800,VAR,19430,9720,3190.0,4530,6,0,1,0,1,0,1,2,11
PN-102899,26,FIRE PROTECTION,AIRBUS,A319-100,VAR,1200,710,890.0,1200,1,0,0,0,1,0,1,2,5
PN-102900,35,OXYGEN,BOEING,737-800,YOK,6420,2260,,1370,1,0,0,1,0,0,0,0,2
PN-102901,73,ENGINE FUEL AND CONTROL,AIRBUS,A320neo,VAR,5650,4040,1440.0,2980,3,2,0,0,1,0,0,2,8
PN-102902,76,ENGINE CONTROLS,AIRBUS,A321-200,VAR,860,580,430.0,680,1,0,0,0,0,0,0,0,1
PN-102903,52,DOORS,AIRBUS,A320-200,VAR,11780,3990,940.0,1770,2,1,1,0,1,0,0,2,7
PN-102904,52,DOORS,AIRBUS,A330-300,YOK,7140,4260,,1500,1,1,0,2,0,0,1,0,5
PN-102905,76,ENGINE CONTROLS,BOEING,737-800,YOK,5630,880,,220,8,2,0,8,1,10,1,5,35
PN-102906,52,DOORS,AIRBUS,A321-200,YOK,930,530,,160,1,1,0,1,0,0,0,1,4
PN-102907,79,OIL,AIRBUS,A320-200,YOK,3580,1510,,1810,1,1,0,1,0,0,0,0,3
PN-102908,24,ELECTRICAL POWER,AIRBUS,A320neo,YOK,9490,2470,,740,3,1,0,1,1,1,0,1,8
PN-102909,30,ICE & RAIN PROTECTION,BOEING,737 MAX 8,YOK,850,300,,110,1,1,0,1,0,0,0,1,4
PN-102910,23,COMMUNICATIONS,AIRBUS,A320neo,VAR,110,50,50.0,50,3,0,1,0,1,0,1,2,8
PN-102911,23,COMMUNICATIONS,BOEING,737-900ER,YOK,1130,160,,60,2,0,0,0,0,1,0,2,5
PN-102912,34,NAVIGATION,AIRBUS,A321-200,YOK,1750,700,,240,1,0,0,0,0,0,0,1,2
PN-102913,26,FIRE PROTECTION,AIRBUS,A320-200,VAR,3600,1480,330.0,590,1,0,0,0,0,0,0,0,1
PN-102914,31,INDICATING / RECORDING SYSTEMS,BOEING,737-800,YOK,9090,1320,,1010,3,0,0,2,0,0,0,2,7
PN-102915,32,LANDING GEAR,AIRBUS,A321neo,YOK,3350,1150,,940,15,7,0,3,1,0,1,9,36
PN-102916,52,DOORS,AIRBUS,A319-100,YOK,1370,820,,90,2,1,0,1,0,0,0,1,5
PN-102917,79,OIL,BOEING,777-F,YOK,730,330,,330,6,1,0,4,0,1,1,1,14
PN-102918,76,ENGINE CONTROLS,AIRBUS,A320-200,YOK,550,220,,90,3,1,0,1,4,1,2,3,15
PN-102919,30,ICE & RAIN PROTECTION,AIRBUS,A321-200,VAR,9890,5790,1500.0,3180,1,0,1,1,0,1,1,2,7
PN-102920,29,HYDRAULIC POWER,AIRBUS,A321-200,YOK,12520,2120,,770,1,0,0,1,0,0,0,2,4
PN-102921,73,ENGINE FUEL AND CONTROL,AIRBUS,A321neo,VAR,220,160,60.0,120,2,2,1,1,1,0,0,3,10
PN-102922,24,ELECTRICAL POWER,BOEING,737-900ER,YOK,12810,5680,,2860,9,3,0,6,2,1,0,3,24
PN-102923,36,PNEUMATIC,AIRBUS,A319-100,VAR,4210,2070,980.0,1250,4,1,1,0,1,0,1,0,8
PN-102924,31,INDICATING / RECORDING SYSTEMS,BOEING,777-300ER,YOK,24430,7810,,3570,5,1,0,3,1,0,1,1,12
PN-102925,25,EQUIPMENT / FURNISHINGS,BOEING,737-800,YOK,5460,4320,,1540,1,0,0,1,0,0,0,1,3
PN-102926,52,DOORS,BOEING,777-F,VAR,1300,450,330.0,500,1,1,1,0,0,0,0,1,4
PN-102927,29,HYDRAULIC POWER,BOEING,737 MAX 8,YOK,380,200,,120,2,0,0,1,1,1,2,1,8
PN-102928,25,EQUIPMENT / FURNISHINGS,BOEING,777-300ER,YOK,18000,9020,,7880,2,0,0,0,1,0,0,1,4
PN-102929,52,DOORS,AIRBUS,A350-900,VAR,7990,5340,980.0,1580,3,1,1,2,0,2,3,1,13
PN-102930,25,EQUIPMENT / FURNISHINGS,AIRBUS,A321-200,VAR,1200,660,400.0,640,0,0,0,0,0,0,0,1,1
PN-102931,56,WINDOWS,AIRBUS,A321neo,VAR,11990,4860,2770.0,5160,1,0,1,1,0,1,0,0,4
PN-102932,25,EQUIPMENT / FURNISHINGS,BOEING,737-800,VAR,11800,5960,2770.0,5170,2,1,0,0,1,0,0,0,4
PN-102933,32,LANDING GEAR,AIRBUS,A321neo,YOK,32180,10170,,4530,1,0,0,1,0,1,0,0,3
PN-102934,74,IGNITION,BOEING,737-800,YOK,1280,760,,440,2,0,0,1,0,1,0,4,8
PN-102935,26,FIRE PROTECTION,AIRBUS,A320-200,YOK,2160,770,,580,1,0,0,0,0,0,0,1,2
PN-102936,72,ENGINE,BOEING,737 MAX 8,VAR,2330,1250,780.0,1270,3,1,2,1,0,1,0,1,9
PN-102937,71,POWER PLANT,AIRBUS,A320neo,VAR,1800,300,80.0,100,19,6,3,1,2,2,1,5,39
PN-102938,77,ENGINE INDICATING,BOEING,777-F,YOK,1250,280,,290,4,0,0,3,2,1,0,5,15
PN-102939,25,EQUIPMENT / FURNISHINGS,AIRBUS,A320-200,VAR,1170,800,570.0,790,4,1,0,0,0,0,0,2,7
PN-102940,71,POWER PLANT,AIRBUS,A320-200,YOK,4110,1940,,820,3,2,0,3,1,0,0,1,10
PN-102941,79,OIL,BOEING,737 MAX 8,VAR,750,290,90.0,120,1,1,1,0,1,1,0,1,6
PN-102942,72,ENGINE,BOEING,737 MAX 8,YOK,4150,650,,270,13,5,0,15,4,3,17,14,71
PN-102943,25,EQUIPMENT / FURNISHINGS,BOEING,737-800,YOK,6710,4070,,1940,5,1,0,1,0,0,1,1,9
PN-102944,74,IGNITION,BOEING,787-9,YOK,640,120,,80,0,0,0,1,0,0,1,0,2
PN-102945,23,COMMUNICATIONS,AIRBUS,A320neo,YOK,9850,2170,,1360,0,0,0,0,0,0,0,1,1
PN-102946,49,AIRBORNE AUXILIARY POWER (APU),BOEING,737 MAX 8,YOK,2190,1130,,370,5,1,0,3,1,1,0,3,14
PN-102947,34,NAVIGATION,AIRBUS,A321-200,YOK,3760,1660,,480,2,0,0,1,1,0,1,1,6
PN-102948,35,OXYGEN,AIRBUS,A330-200,YOK,22230,10680,,2640,0,0,0,0,0,0,0,1,1
PN-102949,35,OXYGEN,AIRBUS,A321neo,YOK,440,240,,70,2,1,0,1,0,0,0,1,5
PN-102950,21,AIR CONDITIONING,AIRBUS,A319-100,VAR,2400,1190,400.0,560,2,0,0,0,1,0,1,2,6
PN-102951,35,OXYGEN,AIRBUS,A330-300,VAR,450,110,50.0,50,1,1,0,1,2,0,0,1,6
PN-102952,79,OIL,BOEING,737-800,YOK,18510,8810,,1230,2,1,0,2,0,0,1,4,10
PN-102953,32,LANDING GEAR,AIRBUS,A320-200,YOK,40920,12460,,5270,2,0,0,2,0,1,0,1,6
PN-102954,28,FUEL,BOEING,777-300ER,VAR,1610,1020,740.0,1180,2,1,3,0,1,2,2,1,12
PN-102955,80,STARTING,AIRBUS,A330-200,VAR,970,450,170.0,280,1,1,0,1,0,0,0,1,4
PN-102956,23,COMMUNICATIONS,AIRBUS,A320-200,VAR,1750,840,230.0,400,1,0,0,0,0,0,1,1,3
PN-102957,34,NAVIGATION,BOEING,737-800,VAR,5370,2240,700.0,1200,1,0,0,1,0,1,0,1,4
PN-102958,35,OXYGEN,AIRBUS,A320neo,VAR,10960,5340,660.0,860,7,0,1,0,0,0,0,2,10
PN-102959,34,NAVIGATION,AIRBUS,A320-200,YOK,3570,1030,,760,3,0,0,0,1,0,0,1,5
PN-102960,77,ENGINE INDICATING,BOEING,737-800,YOK,820,240,,240,8,2,0,1,1,0,1,7,20
PN-102961,31,INDICATING / RECORDING SYSTEMS,AIRBUS,A320-200,YOK,3210,1070,,260,10,4,0,3,0,1,2,9,29
PN-102962,80,STARTING,AIRBUS,A320-200,VAR,24050,12800,3870.0,7380,1,0,0,0,0,1,0,1,3
PN-102963,22,AUTO FLIGHT,BOEING,737-800,VAR,1640,990,440.0,580,1,0,0,0,0,0,0,0,1
PN-102964,72,ENGINE,AIRBUS,A319-100,YOK,13460,6280,,2710,12,2,0,6,1,0,3,6,30
PN-102965,49,AIRBORNE AUXILIARY POWER (APU),BOEING,737-900ER,YOK,420,150,,60,1,1,0,2,0,0,0,2,6
PN-102966,27,FLIGHT CONTROLS,BOEING,737-900ER,VAR,710,170,50.0,70,1,0,0,1,0,0,0,1,3
PN-102967,26,FIRE PROTECTION,AIRBUS,A320-200,VAR,2290,1220,360.0,530,1,0,0,0,0,0,0,1,2
PN-102968,71,POWER PLANT,AIRBUS,A330-200,YOK,4980,2900,,3050,1,1,0,1,1,0,0,1,5
PN-102969,52,DOORS,AIRBUS,A320-200,VAR,12300,6370,1510.0,1900,5,0,1,4,2,0,1,1,14
PN-102970,49,AIRBORNE AUXILIARY POWER (APU),AIRBUS,A350-900,VAR,5240,1330,750.0,950,4,0,1,2,0,0,0,2,9
PN-102971,22,AUTO FLIGHT,AIRBUS,A320-200,YOK,710,440,,380,8,1,0,3,1,1,1,4,19
PN-102972,49,AIRBORNE AUXILIARY POWER (APU),BOEING,777-F,VAR,790,340,50.0,60,5,2,1,3,1,0,0,1,13
PN-102973,80,STARTING,AIRBUS,A320neo,VAR,580,100,50.0,50,2,1,0,0,0,0,1,1,5
PN-102974,21,AIR CONDITIONING,BOEING,737-800,YOK,11850,5560,,2660,2,0,0,0,1,1,0,1,5
PN-102975,34,NAVIGATION,AIRBUS,A320-200,YOK,2250,560,,160,3,0,0,4,2,0,0,2,11
PN-102976,34,NAVIGATION,AIRBUS,A320neo,VAR,1850,1120,310.0,520,5,1,0,2,1,0,1,4,14
PN-102977,77,ENGINE INDICATING,AIRBUS,A321neo,YOK,2270,1370,,390,4,0,0,2,1,1,2,4,14
PN-102978,28,FUEL,AIRBUS,A330-300,VAR,2400,1170,670.0,1210,3,0,0,0,0,0,1,1,5
PN-102979,34,NAVIGATION,BOEING,787-9,VAR,1800,230,70.0,100,3,2,1,0,0,1,0,1,8
PN-102980,71,POWER PLANT,AIRBUS,A319-100,VAR,1150,740,210.0,340,3,2,1,1,1,1,1,2,12
PN-102981,22,AUTO FLIGHT,AIRBUS,A319-100,VAR,3730,1670,1070.0,1550,1,0,0,1,0,0,1,1,4
PN-102982,73,ENGINE FUEL AND CONTROL,AIRBUS,A321-200,VAR,410,200,90.0,130,1,1,0,0,0,0,0,1,3
PN-102983,74,IGNITION,AIRBUS,A321-200,YOK,1110,530,,230,1,0,0,0,0,0,0,1,2
PN-102984,71,POWER PLANT,BOEING,777-300ER,YOK,62560,15800,,4370,2,1,0,2,0,0,0,1,6
PN-102985,52,DOORS,BOEING,777-300ER,VAR,21130,6850,830.0,1630,4,1,0,1,0,0,1,1,8
PN-102986,72,ENGINE,BOEING,777-300ER,YOK,1330,300,,300,22,5,0,1,1,3,3,2,37
PN-102987,73,ENGINE FUEL AND CONTROL,AIRBUS,A320-200,YOK,5990,3160,,1460,1,0,0,0,0,0,0,1,2
PN-102988,77,ENGINE INDICATING,AIRBUS,A321neo,YOK,1110,660,,210,2,0,0,1,0,0,0,0,3
PN-102989,32,LANDING GEAR,BOEING,737-800,YOK,5830,3470,,860,2,0,0,2,0,1,0,2,7
PN-102990,32,LANDING GEAR,AIRBUS,A321-200,VAR,33020,5190,3320.0,5050,9,4,1,1,0,1,0,5,21
PN-102991,52,DOORS,BOEING,737-800,YOK,1670,340,,230,1,1,0,0,1,0,0,0,3
PN-102992,26,FIRE PROTECTION,AIRBUS,A320neo,YOK,520,210,,120,1,0,0,1,0,0,0,1,3
PN-102993,76,ENGINE CONTROLS,AIRBUS,A321-200,YOK,1660,960,,420,1,0,0,0,0,0,0,1,2
PN-102994,73,ENGINE FUEL AND CONTROL,BOEING,737 MAX 8,YOK,5390,3560,,1400,4,2,0,1,0,0,0,6,13
PN-102995,52,DOORS,AIRBUS,A320neo,VAR,990,450,190.0,310,1,1,1,0,0,0,0,1,4
PN-102996,28,FUEL,BOEING,787-9,VAR,5130,2960,1450.0,2030,2,0,1,0,0,0,0,1,4
PN-102997,30,ICE & RAIN PROTECTION,AIRBUS,A321-200,YOK,530,280,,300,1,0,0,1,0,1,0,1,4
PN-102998,32,LANDING GEAR,AIRBUS,A319-100,YOK,1510,920,,350,13,2,0,5,0,1,0,7,28
PN-102999,56,WINDOWS,AIRBUS,A320neo,VAR,1960,530,90.0,180,1,0,0,0,0,0,0,0,1
PN-103000,73,ENGINE FUEL AND CONTROL,AIRBUS,A320-200,VAR,3680,2800,910.0,1340,1,0,0,0,0,1,0,2,4
PN-103001,56,WINDOWS,AIRBUS,A330-200,VAR,990,300,170.0,330,4,2,0,1,1,0,0,3,11
PN-103002,79,OIL,AIRBUS,A320-200,YOK,7570,3690,,770,3,0,0,1,0,1,0,2,7
PN-103003,79,OIL,AIRBUS,A350-900,VAR,360,110,50.0,60,5,1,1,1,1,1,0,2,12
PN-103004,71,POWER PLANT,BOEING,737 MAX 8,YOK,7550,1860,,1390,6,0,0,1,0,0,1,3,11
PN-103005,30,ICE & RAIN PROTECTION,AIRBUS,A321-200,YOK,2180,1340,,1280,2,0,0,1,0,0,1,1,5
PN-103006,49,AIRBORNE AUXILIARY POWER (APU),AIRBUS,A320-200,VAR,1750,840,120.0,220,2,3,1,0,0,0,0,0,6
PN-103007,32,LANDING GEAR,AIRBUS,A321neo,YOK,1270,440,,330,5,6,0,4,2,1,2,2,22
PN-103008,52,DOORS,BOEING,737-900ER,VAR,790,420,80.0,100,4,2,1,1,2,0,1,2,13
PN-103009,74,IGNITION,AIRBUS,A330-300,YOK,3200,650,,150,8,0,0,1,0,1,0,2,12
PN-103010,30,ICE & RAIN PROTECTION,AIRBUS,A320-200,YOK,2840,990,,810,1,0,0,1,0,0,0,0,2
PN-103011,35,OXYGEN,AIRBUS,A330-200,YOK,670,270,,100,4,1,0,3,1,0,0,3,12
PN-103012,22,AUTO FLIGHT,AIRBUS,A321neo,YOK,7780,4200,,2430,1,1,0,1,0,0,0,1,4
PN-103013,72,ENGINE,AIRBUS,A321-200,VAR,1730,520,290.0,610,3,1,1,0,0,0,0,1,6
PN-103014,34,NAVIGATION,AIRBUS,A320-200,VAR,210,100,50.0,70,2,0,0,0,0,1,1,2,6
PN-103015,32,LANDING GEAR,BOEING,787-9,VAR,550,210,60.0,110,7,3,1,3,0,1,0,7,22
PN-103016,35,OXYGEN,AIRBUS,A320-200,YOK,10800,5550,,3180,2,0,0,1,0,0,0,3,6
PN-103017,26,FIRE PROTECTION,AIRBUS,A320neo,VAR,5230,2650,790.0,1180,1,0,1,0,1,0,0,0,3
PN-103018,49,AIRBORNE AUXILIARY POWER (APU),AIRBUS,A320-200,YOK,1010,400,,320,8,1,0,1,1,0,0,6,17
PN-103019,72,ENGINE,AIRBUS,A330-300,YOK,130,60,,50,4,3,0,2,0,0,1,3,13
PN-103020,30,ICE & RAIN PROTECTION,AIRBUS,A321neo,YOK,11930,3840,,1000,1,0,0,1,1,0,0,0,3
PN-103021,24,ELECTRICAL POWER,AIRBUS,A320neo,VAR,23400,7760,2030.0,3420,2,1,0,0,1,0,0,0,4
PN-103022,31,INDICATING / RECORDING SYSTEMS,AIRBUS,A321neo,YOK,2470,920,,1400,3,1,0,1,0,1,2,1,9
PN-103023,26,FIRE PROTECTION,BOEING,737-800,YOK,2090,790,,330,2,0,0,1,0,0,0,0,3
PN-103024,30,ICE & RAIN PROTECTION,AIRBUS,A321-200,YOK,2520,1250,,1280,1,0,0,0,0,0,0,0,1
PN-103025,52,DOORS,BOEING,777-300ER,YOK,1060,770,,620,4,0,0,1,0,0,1,3,9
PN-103026,23,COMMUNICATIONS,AIRBUS,A321-200,YOK,100,50,,60,1,0,0,1,0,0,0,1,3
PN-103027,72,ENGINE,AIRBUS,A320neo,YOK,7500,3280,,1480,11,4,0,6,2,9,5,12,49
PN-103028,26,FIRE PROTECTION,BOEING,777-F,YOK,2120,890,,280,0,0,0,0,0,1,0,0,1
PN-103029,77,ENGINE INDICATING,BOEING,737 MAX 8,VAR,8010,1720,480.0,790,2,1,0,1,0,0,0,1,5
PN-103030,72,ENGINE,AIRBUS,A321-200,VAR,8010,1200,540.0,800,3,1,0,1,0,0,0,1,6
PN-103031,28,FUEL,BOEING,737 MAX 8,YOK,25560,13480,,4590,1,0,0,1,0,0,0,1,3
PN-103032,36,PNEUMATIC,AIRBUS,A330-200,YOK,580,440,,90,1,1,0,1,0,0,0,0,3
PN-103033,23,COMMUNICATIONS,AIRBUS,A321-200,YOK,270,50,,50,10,0,0,3,3,2,2,5,25
PN-103034,23,COMMUNICATIONS,BOEING,737 MAX 8,YOK,17440,7370,,5720,1,1,0,1,1,0,0,2,6
PN-103035,79,OIL,BOEING,737-800,YOK,290,110,,60,2,0,0,0,0,0,0,1,3
PN-103036,73,ENGINE FUEL AND CONTROL,AIRBUS,A321-200,YOK,810,230,,100,1,0,0,0,1,0,0,0,2
PN-103037,25,EQUIPMENT / FURNISHINGS,AIRBUS,A350-900,VAR,20160,9390,4910.0,5950,1,0,0,0,0,0,0,0,1
PN-103038,28,FUEL,AIRBUS,A321-200,YOK,990,480,,250,2,0,0,0,1,0,0,1,4
PN-103039,26,FIRE PROTECTION,AIRBUS,A319-100,YOK,27680,12060,,4340,0,0,0,1,0,0,0,1,2
PN-103040,31,INDICATING / RECORDING SYSTEMS,BOEING,787-9,VAR,8140,4130,1100.0,1960,2,0,0,0,1,0,1,1,5
PN-103041,28,FUEL,AIRBUS,A330-300,YOK,6880,3460,,5660,0,0,0,1,0,0,0,0,1
PN-103042,29,HYDRAULIC POWER,AIRBUS,A330-300,YOK,3540,1730,,2330,2,1,0,1,0,1,2,1,8
PN-103043,35,OXYGEN,AIRBUS,A330-300,YOK,160,50,,50,5,0,0,1,0,1,0,2,9
PN-103044,25,EQUIPMENT / FURNISHINGS,AIRBUS,A330-300,VAR,1050,230,60.0,100,8,1,2,0,1,5,1,1,19
PN-103045,76,ENGINE CONTROLS,AIRBUS,A321-200,YOK,4300,1040,,650,0,0,0,0,0,0,0,1,1
PN-103046,71,POWER PLANT,BOEING,787-9,YOK,19240,6070,,5980,1,1,0,1,0,0,0,1,4
PN-103047,72,ENGINE,AIRBUS,A350-900,YOK,3100,1480,,680,2,1,0,1,1,0,0,0,5
PN-103048,25,EQUIPMENT / FURNISHINGS,BOEING,737-800,VAR,1680,600,240.0,300,1,0,0,1,2,0,0,1,5
PN-103049,71,POWER PLANT,AIRBUS,A321neo,VAR,7960,4980,2580.0,4380,1,0,0,0,0,0,0,1,2
PN-103050,74,IGNITION,AIRBUS,A321-200,YOK,2470,590,,240,5,2,0,6,1,0,3,3,20
PN-103051,25,EQUIPMENT / FURNISHINGS,AIRBUS,A320-200,VAR,4840,1640,2140.0,3390,2,2,0,0,0,0,0,1,5
PN-103052,72,ENGINE,AIRBUS,A321-200,YOK,5930,3860,,5930,5,1,0,2,0,0,1,2,11
PN-103053,30,ICE & RAIN PROTECTION,AIRBUS,A320-200,YOK,45490,27880,,6800,11,2,0,1,1,1,2,4,22
PN-103054,73,ENGINE FUEL AND CONTROL,BOEING,737-800,YOK,100,60,,50,3,0,0,2,0,1,0,2,8
PN-103055,34,NAVIGATION,BOEING,737 MAX 8,VAR,3120,1530,650.0,1060,4,2,2,0,0,0,1,1,10
PN-103056,73,ENGINE FUEL AND CONTROL,AIRBUS,A321-200,VAR,790,290,60.0,110,1,0,1,1,0,0,0,1,4
PN-103057,24,ELECTRICAL POWER,AIRBUS,A321-200,YOK,1820,930,,450,1,0,0,0,0,0,0,1,2
PN-103058,31,INDICATING / RECORDING SYSTEMS,BOEING,737-800,YOK,7850,2760,,2760,1,1,0,0,0,0,0,1,3
PN-103059,28,FUEL,AIRBUS,A320-200,VAR,6980,3500,1370.0,2180,19,4,7,1,7,3,3,4,48
PN-103060,27,FLIGHT CONTROLS,BOEING,777-300ER,YOK,520,220,,170,5,2,0,2,0,2,0,2,13
PN-103061,29,HYDRAULIC POWER,AIRBUS,A321-200,YOK,3940,1410,,290,4,1,0,2,1,0,1,2,11
PN-103062,30,ICE & RAIN PROTECTION,AIRBUS,A320-200,VAR,1260,710,480.0,800,1,1,0,0,0,0,0,0,2
PN-103063,24,ELECTRICAL POWER,AIRBUS,A320-200,YOK,10340,4210,,4390,9,2,0,1,3,1,0,2,18
PN-103064,71,POWER PLANT,BOEING,777-300ER,VAR,60120,33760,15200.0,27030,1,0,0,0,0,0,0,1,2
PN-103065,36,PNEUMATIC,AIRBUS,A320neo,YOK,7300,4440,,4770,1,0,0,0,0,0,0,0,1
PN-103066,74,IGNITION,BOEING,737-800,VAR,550,350,90.0,140,2,0,0,0,0,0,0,1,3
PN-103067,71,POWER PLANT,AIRBUS,A320-200,YOK,3180,1450,,1340,32,1,0,2,0,3,0,5,43
PN-103068,24,ELECTRICAL POWER,AIRBUS,A320neo,YOK,660,420,,180,11,1,0,5,4,13,0,11,45
PN-103069,22,AUTO FLIGHT,BOEING,737 MAX 8,VAR,310,170,80.0,120,2,0,0,0,0,1,0,1,4
PN-103070,31,INDICATING / RECORDING SYSTEMS,AIRBUS,A320-200,YOK,9760,5350,,9760,1,0,0,0,0,0,0,2,3
PN-103071,34,NAVIGATION,AIRBUS,A319-100,VAR,870,370,80.0,150,1,0,0,0,0,0,0,1,2
PN-103072,27,FLIGHT CONTROLS,AIRBUS,A330-200,VAR,1440,450,150.0,270,2,0,0,0,0,1,2,3,8
PN-103073,73,ENGINE FUEL AND CONTROL,BOEING,737 MAX 8,YOK,4900,1700,,600,4,2,0,1,0,0,1,1,9
PN-103074,49,AIRBORNE AUXILIARY POWER (APU),AIRBUS,A321-200,YOK,19830,8130,,7980,5,2,0,1,1,3,1,4,17
PN-103075,72,ENGINE,AIRBUS,A320-200,YOK,17960,7910,,1940,6,1,0,8,2,5,0,5,27
PN-103076,23,COMMUNICATIONS,BOEING,787-9,YOK,9050,3030,,1520,1,1,0,1,0,0,0,1,4
PN-103077,74,IGNITION,BOEING,737-800,VAR,330,240,90.0,150,3,1,0,0,0,1,0,2,7
PN-103078,26,FIRE PROTECTION,BOEING,737 MAX 8,YOK,1630,1040,,450,1,0,0,0,0,0,0,1,2
PN-103079,32,LANDING GEAR,BOEING,737-800,YOK,73510,42460,,30510,9,2,0,1,1,0,0,4,17
PN-103080,32,LANDING GEAR,BOEING,737-800,YOK,2840,740,,420,3,1,0,1,0,0,0,2,7
PN-103081,74,IGNITION,AIRBUS,A321-200,YOK,1160,530,,100,2,0,0,2,1,1,0,1,7
PN-103082,28,FUEL,AIRBUS,A321-200,VAR,800,390,200.0,320,4,1,1,1,0,0,0,2,9
PN-103083,27,FLIGHT CONTROLS,BOEING,737-800,YOK,13710,7700,,5970,3,0,0,1,0,0,2,2,8
PN-103084,29,HYDRAULIC POWER,BOEING,737-800,VAR,8080,2280,1320.0,2420,7,1,0,2,1,1,2,4,18
PN-103085,30,ICE & RAIN PROTECTION,BOEING,777-F,YOK,150,80,,50,1,0,0,0,0,0,0,0,1
PN-103086,25,EQUIPMENT / FURNISHINGS,AIRBUS,A330-300,VAR,9700,4820,1330.0,1980,1,1,0,0,0,0,0,0,2
PN-103087,25,EQUIPMENT / FURNISHINGS,AIRBUS,A321-200,VAR,2760,1240,610.0,1130,1,0,0,0,0,0,0,2,3
PN-103088,27,FLIGHT CONTROLS,AIRBUS,A321neo,VAR,5750,2730,1090.0,2140,1,0,0,0,0,0,0,1,2
PN-103089,34,NAVIGATION,AIRBUS,A350-900,YOK,860,210,,80,2,0,0,1,0,1,0,1,5
PN-103090,29,HYDRAULIC POWER,AIRBUS,A321neo,YOK,6960,1610,,1420,2,0,0,1,1,1,0,1,6
PN-103091,31,INDICATING / RECORDING SYSTEMS,BOEING,737-900ER,YOK,750,380,,200,5,0,0,8,2,1,1,2,19
PN-103092,71,POWER PLANT,AIRBUS,A330-300,YOK,100,50,,50,3,1,0,2,0,0,0,2,8
PN-103093,27,FLIGHT CONTROLS,AIRBUS,A319-100,YOK,210,110,,80,12,2,0,1,0,0,1,3,19
PN-103094,77,ENGINE INDICATING,AIRBUS,A330-300,YOK,14640,7470,,2710,2,2,0,1,1,0,1,1,8
PN-103095,72,ENGINE,AIRBUS,A350-900,YOK,2240,400,,100,4,0,0,1,1,0,0,1,7
PN-103096,25,EQUIPMENT / FURNISHINGS,BOEING,777-300ER,VAR,190,50,50.0,50,1,1,0,0,0,1,1,1,5
PN-103097,29,HYDRAULIC POWER,AIRBUS,A321neo,VAR,980,620,290.0,460,6,1,2,0,1,0,3,4,17
PN-103098,25,EQUIPMENT / FURNISHINGS,AIRBUS,A330-300,YOK,240,130,,100,5,1,0,0,1,2,1,3,13
PN-103099,28,FUEL,AIRBUS,A321neo,VAR,1910,820,330.0,450,2,1,1,1,0,0,0,1,6
PN-103100,30,ICE & RAIN PROTECTION,AIRBUS,A330-200,YOK,14030,9640,,5140,0,0,0,0,0,0,0,1,1
PN-103101,24,ELECTRICAL POWER,AIRBUS,A320-200,VAR,1380,580,120.0,190,1,0,0,0,1,0,0,0,2
PN-103102,21,AIR CONDITIONING,BOEING,777-300ER,VAR,3030,1510,300.0,480,3,1,0,1,0,0,0,1,6
PN-103103,32,LANDING GEAR,BOEING,777-300ER,YOK,10630,6830,,3840,1,0,0,0,0,0,0,0,1
PN-103104,71,POWER PLANT,AIRBUS,A330-300,YOK,5620,3810,,2040,8,2,0,8,4,4,0,11,37
PN-103105,28,FUEL,AIRBUS,A330-300,YOK,2110,640,,220,4,3,0,0,0,0,0,4,11
PN-103106,76,ENGINE CONTROLS,AIRBUS,A319-100,VAR,670,380,80.0,150,1,0,0,0,1,0,0,1,3
PN-103107,30,ICE & RAIN PROTECTION,AIRBUS,A330-300,YOK,360,140,,50,1,0,0,0,0,0,0,1,2
PN-103108,77,ENGINE INDICATING,AIRBUS,A321neo,VAR,740,290,230.0,310,7,2,2,0,0,0,0,4,15
PN-103109,27,FLIGHT CONTROLS,BOEING,737-800,VAR,200,90,50.0,50,2,0,0,0,0,0,0,1,3
PN-103110,36,PNEUMATIC,AIRBUS,A319-100,YOK,2290,590,,340,1,0,0,0,0,0,0,1,2
PN-103111,72,ENGINE,BOEING,737-800,YOK,5740,4280,,3320,2,0,0,2,0,0,0,2,6
PN-103112,22,AUTO FLIGHT,AIRBUS,A321-200,YOK,2050,980,,760,2,1,0,1,0,0,1,2,7
PN-103113,79,OIL,BOEING,737-800,YOK,260,80,,50,4,2,0,4,0,1,1,0,12
PN-103114,30,ICE & RAIN PROTECTION,AIRBUS,A350-900,VAR,21550,8140,3320.0,6120,4,2,2,1,0,1,1,4,15
PN-103115,34,NAVIGATION,AIRBUS,A320neo,YOK,3630,1400,,1340,8,1,0,2,0,0,3,3,17
PN-103116,52,DOORS,AIRBUS,A321neo,YOK,94970,60750,,54130,2,0,0,1,0,0,0,1,4
PN-103117,52,DOORS,BOEING,737 MAX 8,VAR,340,180,60.0,90,5,0,1,0,2,1,0,2,11
PN-103118,21,AIR CONDITIONING,AIRBUS,A350-900,YOK,7960,2600,,800,2,0,0,0,0,0,0,2,4
PN-103119,76,ENGINE CONTROLS,AIRBUS,A320-200,YOK,3560,2510,,2350,1,0,0,0,0,0,0,0,1
PN-103120,52,DOORS,AIRBUS,A321neo,YOK,3740,1250,,980,1,0,0,1,0,0,0,0,2
PN-103121,80,STARTING,AIRBUS,A321-200,VAR,1710,710,480.0,660,1,0,0,1,0,0,0,1,3
PN-103122,34,NAVIGATION,BOEING,737-800,VAR,141250,71580,19540.0,27970,1,1,0,0,1,0,0,1,4
PN-103123,49,AIRBORNE AUXILIARY POWER (APU),AIRBUS,A350-900,YOK,1440,1000,,670,1,0,0,1,0,0,0,1,3
PN-103124,32,LANDING GEAR,AIRBUS,A319-100,YOK,2070,1390,,940,2,0,0,1,1,0,2,1,7
PN-103125,77,ENGINE INDICATING,AIRBUS,A350-900,VAR,480,290,260.0,410,4,0,1,1,0,0,1,3,10
PN-103126,74,IGNITION,BOEING,737-800,YOK,13280,3630,,3170,6,1,0,2,0,5,0,7,21
PN-103127,77,ENGINE INDICATING,BOEING,737-900ER,YOK,790,210,,130,1,0,0,0,0,0,0,0,1
PN-103128,35,OXYGEN,AIRBUS,A319-100,YOK,4450,1380,,550,1,0,0,0,0,0,0,0,1
PN-103129,73,ENGINE FUEL AND CONTROL,AIRBUS,A321-200,YOK,12230,6570,,5550,1,0,0,1,0,1,0,1,4
PN-103130,30,ICE & RAIN PROTECTION,AIRBUS,A321neo,YOK,1960,680,,370,4,1,0,1,2,0,0,2,10
PN-103131,32,LANDING GEAR,AIRBUS,A320-200,YOK,4450,2560,,2380,3,1,0,1,0,0,1,3,9
PN-103132,72,ENGINE,AIRBUS,A321neo,YOK,5810,1720,,2560,2,0,0,2,1,0,0,1,6
PN-103133,23,COMMUNICATIONS,AIRBUS,A320-200,YOK,1930,820,,710,5,0,0,1,0,1,0,3,10
PN-103134,71,POWER PLANT,AIRBUS,A320-200,VAR,11090,7630,4640.0,7220,3,2,1,1,2,0,1,7,17
PN-103135,21,AIR CONDITIONING,BOEING,737-800,YOK,1970,680,,560,2,0,0,1,0,2,0,2,7
PN-103136,49,AIRBORNE AUXILIARY POWER (APU),AIRBUS,A320neo,YOK,4610,2070,,1580,1,0,0,0,1,0,1,1,4
PN-103137,34,NAVIGATION,BOEING,737-800,YOK,6480,2900,,1240,4,1,0,1,0,0,1,1,8
PN-103138,34,NAVIGATION,AIRBUS,A319-100,YOK,27700,11990,,9510,1,1,0,1,0,1,0,1,5
PN-103139,34,NAVIGATION,AIRBUS,A330-300,YOK,3920,1540,,540,3,0,0,0,0,1,0,1,5
PN-103140,34,NAVIGATION,AIRBUS,A321-200,VAR,4670,1980,1350.0,2670,2,0,1,0,0,0,0,1,4
PN-103141,31,INDICATING / RECORDING SYSTEMS,BOEING,737-900ER,YOK,1070,470,,370,5,1,0,5,0,1,0,2,14
PN-103142,32,LANDING GEAR,BOEING,737-900ER,YOK,6960,2570,,510,3,1,0,5,1,0,0,3,13
PN-103143,36,PNEUMATIC,AIRBUS,A321-200,YOK,4800,2020,,680,3,1,0,2,2,1,1,3,13
PN-103144,72,ENGINE,AIRBUS,A350-900,YOK,240,120,,90,14,4,0,9,1,4,1,6,39
PN-103145,36,PNEUMATIC,AIRBUS,A320neo,YOK,780,390,,170,2,2,0,1,0,0,1,2,8
PN-103146,52,DOORS,AIRBUS,A330-300,YOK,720,500,,250,1,0,0,1,0,0,1,0,3
PN-103147,74,IGNITION,AIRBUS,A320-200,YOK,2420,1160,,820,6,1,0,2,0,0,0,2,11
PN-103148,80,STARTING,AIRBUS,A321neo,YOK,3480,2090,,280,4,0,0,1,1,2,1,1,10
PN-103149,23,COMMUNICATIONS,AIRBUS,A320-200,VAR,110,80,50.0,50,20,6,4,4,6,0,2,12,54
PN-103150,71,POWER PLANT,BOEING,777-300ER,YOK,12970,5480,,1640,4,0,0,4,0,0,0,2,10
PN-103151,26,FIRE PROTECTION,AIRBUS,A321neo,YOK,1530,890,,780,3,1,0,2,0,0,0,1,7
PN-103152,26,FIRE PROTECTION,AIRBUS,A330-300,VAR,700,280,60.0,90,2,0,1,0,0,0,0,2,5
PN-103153,73,ENGINE FUEL AND CONTROL,AIRBUS,A321-200,VAR,940,590,450.0,620,4,0,0,1,1,0,0,1,7
PN-103154,22,AUTO FLIGHT,AIRBUS,A321-200,VAR,9890,5030,1790.0,2470,1,1,0,2,0,0,0,1,5
PN-103155,76,ENGINE CONTROLS,AIRBUS,A320neo,VAR,4640,3670,1720.0,3110,3,2,1,1,1,0,0,0,8
PN-103156,73,ENGINE FUEL AND CONTROL,BOEING,777-300ER,YOK,2800,730,,410,6,0,0,2,1,1,1,2,13
PN-103157,80,STARTING,BOEING,737-900ER,YOK,1660,650,,650,4,0,0,10,1,1,1,2,19
PN-103158,56,WINDOWS,AIRBUS,A320-200,VAR,100,50,50.0,50,2,1,0,0,0,1,0,1,5
PN-103159,76,ENGINE CONTROLS,BOEING,737-800,YOK,1980,500,,210,1,1,0,1,0,0,0,1,4
PN-103160,24,ELECTRICAL POWER,AIRBUS,A321neo,YOK,1230,400,,570,1,1,0,2,0,0,1,1,6
PN-103161,77,ENGINE INDICATING,AIRBUS,A319-100,YOK,760,380,,210,1,0,0,1,0,0,0,0,2
PN-103162,25,EQUIPMENT / FURNISHINGS,AIRBUS,A330-200,YOK,650,80,,50,4,4,0,2,1,2,0,7,20
PN-103163,29,HYDRAULIC POWER,AIRBUS,A320-200,YOK,5580,3360,,1100,1,1,0,1,0,1,0,1,5
PN-103164,24,ELECTRICAL POWER,AIRBUS,A320neo,VAR,8490,3470,1030.0,1790,8,3,0,0,1,3,1,3,19
PN-103165,31,INDICATING / RECORDING SYSTEMS,BOEING,737-800,YOK,320,200,,50,2,0,0,2,1,1,1,1,8
PN-103166,72,ENGINE,AIRBUS,A320neo,YOK,340,100,,60,7,1,0,2,2,0,2,2,16
PN-103167,27,FLIGHT CONTROLS,BOEING,777-300ER,VAR,8950,4490,1920.0,3530,2,1,1,1,0,0,0,2,7
PN-103168,74,IGNITION,BOEING,737-800,YOK,970,250,,110,1,0,0,1,0,0,0,0,2
PN-103169,49,AIRBORNE AUXILIARY POWER (APU),BOEING,737 MAX 8,YOK,6060,3460,,4900,1,0,0,1,0,0,0,1,3
PN-103170,52,DOORS,AIRBUS,A350-900,YOK,10790,7820,,4960,12,1,0,3,1,0,3,1,21
PN-103171,79,OIL,BOEING,737 MAX 8,YOK,4130,790,,470,3,0,0,1,1,0,0,2,7
PN-103172,32,LANDING GEAR,AIRBUS,A321-200,YOK,7910,2900,,1080,14,3,0,4,1,0,0,6,28
PN-103173,29,HYDRAULIC POWER,AIRBUS,A330-300,VAR,20020,12750,12060.0,17730,9,4,1,3,4,4,1,5,31
PN-103174,80,STARTING,AIRBUS,A330-200,YOK,1540,850,,940,1,1,0,1,0,0,0,2,5
PN-103175,36,PNEUMATIC,BOEING,777-300ER,VAR,1240,600,170.0,270,2,1,1,1,1,0,0,2,8
PN-103176,49,AIRBORNE AUXILIARY POWER (APU),AIRBUS,A320-200,YOK,720,360,,150,4,0,0,1,1,1,0,1,8
PN-103177,28,FUEL,AIRBUS,A330-300,YOK,25430,16520,,10920,1,0,0,0,0,0,0,1,2
PN-103178,26,FIRE PROTECTION,BOEING,737-800,VAR,2520,1410,620.0,1090,2,0,1,0,0,0,0,0,3
PN-103179,25,EQUIPMENT / FURNISHINGS,AIRBUS,A321-200,YOK,7520,1990,,1070,2,1,0,2,1,1,0,1,8
PN-103180,26,FIRE PROTECTION,BOEING,737 MAX 8,VAR,300,120,160.0,270,1,0,0,0,1,0,0,0,2
PN-103181,26,FIRE PROTECTION,AIRBUS,A321-200,YOK,8750,4410,,1130,1,1,0,1,0,0,0,0,3
PN-103182,72,ENGINE,AIRBUS,A320-200,VAR,12030,3460,5150.0,7730,3,1,1,0,1,1,0,3,10
PN-103183,22,AUTO FLIGHT,AIRBUS,A330-300,VAR,3880,2260,880.0,1360,11,12,1,5,1,0,6,3,39
PN-103184,52,DOORS,AIRBUS,A321neo,VAR,10790,6370,1990.0,3460,0,0,0,1,0,0,0,0,1
PN-103185,79,OIL,AIRBUS,A319-100,YOK,31230,10010,,5630,2,1,0,1,1,0,1,4,10
PN-103186,72,ENGINE,AIRBUS,A320-200,YOK,4300,2370,,800,3,0,0,2,0,1,0,3,9
PN-103187,31,INDICATING / RECORDING SYSTEMS,AIRBUS,A320neo,YOK,4560,2330,,1220,2,0,0,0,0,1,0,0,3
PN-103188,22,AUTO FLIGHT,BOEING,737-900ER,VAR,12440,7890,1380.0,2380,2,0,0,0,1,1,0,1,5
PN-103189,74,IGNITION,BOEING,777-300ER,YOK,1770,870,,310,2,1,0,1,0,0,1,3,8
PN-103190,21,AIR CONDITIONING,AIRBUS,A330-300,VAR,4520,1610,550.0,810,6,2,1,1,2,0,0,2,14
PN-103191,56,WINDOWS,AIRBUS,A320-200,VAR,770,430,350.0,470,2,0,0,1,0,0,0,1,4
PN-103192,56,WINDOWS,AIRBUS,A330-200,VAR,4400,620,100.0,150,1,1,2,0,3,0,0,3,10
PN-103193,25,EQUIPMENT / FURNISHINGS,BOEING,737 MAX 8,VAR,7960,4150,1320.0,1630,6,2,1,0,0,2,2,1,14
PN-103194,72,ENGINE,BOEING,737-800,YOK,3350,1810,,630,10,5,0,4,2,0,1,3,25
PN-103195,25,EQUIPMENT / FURNISHINGS,AIRBUS,A321-200,YOK,2580,760,,150,1,0,0,1,0,0,0,1,3
PN-103196,26,FIRE PROTECTION,AIRBUS,A320-200,VAR,20090,7670,4490.0,7660,2,2,1,0,0,0,0,1,6
PN-103197,74,IGNITION,BOEING,777-300ER,YOK,4220,2040,,550,2,1,0,1,1,0,0,2,7
PN-103198,80,STARTING,BOEING,737 MAX 8,YOK,720,330,,320,1,1,0,1,0,0,0,0,3
PN-103199,27,FLIGHT CONTROLS,AIRBUS,A319-100,YOK,2260,710,,480,1,0,0,1,0,0,0,0,2
PN-103200,77,ENGINE INDICATING,BOEING,737 MAX 8,YOK,880,380,,130,1,0,0,0,0,0,0,0,1
PN-103201,77,ENGINE INDICATING,AIRBUS,A320-200,YOK,720,210,,120,3,1,0,1,0,0,0,1,6
PN-103202,73,ENGINE FUEL AND CONTROL,AIRBUS,A320-200,YOK,430,190,,120,2,4,0,2,0,0,0,3,11
PN-103203,24,ELECTRICAL POWER,BOEING,737-800,VAR,650,210,90.0,160,1,0,1,0,0,0,0,1,3
PN-103204,28,FUEL,AIRBUS,A330-200,YOK,2080,1050,,1060,4,1,0,4,2,5,0,1,17
PN-103205,56,WINDOWS,AIRBUS,A321neo,YOK,3110,1480,,2280,1,0,0,2,0,0,0,1,4
PN-103206,80,STARTING,BOEING,777-300ER,YOK,720,350,,360,9,3,0,4,0,1,1,4,22
PN-103207,74,IGNITION,BOEING,737 MAX 8,YOK,1870,1180,,360,1,0,0,1,1,1,0,2,6
PN-103208,31,INDICATING / RECORDING SYSTEMS,AIRBUS,A319-100,YOK,4580,2810,,1860,1,0,0,1,0,0,0,0,2
PN-103209,27,FLIGHT CONTROLS,AIRBUS,A350-900,YOK,14340,6640,,5340,2,2,0,3,0,1,0,3,11
PN-103210,79,OIL,BOEING,737-900ER,YOK,2480,820,,1250,2,3,0,2,1,0,2,2,12
PN-103211,28,FUEL,AIRBUS,A330-300,YOK,6330,2280,,3230,1,0,0,1,0,1,0,1,4
PN-103212,29,HYDRAULIC POWER,BOEING,787-9,YOK,10260,3970,,780,0,0,0,0,1,0,0,1,2
PN-103213,80,STARTING,BOEING,737-800,YOK,2000,840,,360,2,1,0,2,1,0,0,1,7
PN-103214,36,PNEUMATIC,AIRBUS,A320-200,YOK,1330,520,,130,1,0,0,0,0,0,0,1,2
PN-103215,27,FLIGHT CONTROLS,AIRBUS,A320neo,VAR,2080,560,140.0,170,5,2,1,1,3,2,1,5,20
PN-103216,21,AIR CONDITIONING,BOEING,737 MAX 8,YOK,1490,760,,280,2,0,0,2,0,0,0,1,5
PN-103217,32,LANDING GEAR,BOEING,787-9,VAR,10860,2810,950.0,1250,20,3,1,2,6,3,7,7,49
PN-103218,80,STARTING,AIRBUS,A320-200,YOK,8690,3580,,2190,0,1,0,0,0,0,0,0,1
PN-103219,32,LANDING GEAR,AIRBUS,A320-200,YOK,13170,3940,,1580,6,0,0,2,0,0,1,3,12
PN-103220,71,POWER PLANT,BOEING,737-900ER,YOK,640,480,,60,9,3,0,8,2,1,0,4,27
PN-103221,27,FLIGHT CONTROLS,AIRBUS,A320-200,YOK,650,390,,370,1,1,0,1,0,0,0,0,3
PN-103222,73,ENGINE FUEL AND CONTROL,AIRBUS,A320-200,YOK,9970,6090,,3490,3,1,0,1,0,0,0,2,7
PN-103223,73,ENGINE FUEL AND CONTROL,BOEING,777-300ER,YOK,9730,2920,,2030,2,1,0,0,1,1,0,1,6
PN-103224,49,AIRBORNE AUXILIARY POWER (APU),BOEING,737-900ER,YOK,10060,3280,,940,1,0,0,1,0,0,1,1,4
PN-103225,73,ENGINE FUEL AND CONTROL,BOEING,777-300ER,YOK,340,130,,50,4,0,0,2,1,1,1,1,10
PN-103226,49,AIRBORNE AUXILIARY POWER (APU),BOEING,737-800,YOK,2760,1400,,560,1,1,0,1,0,0,0,0,3
PN-103227,30,ICE & RAIN PROTECTION,AIRBUS,A321-200,VAR,760,410,130.0,180,2,0,1,0,1,0,0,1,5
PN-103228,72,ENGINE,BOEING,777-300ER,YOK,9610,1570,,630,4,2,0,4,2,2,1,4,19
PN-103229,74,IGNITION,AIRBUS,A321-200,YOK,1000,450,,290,1,1,0,1,0,0,1,0,4
PN-103230,74,IGNITION,AIRBUS,A320neo,YOK,1360,400,,340,1,0,0,0,0,0,0,1,2
PN-103231,26,FIRE PROTECTION,BOEING,777-300ER,YOK,830,400,,130,1,2,0,1,0,0,1,4,9
PN-103232,56,WINDOWS,BOEING,737-800,VAR,8880,3260,1380.0,2570,2,1,0,1,0,1,0,2,7
PN-103233,21,AIR CONDITIONING,BOEING,777-300ER,YOK,3790,1190,,670,2,0,0,0,0,0,1,0,3
PN-103234,36,PNEUMATIC,AIRBUS,A320-200,YOK,440,300,,440,1,0,0,0,0,0,0,1,2
PN-103235,36,PNEUMATIC,BOEING,777-F,VAR,15700,5740,5250.0,9390,0,1,0,0,0,0,0,1,2
PN-103236,30,ICE & RAIN PROTECTION,AIRBUS,A350-900,VAR,6030,3030,870.0,1450,3,1,0,1,0,0,1,2,8
PN-103237,80,STARTING,BOEING,737-800,YOK,21080,9920,,6250,2,0,0,3,1,0,1,2,9
PN-103238,76,ENGINE CONTROLS,BOEING,777-300ER,YOK,1010,470,,400,4,3,0,2,1,1,0,1,12
PN-103239,22,AUTO FLIGHT,AIRBUS,A321-200,YOK,12310,6720,,1530,2,0,0,0,1,0,0,1,4
PN-103240,26,FIRE PROTECTION,BOEING,737-800,YOK,3890,1470,,430,0,0,0,1,0,0,0,1,2
PN-103241,26,FIRE PROTECTION,BOEING,737-800,YOK,380,180,,110,4,0,0,1,1,0,0,2,8
PN-103242,77,ENGINE INDICATING,BOEING,737-900ER,YOK,1200,430,,110,1,0,0,1,0,0,1,1,4
PN-103243,35,OXYGEN,BOEING,777-300ER,YOK,420,180,,280,1,1,0,1,0,0,0,1,4
PN-103244,71,POWER PLANT,BOEING,737-800,YOK,2360,1550,,1480,1,0,0,1,0,0,0,0,2
PN-103245,74,IGNITION,AIRBUS,A320-200,VAR,2230,1320,880.0,1110,1,0,0,0,1,0,0,1,3
PN-103246,72,ENGINE,AIRBUS,A320-200,YOK,9570,7300,,9570,11,2,0,4,1,1,3,7,29
PN-103247,23,COMMUNICATIONS,BOEING,777-F,VAR,11500,3530,1760.0,3080,1,0,0,0,0,0,1,1,3
PN-103248,24,ELECTRICAL POWER,BOEING,787-9,VAR,310,180,70.0,90,5,2,2,2,1,1,2,2,17
PN-103249,31,INDICATING / RECORDING SYSTEMS,BOEING,787-9,VAR,770,390,80.0,140,1,0,0,0,0,0,0,0,1
PN-103250,29,HYDRAULIC POWER,AIRBUS,A319-100,YOK,2740,2150,,680,2,0,0,1,1,0,0,1,5
PN-103251,72,ENGINE,AIRBUS,A321-200,YOK,5200,2860,,1640,4,2,0,1,0,0,1,2,10
PN-103252,25,EQUIPMENT / FURNISHINGS,BOEING,737-800,VAR,4640,2390,300.0,570,8,1,4,4,1,1,1,1,21
PN-103253,30,ICE & RAIN PROTECTION,BOEING,737-800,VAR,2530,1770,610.0,910,0,1,0,0,0,0,0,1,2
PN-103254,27,FLIGHT CONTROLS,AIRBUS,A320-200,VAR,290,120,70.0,100,5,0,3,1,1,1,0,2,13
PN-103255,25,EQUIPMENT / FURNISHINGS,AIRBUS,A350-900,YOK,1050,480,,300,4,0,0,2,0,1,1,3,11
PN-103256,25,EQUIPMENT / FURNISHINGS,AIRBUS,A320-200,VAR,2020,1120,420.0,550,1,0,0,0,0,0,0,1,2
PN-103257,26,FIRE PROTECTION,AIRBUS,A330-200,VAR,250,100,50.0,70,1,0,0,0,1,1,0,0,3
PN-103258,36,PNEUMATIC,AIRBUS,A320neo,VAR,3990,1690,600.0,790,3,0,0,1,0,1,0,1,6
PN-103259,31,INDICATING / RECORDING SYSTEMS,AIRBUS,A319-100,YOK,16260,7530,,3070,0,0,0,0,0,0,1,1,2
PN-103260,32,LANDING GEAR,AIRBUS,A320-200,YOK,32330,13970,,2490,3,1,0,1,0,1,0,1,7
PN-103261,34,NAVIGATION,BOEING,777-300ER,YOK,1980,1010,,600,5,1,0,4,4,1,1,5,21
PN-103262,72,ENGINE,BOEING,737-800,YOK,15830,9560,,5250,4,4,0,3,0,0,1,7,19
PN-103263,76,ENGINE CONTROLS,BOEING,777-300ER,VAR,66870,9640,3110.0,4620,3,0,0,0,1,0,1,0,5
PN-103264,35,OXYGEN,AIRBUS,A321neo,VAR,1220,280,90.0,170,2,1,0,0,0,0,0,1,4
PN-103265,52,DOORS,AIRBUS,A321neo,VAR,3780,1340,390.0,650,1,0,1,0,0,1,1,3,7
PN-103266,72,ENGINE,AIRBUS,A321-200,YOK,19220,6840,,7210,11,3,0,3,2,1,0,4,24
PN-103267,56,WINDOWS,AIRBUS,A350-900,VAR,1340,740,230.0,300,1,0,0,0,0,0,0,1,2
PN-103268,24,ELECTRICAL POWER,AIRBUS,A321-200,YOK,4460,1490,,1120,9,7,0,6,1,2,0,7,32
PN-103269,80,STARTING,BOEING,737-800,YOK,28850,11740,,7380,10,3,0,4,0,1,2,2,22
PN-103270,25,EQUIPMENT / FURNISHINGS,BOEING,737-900ER,VAR,5480,1530,1200.0,1600,1,1,1,1,1,0,0,3,8
PN-103271,31,INDICATING / RECORDING SYSTEMS,BOEING,737 MAX 8,VAR,890,220,50.0,70,1,1,0,0,0,0,0,1,3
PN-103272,52,DOORS,AIRBUS,A320neo,YOK,640,490,,240,1,0,0,0,0,0,0,1,2
PN-103273,31,INDICATING / RECORDING SYSTEMS,AIRBUS,A330-200,YOK,540,170,,160,2,0,0,1,0,0,0,1,4
PN-103274,27,FLIGHT CONTROLS,AIRBUS,A320neo,VAR,37460,14350,3930.0,8470,2,0,1,0,1,1,1,2,8
PN-103275,79,OIL,AIRBUS,A319-100,YOK,2380,1800,,890,1,0,0,0,0,0,0,0,1
PN-103276,22,AUTO FLIGHT,BOEING,737-800,YOK,1490,930,,420,2,1,0,1,2,0,2,1,9
PN-103277,27,FLIGHT CONTROLS,AIRBUS,A330-300,YOK,4220,2640,,1750,13,3,0,2,1,0,1,4,24
PN-103278,80,STARTING,BOEING,737-800,YOK,14080,9190,,1220,3,1,0,2,2,1,0,2,11
PN-103279,71,POWER PLANT,AIRBUS,A320-200,YOK,8270,1780,,920,1,0,0,1,0,1,1,0,4
PN-103280,23,COMMUNICATIONS,BOEING,787-9,YOK,5410,1620,,2190,2,0,0,0,0,0,1,0,3
PN-103281,72,ENGINE,BOEING,787-9,YOK,16180,8320,,3020,2,3,0,2,0,3,0,5,15
PN-103282,80,STARTING,AIRBUS,A321neo,YOK,3080,730,,720,2,1,0,2,0,0,0,1,6
PN-103283,23,COMMUNICATIONS,BOEING,737 MAX 8,YOK,290,110,,50,3,0,0,2,1,0,0,2,8
PN-103284,31,INDICATING / RECORDING SYSTEMS,AIRBUS,A320neo,VAR,470,250,130.0,210,5,1,0,2,1,0,0,1,10
PN-103285,34,NAVIGATION,BOEING,737-800,YOK,18370,5290,,2410,5,3,0,5,2,0,1,2,18
PN-103286,24,ELECTRICAL POWER,BOEING,737 MAX 8,VAR,5610,2130,690.0,1410,1,0,0,1,0,0,0,1,3
PN-103287,26,FIRE PROTECTION,BOEING,737 MAX 8,YOK,230,80,,50,1,1,0,1,0,0,0,2,5
PN-103288,25,EQUIPMENT / FURNISHINGS,BOEING,737 MAX 8,VAR,6070,3240,2010.0,2940,1,0,0,0,0,1,0,1,3
PN-103289,25,EQUIPMENT / FURNISHINGS,AIRBUS,A321neo,YOK,220,60,,50,1,1,0,1,0,0,0,1,4
PN-103290,31,INDICATING / RECORDING SYSTEMS,BOEING,737 MAX 8,YOK,4610,2570,,1300,8,1,0,1,1,0,0,2,13
PN-103291,34,NAVIGATION,BOEING,737-800,YOK,1800,1250,,920,6,1,0,1,2,1,2,3,16
PN-103292,27,FLIGHT CONTROLS,AIRBUS,A320-200,YOK,550,230,,290,8,4,0,5,2,0,0,7,26
PN-103293,28,FUEL,AIRBUS,A320-200,VAR,10060,7470,1600.0,2570,3,1,1,2,1,0,1,1,10
PN-103294,25,EQUIPMENT / FURNISHINGS,BOEING,737-900ER,VAR,1160,610,530.0,870,1,0,0,1,1,0,0,1,4
PN-103295,73,ENGINE FUEL AND CONTROL,AIRBUS,A350-900,VAR,5140,3660,2100.0,4090,4,0,1,0,0,0,0,1,6
PN-103296,26,FIRE PROTECTION,AIRBUS,A330-200,VAR,4190,2060,450.0,880,1,0,0,0,0,0,0,0,1
PN-103297,77,ENGINE INDICATING,BOEING,777-300ER,YOK,2210,450,,440,6,0,0,3,1,6,2,2,20
PN-103298,36,PNEUMATIC,BOEING,737-800,YOK,1160,630,,260,2,0,0,1,0,0,0,1,4
PN-103299,73,ENGINE FUEL AND CONTROL,AIRBUS,A321-200,YOK,970,570,,970,4,3,0,3,0,0,1,2,13
PN-103300,52,DOORS,AIRBUS,A321neo,VAR,500,180,50.0,50,3,1,0,0,0,1,1,2,8
PN-103301,27,FLIGHT CONTROLS,AIRBUS,A350-900,VAR,1400,550,280.0,520,1,0,0,0,0,0,1,0,2
PN-103302,49,AIRBORNE AUXILIARY POWER (APU),BOEING,737-900ER,VAR,100,50,50.0,50,2,0,1,1,0,0,0,0,4
PN-103303,28,FUEL,AIRBUS,A330-300,YOK,10650,5050,,2160,11,1,0,6,4,1,1,3,27
PN-103304,24,ELECTRICAL POWER,AIRBUS,A330-200,VAR,1920,630,670.0,1050,4,1,1,1,2,0,0,2,11
PN-103305,27,FLIGHT CONTROLS,BOEING,737-800,YOK,670,300,,200,2,0,0,0,1,0,0,1,4
PN-103306,28,FUEL,BOEING,737-800,VAR,31910,17740,4230.0,6960,3,0,0,1,0,0,1,1,6
PN-103307,24,ELECTRICAL POWER,BOEING,737 MAX 8,YOK,4170,2980,,2090,5,1,0,8,2,1,0,5,22
PN-103308,21,AIR CONDITIONING,AIRBUS,A320-200,YOK,22430,16810,,22430,6,1,0,3,1,0,1,5,17
PN-103309,79,OIL,BOEING,737-800,VAR,98800,48110,20210.0,28720,1,0,0,0,0,0,0,1,2
PN-103310,35,OXYGEN,AIRBUS,A330-200,YOK,2410,1120,,1000,6,1,0,3,0,1,0,5,16
PN-103311,31,INDICATING / RECORDING SYSTEMS,AIRBUS,A320-200,YOK,720,200,,160,9,1,0,1,0,0,1,2,14
PN-103312,79,OIL,BOEING,737-800,VAR,100,50,50.0,50,1,1,1,1,0,0,0,2,6
PN-103313,26,FIRE PROTECTION,BOEING,737-800,VAR,1140,580,440.0,760,1,0,0,0,0,0,0,0,1
PN-103314,31,INDICATING / RECORDING SYSTEMS,AIRBUS,A330-200,YOK,2350,1040,,710,5,2,0,5,1,0,0,2,15
PN-103315,76,ENGINE CONTROLS,BOEING,737-900ER,YOK,780,350,,290,4,1,0,0,1,1,1,1,9
PN-103316,52,DOORS,AIRBUS,A321-200,YOK,32290,10400,,3230,0,1,0,0,0,0,0,0,1
PN-103317,31,INDICATING / RECORDING SYSTEMS,AIRBUS,A320neo,VAR,2710,800,320.0,620,1,1,1,1,0,0,0,1,5
PN-103318,27,FLIGHT CONTROLS,AIRBUS,A321-200,YOK,700,220,,150,42,11,0,27,7,4,2,30,123
PN-103319,21,AIR CONDITIONING,AIRBUS,A321neo,YOK,49200,22950,,41510,1,1,0,2,1,0,0,2,7
PN-103320,23,COMMUNICATIONS,BOEING,737-800,YOK,4360,760,,680,1,0,0,1,0,0,0,1,3
PN-103321,25,EQUIPMENT / FURNISHINGS,BOEING,737 MAX 8,VAR,1740,580,50.0,80,1,0,0,0,0,0,0,1,2
PN-103322,73,ENGINE FUEL AND CONTROL,BOEING,737-800,YOK,1000,700,,280,18,1,0,7,3,3,1,7,40
PN-103323,52,DOORS,AIRBUS,A320-200,YOK,360,240,,230,5,0,0,1,0,1,0,2,9
PN-103324,32,LANDING GEAR,AIRBUS,A321-200,YOK,34950,22150,,14380,12,1,0,5,3,1,3,12,37
PN-103325,73,ENGINE FUEL AND CONTROL,AIRBUS,A320-200,VAR,260,90,50.0,50,3,1,1,2,1,0,0,2,10
PN-103326,25,EQUIPMENT / FURNISHINGS,BOEING,737-800,VAR,15560,6450,2140.0,3790,4,0,0,0,5,0,2,3,14
PN-103327,26,FIRE PROTECTION,AIRBUS,A320neo,VAR,1420,960,570.0,960,1,0,0,0,1,0,0,0,2
PN-103328,31,INDICATING / RECORDING SYSTEMS,AIRBUS,A330-200,YOK,1510,980,,630,3,1,0,3,0,0,0,0,7
PN-103329,77,ENGINE INDICATING,BOEING,737-900ER,YOK,12440,3540,,2790,5,1,0,1,0,0,0,1,8
PN-103330,49,AIRBORNE AUXILIARY POWER (APU),BOEING,737-800,YOK,4000,2650,,2190,8,1,0,3,2,3,1,10,28
PN-103331,76,ENGINE CONTROLS,AIRBUS,A321-200,YOK,230,130,,60,3,2,0,1,1,0,0,1,8
PN-103332,27,FLIGHT CONTROLS,AIRBUS,A321-200,YOK,5530,2680,,1930,1,0,0,0,1,1,0,1,4
PN-103333,76,ENGINE CONTROLS,BOEING,737-800,YOK,2700,580,,320,1,1,0,2,0,0,1,1,6
PN-103334,22,AUTO FLIGHT,AIRBUS,A330-300,VAR,5070,2290,1100.0,1580,0,0,0,0,0,0,1,0,1
PN-103335,26,FIRE PROTECTION,AIRBUS,A320-200,VAR,560,190,110.0,180,1,0,0,0,0,0,0,0,1
PN-103336,35,OXYGEN,BOEING,737 MAX 8,YOK,700,350,,220,4,1,0,1,0,0,1,1,8
PN-103337,22,AUTO FLIGHT,AIRBUS,A330-200,YOK,610,250,,310,1,1,0,1,0,0,0,1,4
PN-103338,76,ENGINE CONTROLS,AIRBUS,A321neo,YOK,3320,1570,,1220,1,1,0,1,1,0,0,1,5
PN-103339,76,ENGINE CONTROLS,AIRBUS,A320neo,YOK,890,660,,310,6,1,0,2,1,0,1,1,12
PN-103340,36,PNEUMATIC,AIRBUS,A321-200,VAR,1000,320,80.0,120,8,2,2,1,3,0,0,2,18
PN-103341,28,FUEL,AIRBUS,A321-200,YOK,14310,7940,,5740,4,0,0,1,1,0,2,3,11
PN-103342,23,COMMUNICATIONS,AIRBUS,A320neo,YOK,810,440,,530,8,4,0,8,0,5,0,4,29
PN-103343,52,DOORS,AIRBUS,A330-300,VAR,2860,1740,540.0,910,3,1,0,0,1,0,1,1,7
PN-103344,35,OXYGEN,AIRBUS,A321neo,VAR,2200,1090,160.0,240,1,1,1,0,0,1,0,1,5
PN-103345,72,ENGINE,BOEING,777-300ER,YOK,28020,6340,,5240,7,2,0,3,1,0,1,1,15
PN-103346,49,AIRBORNE AUXILIARY POWER (APU),BOEING,777-F,YOK,11490,2450,,730,2,0,0,1,0,0,0,0,3
PN-103347,24,ELECTRICAL POWER,AIRBUS,A320neo,VAR,100,50,50.0,50,7,1,0,1,3,1,0,6,19
PN-103348,24,ELECTRICAL POWER,AIRBUS,A320-200,VAR,9650,5810,1750.0,2980,1,0,0,0,0,0,0,0,1
PN-103349,73,ENGINE FUEL AND CONTROL,BOEING,737-900ER,YOK,100,50,,50,3,0,0,1,0,0,0,1,5
PN-103350,25,EQUIPMENT / FURNISHINGS,BOEING,787-9,YOK,12180,5420,,5490,2,1,0,0,0,0,1,1,5
PN-103351,79,OIL,BOEING,737 MAX 8,YOK,2640,210,,280,1,0,0,1,0,0,0,1,3
PN-103352,23,COMMUNICATIONS,AIRBUS,A319-100,VAR,6320,4050,2970.0,4870,1,0,0,1,0,0,0,1,3
PN-103353,71,POWER PLANT,AIRBUS,A320neo,YOK,1720,410,,100,13,7,0,3,1,3,3,9,39
PN-103354,80,STARTING,AIRBUS,A319-100,YOK,1560,1310,,390,4,6,0,2,0,1,2,3,18
PN-103355,32,LANDING GEAR,BOEING,737 MAX 8,VAR,910,250,70.0,100,2,1,1,0,1,0,0,1,6
PN-103356,22,AUTO FLIGHT,AIRBUS,A330-300,VAR,680,60,50.0,50,2,1,1,0,0,0,0,0,4
PN-103357,76,ENGINE CONTROLS,AIRBUS,A330-200,YOK,7460,3450,,1100,1,0,0,0,0,0,0,1,2
PN-103358,25,EQUIPMENT / FURNISHINGS,AIRBUS,A330-300,YOK,190,50,,110,2,0,0,1,1,0,0,4,8
PN-103359,35,OXYGEN,AIRBUS,A320neo,VAR,2860,1090,290.0,500,1,1,0,0,0,0,0,1,3
PN-103360,80,STARTING,AIRBUS,A350-900,YOK,6340,1050,,390,0,0,0,0,0,1,0,0,1
PN-103361,72,ENGINE,AIRBUS,A319-100,YOK,8100,1960,,1140,5,1,0,2,1,0,1,3,13
PN-103362,22,AUTO FLIGHT,BOEING,737-800,YOK,4000,520,,900,5,1,0,1,0,1,0,1,9
PN-103363,74,IGNITION,BOEING,737-800,YOK,4070,1450,,1090,3,0,0,2,1,0,1,4,11
PN-103364,25,EQUIPMENT / FURNISHINGS,BOEING,737-800,VAR,1340,620,220.0,340,1,1,1,0,0,0,0,1,4
PN-103365,72,ENGINE,AIRBUS,A321-200,YOK,14050,6600,,9020,4,0,0,0,1,1,0,2,8
PN-103366,52,DOORS,BOEING,737 MAX 8,VAR,8930,2070,500.0,880,10,1,3,0,3,2,2,5,26
PN-103367,28,FUEL,BOEING,737-800,YOK,3600,2770,,3240,3,1,0,1,0,1,0,1,7
PN-103368,32,LANDING GEAR,AIRBUS,A320-200,YOK,1100,540,,600,3,5,0,4,2,1,2,3,20
PN-103369,24,ELECTRICAL POWER,AIRBUS,A320neo,YOK,950,470,,260,1,0,0,1,0,1,0,2,5
PN-103370,80,STARTING,AIRBUS,A350-900,VAR,6930,2980,2180.0,2760,3,1,1,0,1,2,1,3,12
PN-103371,27,FLIGHT CONTROLS,AIRBUS,A321-200,YOK,1020,640,,650,1,1,0,0,0,0,0,0,2
PN-103372,29,HYDRAULIC POWER,AIRBUS,A320-200,VAR,220,60,50.0,50,2,1,0,0,1,0,0,2,6
PN-103373,35,OXYGEN,AIRBUS,A320-200,YOK,1210,330,,100,1,0,0,0,0,0,0,0,1
PN-103374,56,WINDOWS,AIRBUS,A320-200,VAR,490,250,110.0,200,1,0,0,0,0,0,0,1,2
PN-103375,35,OXYGEN,AIRBUS,A321neo,YOK,3710,2430,,1880,4,0,0,2,1,2,0,2,11
PN-103376,35,OXYGEN,AIRBUS,A350-900,VAR,7950,2660,1360.0,1920,1,0,0,0,1,0,0,0,2
PN-103377,49,AIRBORNE AUXILIARY POWER (APU),AIRBUS,A320-200,YOK,2230,1060,,550,3,3,0,4,0,0,1,4,15
PN-103378,76,ENGINE CONTROLS,BOEING,737-800,YOK,1230,790,,530,6,7,0,2,3,1,2,2,23
PN-103379,31,INDICATING / RECORDING SYSTEMS,AIRBUS,A321-200,YOK,6250,1580,,3740,1,1,0,1,1,0,1,1,6
PN-103380,74,IGNITION,AIRBUS,A321-200,YOK,6640,3560,,1090,2,3,0,1,1,2,1,1,11
PN-103381,73,ENGINE FUEL AND CONTROL,AIRBUS,A320neo,YOK,17850,3220,,3350,5,1,0,4,0,0,0,3,13
PN-103382,79,OIL,BOEING,737-900ER,YOK,1990,550,,440,3,1,0,1,0,0,1,1,7
PN-103383,77,ENGINE INDICATING,BOEING,777-F,VAR,4600,1940,670.0,1090,3,3,0,1,1,1,1,2,12
PN-103384,73,ENGINE FUEL AND CONTROL,AIRBUS,A330-200,YOK,2510,580,,270,11,4,0,7,3,3,3,12,43
PN-103385,27,FLIGHT CONTROLS,AIRBUS,A319-100,VAR,1160,450,310.0,420,2,0,0,0,0,0,1,1,4
PN-103386,73,ENGINE FUEL AND CONTROL,AIRBUS,A320neo,YOK,680,550,,290,0,0,0,1,1,0,0,1,3
PN-103387,72,ENGINE,AIRBUS,A320-200,YOK,6620,5080,,4510,2,0,0,0,0,1,0,2,5
PN-103388,28,FUEL,BOEING,737 MAX 8,VAR,1300,490,320.0,500,4,0,1,2,2,5,1,1,16
PN-103389,56,WINDOWS,AIRBUS,A320-200,YOK,990,670,,460,4,1,0,2,0,1,0,2,10
PN-103390,27,FLIGHT CONTROLS,BOEING,787-9,YOK,52680,24820,,13370,2,1,0,1,0,0,0,1,5
PN-103391,35,OXYGEN,AIRBUS,A330-300,YOK,3500,1180,,800,1,0,0,0,0,0,0,0,1
PN-103392,73,ENGINE FUEL AND CONTROL,AIRBUS,A330-200,YOK,1630,300,,140,1,0,0,1,1,0,0,1,4
PN-103393,25,EQUIPMENT / FURNISHINGS,BOEING,737 MAX 8,VAR,17960,7820,2440.0,4170,3,0,1,0,0,1,0,2,7
PN-103394,29,HYDRAULIC POWER,AIRBUS,A319-100,VAR,3470,830,500.0,970,3,1,1,0,0,1,0,2,8
PN-103395,73,ENGINE FUEL AND CONTROL,BOEING,737-900ER,YOK,2590,610,,160,2,1,0,1,0,0,2,4,10
PN-103396,32,LANDING GEAR,AIRBUS,A320-200,YOK,2450,1720,,1040,2,0,0,2,0,1,0,1,6
PN-103397,79,OIL,BOEING,737 MAX 8,VAR,2770,1190,400.0,660,7,2,0,1,1,2,0,4,17
PN-103398,21,AIR CONDITIONING,AIRBUS,A330-200,VAR,3170,1290,330.0,660,4,1,0,1,1,1,1,1,10
PN-103399,71,POWER PLANT,AIRBUS,A320-200,YOK,910,160,,110,5,3,0,0,1,1,1,2,13
PN-103400,74,IGNITION,BOEING,737 MAX 8,YOK,600,420,,180,2,0,0,1,0,1,0,1,5
PN-103401,77,ENGINE INDICATING,AIRBUS,A319-100,YOK,720,320,,220,4,0,0,1,0,0,1,3,9
PN-103402,25,EQUIPMENT / FURNISHINGS,AIRBUS,A320-200,VAR,6900,1680,310.0,540,3,1,0,0,0,1,0,2,7
PN-103403,80,STARTING,BOEING,737-900ER,YOK,3990,1810,,430,1,1,0,1,0,0,0,0,3
PN-103404,31,INDICATING / RECORDING SYSTEMS,AIRBUS,A321neo,YOK,3930,3150,,3630,2,1,0,1,1,1,1,1,8
PN-103405,30,ICE & RAIN PROTECTION,BOEING,777-300ER,YOK,250,140,,50,3,1,0,2,1,1,1,2,11
PN-103406,30,ICE & RAIN PROTECTION,AIRBUS,A350-900,VAR,310,80,50.0,70,4,3,2,1,1,0,1,3,15
PN-103407,52,DOORS,AIRBUS,A350-900,VAR,2800,1220,360.0,660,3,0,0,1,0,1,0,1,6
PN-103408,56,WINDOWS,AIRBUS,A321-200,VAR,4550,1780,1430.0,1900,1,0,0,0,0,1,0,0,2
PN-103409,34,NAVIGATION,AIRBUS,A320-200,YOK,12610,2570,,2620,2,0,0,1,0,0,0,0,3
PN-103410,22,AUTO FLIGHT,BOEING,787-9,VAR,8750,1940,490.0,830,1,0,0,0,0,1,1,1,4
PN-103411,80,STARTING,AIRBUS,A320-200,VAR,5740,2450,850.0,1300,2,2,1,0,0,1,0,2,8
PN-103412,26,FIRE PROTECTION,AIRBUS,A330-200,YOK,10280,3080,,2150,1,1,0,1,0,0,0,0,3
PN-103413,23,COMMUNICATIONS,AIRBUS,A320neo,VAR,130,50,50.0,50,0,0,0,1,1,0,0,0,2
PN-103414,49,AIRBORNE AUXILIARY POWER (APU),AIRBUS,A320neo,VAR,1890,840,490.0,660,1,0,1,0,0,0,0,1,3
PN-103415,31,INDICATING / RECORDING SYSTEMS,AIRBUS,A330-300,YOK,13230,4060,,2040,1,0,0,0,0,0,0,0,1
PN-103416,52,DOORS,BOEING,737-900ER,YOK,3020,1810,,670,1,0,0,0,0,0,0,0,1
PN-103417,76,ENGINE CONTROLS,BOEING,737-900ER,YOK,5590,2320,,2040,1,0,0,0,2,1,0,1,5
PN-103418,23,COMMUNICATIONS,BOEING,737 MAX 8,VAR,14400,2940,590.0,770,24,1,1,4,2,1,0,9,42
PN-103419,28,FUEL,AIRBUS,A321-200,VAR,1420,260,160.0,290,14,2,1,3,0,1,5,7,33
PN-103420,35,OXYGEN,AIRBUS,A321neo,YOK,1160,520,,280,0,1,0,0,0,0,0,1,2
PN-103421,73,ENGINE FUEL AND CONTROL,AIRBUS,A319-100,YOK,540,170,,60,2,1,0,1,2,0,1,2,9
PN-103422,49,AIRBORNE AUXILIARY POWER (APU),BOEING,737-800,YOK,4020,1720,,1110,1,0,0,0,0,0,0,1,2
PN-103423,30,ICE & RAIN PROTECTION,AIRBUS,A321-200,VAR,1180,780,510.0,760,1,0,0,0,1,0,0,0,2
PN-103424,49,AIRBORNE AUXILIARY POWER (APU),AIRBUS,A330-300,YOK,4220,890,,560,1,0,0,1,0,0,0,1,3
PN-103425,80,STARTING,AIRBUS,A320-200,VAR,33250,9190,3410.0,6570,1,0,0,1,1,0,0,2,5
PN-103426,34,NAVIGATION,BOEING,737 MAX 8,YOK,1340,420,,220,2,1,0,2,0,0,0,1,6
PN-103427,76,ENGINE CONTROLS,BOEING,737 MAX 8,YOK,2200,920,,860,2,1,0,2,0,1,0,1,7
PN-103428,73,ENGINE FUEL AND CONTROL,BOEING,737 MAX 8,YOK,5210,1040,,520,4,4,0,1,1,2,0,3,15
PN-103429,28,FUEL,AIRBUS,A319-100,YOK,1600,310,,230,2,0,0,1,0,0,1,1,5
PN-103430,27,FLIGHT CONTROLS,BOEING,787-9,VAR,2390,910,160.0,270,3,1,1,1,1,0,0,1,8
PN-103431,73,ENGINE FUEL AND CONTROL,AIRBUS,A320neo,YOK,3430,1610,,820,1,0,0,1,0,0,0,1,3
PN-103432,26,FIRE PROTECTION,AIRBUS,A321-200,YOK,110,50,,80,0,0,0,0,0,0,0,1,1
PN-103433,29,HYDRAULIC POWER,AIRBUS,A320neo,YOK,11950,4340,,6240,1,0,0,1,0,0,0,0,2
PN-103434,27,FLIGHT CONTROLS,AIRBUS,A320neo,VAR,14050,3290,5000.0,6890,5,1,0,2,3,0,1,1,13
PN-103435,49,AIRBORNE AUXILIARY POWER (APU),AIRBUS,A330-300,VAR,7750,5610,1330.0,2750,3,1,1,0,0,0,0,1,6
PN-103436,28,FUEL,AIRBUS,A320neo,VAR,140,50,50.0,50,0,0,0,0,0,0,0,1,1
PN-103437,56,WINDOWS,AIRBUS,A321-200,VAR,5790,2130,350.0,730,2,0,0,0,0,0,0,1,3
PN-103438,79,OIL,BOEING,737-800,YOK,18900,4780,,2340,1,0,0,0,0,0,0,1,2
PN-103439,74,IGNITION,BOEING,737 MAX 8,YOK,10510,4940,,4370,7,3,0,2,1,1,5,1,20
PN-103440,79,OIL,BOEING,737-800,YOK,3130,1250,,170,2,0,0,0,1,0,0,1,4
PN-103441,21,AIR CONDITIONING,AIRBUS,A330-300,VAR,3170,1350,860.0,1410,8,1,0,1,1,1,0,2,14
PN-103442,32,LANDING GEAR,AIRBUS,A320-200,YOK,14420,5170,,1080,7,3,0,4,5,0,2,7,28
PN-103443,26,FIRE PROTECTION,BOEING,737 MAX 8,YOK,100,50,,50,0,0,0,1,0,0,0,1,2
PN-103444,77,ENGINE INDICATING,AIRBUS,A319-100,YOK,2240,800,,710,1,0,0,2,1,1,0,1,6
PN-103445,71,POWER PLANT,AIRBUS,A320neo,YOK,2160,1050,,1000,4,2,0,2,0,0,1,3,12
PN-103446,29,HYDRAULIC POWER,AIRBUS,A319-100,YOK,1720,490,,190,4,1,0,2,0,1,0,2,10
PN-103447,36,PNEUMATIC,BOEING,737-800,YOK,650,410,,330,3,1,0,1,0,1,0,1,7
PN-103448,49,AIRBORNE AUXILIARY POWER (APU),AIRBUS,A321-200,YOK,7640,3100,,960,1,0,0,0,0,0,0,1,2
PN-103449,34,NAVIGATION,BOEING,737-800,YOK,2470,900,,330,4,2,0,1,0,0,1,3,11
PN-103450,34,NAVIGATION,AIRBUS,A321-200,YOK,5930,1330,,470,2,1,0,0,0,0,0,1,4
PN-103451,22,AUTO FLIGHT,AIRBUS,A321neo,YOK,8340,3310,,3110,2,0,0,3,0,1,1,1,8
PN-103452,32,LANDING GEAR,AIRBUS,A321neo,VAR,4180,3220,2090.0,3620,5,4,1,2,0,2,2,8,24
PN-103453,30,ICE & RAIN PROTECTION,AIRBUS,A319-100,YOK,1950,1030,,280,1,0,0,1,0,3,1,3,9
PN-103454,74,IGNITION,AIRBUS,A321neo,YOK,170,80,,50,2,0,0,1,0,1,1,1,6
PN-103455,76,ENGINE CONTROLS,BOEING,737-800,YOK,500,140,,100,5,0,0,2,0,0,1,3,11
PN-103456,72,ENGINE,AIRBUS,A330-300,VAR,4910,1110,740.0,970,4,1,2,5,1,0,2,7,22
PN-103457,21,AIR CONDITIONING,AIRBUS,A320-200,VAR,10040,4020,1380.0,2440,7,4,0,3,2,0,6,6,28
PN-103458,74,IGNITION,BOEING,737-800,YOK,760,600,,740,2,1,0,0,0,0,0,1,4
PN-103459,31,INDICATING / RECORDING SYSTEMS,AIRBUS,A321-200,YOK,1170,510,,380,2,0,0,0,1,1,2,1,7
PN-103460,31,INDICATING / RECORDING SYSTEMS,AIRBUS,A319-100,VAR,3310,450,310.0,520,3,1,0,0,1,1,4,4,14
PN-103461,79,OIL,AIRBUS,A320-200,YOK,5580,1340,,500,1,0,0,1,1,0,0,1,4
PN-103462,76,ENGINE CONTROLS,AIRBUS,A330-200,VAR,5070,2300,650.0,1040,1,0,0,0,0,0,0,1,2
PN-103463,22,AUTO FLIGHT,AIRBUS,A321-200,VAR,1450,710,230.0,390,3,2,1,0,0,0,1,2,9
PN-103464,30,ICE & RAIN PROTECTION,BOEING,737-800,VAR,40570,15500,4560.0,6970,2,0,0,0,0,0,1,1,4
PN-103465,72,ENGINE,AIRBUS,A320neo,YOK,17310,9410,,4530,1,0,0,1,0,0,1,1,4
PN-103466,36,PNEUMATIC,BOEING,737-900ER,VAR,950,70,50.0,50,3,0,1,1,0,0,1,2,8
PN-103467,27,FLIGHT CONTROLS,AIRBUS,A321-200,YOK,4320,1620,,820,11,5,0,3,1,1,1,5,27
PN-103468,35,OXYGEN,AIRBUS,A350-900,YOK,6390,2290,,2590,0,0,0,0,0,0,0,1,1
PN-103469,76,ENGINE CONTROLS,BOEING,737-900ER,YOK,760,360,,330,6,2,0,2,1,1,0,3,15
PN-103470,26,FIRE PROTECTION,AIRBUS,A321-200,YOK,770,260,,210,1,0,0,0,0,0,0,0,1
PN-103471,72,ENGINE,AIRBUS,A319-100,YOK,3470,1950,,650,4,1,0,1,2,0,0,0,8
PN-103472,72,ENGINE,AIRBUS,A330-200,YOK,860,250,,410,23,7,0,10,5,2,2,13,62
PN-103473,77,ENGINE INDICATING,BOEING,787-9,YOK,550,430,,270,2,0,0,1,1,0,0,0,4
PN-103474,28,FUEL,BOEING,787-9,YOK,5020,1560,,1690,3,0,0,1,1,0,1,1,7
PN-103475,26,FIRE PROTECTION,AIRBUS,A320neo,YOK,2560,700,,950,2,2,0,1,0,0,1,1,7
PN-103476,36,PNEUMATIC,BOEING,737-800,YOK,950,350,,510,1,0,0,0,0,0,0,0,1
PN-103477,35,OXYGEN,AIRBUS,A321-200,VAR,13420,3840,890.0,1550,2,0,0,1,0,0,0,1,4
PN-103478,31,INDICATING / RECORDING SYSTEMS,AIRBUS,A320-200,YOK,7780,6050,,2640,3,0,0,2,0,0,0,1,6
PN-103479,73,ENGINE FUEL AND CONTROL,BOEING,737-800,YOK,5360,2130,,2300,16,1,0,3,3,1,1,18,43
PN-103480,73,ENGINE FUEL AND CONTROL,AIRBUS,A330-200,YOK,5320,1430,,1090,2,0,0,0,0,0,0,1,3
PN-103481,27,FLIGHT CONTROLS,AIRBUS,A330-200,VAR,6080,2890,1120.0,1520,3,1,0,0,1,0,0,0,5
PN-103482,73,ENGINE FUEL AND CONTROL,BOEING,737 MAX 8,YOK,1550,640,,200,1,0,0,2,0,0,0,1,4
PN-103483,26,FIRE PROTECTION,AIRBUS,A321-200,VAR,1660,410,50.0,110,0,0,0,0,0,0,0,1,1
PN-103484,31,INDICATING / RECORDING SYSTEMS,BOEING,737-800,YOK,34950,20140,,16610,5,1,0,2,0,1,1,6,16
PN-103485,21,AIR CONDITIONING,AIRBUS,A321-200,VAR,3880,1670,640.0,1160,3,1,0,1,0,0,1,2,8
PN-103486,29,HYDRAULIC POWER,AIRBUS,A319-100,VAR,7040,4870,2440.0,3880,3,0,0,0,1,0,0,1,5
PN-103487,79,OIL,AIRBUS,A321-200,VAR,1690,470,140.0,290,2,0,1,0,0,0,0,1,4
PN-103488,32,LANDING GEAR,BOEING,777-F,YOK,7720,4510,,4540,3,1,0,1,0,0,0,1,6
PN-103489,71,POWER PLANT,AIRBUS,A321neo,YOK,4810,560,,270,3,0,0,0,0,0,1,1,5
PN-103490,23,COMMUNICATIONS,AIRBUS,A320-200,YOK,440,170,,150,2,0,0,0,0,0,0,0,2
PN-103491,52,DOORS,BOEING,737-800,VAR,860,190,110.0,160,2,0,0,0,0,0,1,1,4
PN-103492,30,ICE & RAIN PROTECTION,BOEING,787-9,YOK,13420,5080,,8930,2,0,0,0,1,0,0,1,4
PN-103493,72,ENGINE,BOEING,777-300ER,YOK,17870,8820,,2240,2,0,0,2,0,0,0,2,6
PN-103494,79,OIL,AIRBUS,A330-300,VAR,1570,470,230.0,480,3,2,0,1,0,0,1,1,8
PN-103495,35,OXYGEN,AIRBUS,A321-200,VAR,630,360,110.0,160,3,0,1,0,0,0,0,1,5
PN-103496,23,COMMUNICATIONS,AIRBUS,A330-300,VAR,14380,7460,2920.0,3830,1,0,0,0,1,0,0,1,3
PN-103497,34,NAVIGATION,BOEING,737 MAX 8,YOK,680,320,,360,2,1,0,1,1,0,0,1,6
PN-103498,24,ELECTRICAL POWER,BOEING,737 MAX 8,YOK,9870,5640,,9700,30,8,0,3,5,1,0,10,57
PN-103499,32,LANDING GEAR,BOEING,737 MAX 8,VAR,2220,800,910.0,1580,12,13,7,7,10,7,5,9,70
PN-103500,22,AUTO FLIGHT,AIRBUS,A321neo,YOK,15760,5800,,3800,1,0,0,0,0,0,0,1,2
PN-103501,52,DOORS,AIRBUS,A320-200,VAR,8870,4150,2200.0,3270,1,0,0,1,0,0,0,0,2
PN-103502,29,HYDRAULIC POWER,AIRBUS,A330-300,VAR,3060,1230,650.0,1130,1,0,1,0,0,0,0,1,3
PN-103503,26,FIRE PROTECTION,AIRBUS,A320-200,YOK,290,120,,150,6,0,0,1,0,1,0,2,10
PN-103504,21,AIR CONDITIONING,AIRBUS,A320-200,YOK,6790,3050,,1760,2,1,0,1,0,0,0,1,5
PN-103505,77,ENGINE INDICATING,AIRBUS,A330-200,YOK,24560,10450,,4340,2,1,0,1,0,0,1,2,7
PN-103506,74,IGNITION,BOEING,737-800,YOK,7110,1960,,1590,10,2,0,7,1,0,1,6,27
PN-103507,74,IGNITION,BOEING,737 MAX 8,VAR,11370,5220,1690.0,2700,2,0,0,0,0,1,0,1,4
PN-103508,22,AUTO FLIGHT,BOEING,737-900ER,YOK,3710,770,,440,3,1,0,3,1,0,1,2,11
PN-103509,30,ICE & RAIN PROTECTION,BOEING,737 MAX 8,VAR,2820,1310,1230.0,2080,4,1,1,0,0,0,1,1,8
PN-103510,80,STARTING,BOEING,737-900ER,YOK,33550,10600,,2660,2,0,0,1,0,0,0,1,4
PN-103511,49,AIRBORNE AUXILIARY POWER (APU),BOEING,737-800,VAR,5440,2840,1230.0,2530,4,1,8,1,1,0,3,3,21
PN-103512,24,ELECTRICAL POWER,AIRBUS,A319-100,VAR,2460,1310,580.0,1000,1,1,0,1,0,0,0,1,4
PN-103513,24,ELECTRICAL POWER,AIRBUS,A350-900,YOK,21500,13690,,8550,16,2,0,3,0,0,4,2,27
PN-103514,27,FLIGHT CONTROLS,AIRBUS,A320-200,YOK,1860,1200,,440,2,1,0,0,0,0,0,1,4
PN-103515,80,STARTING,AIRBUS,A319-100,YOK,670,300,,110,2,0,0,1,0,0,0,1,4
PN-103516,25,EQUIPMENT / FURNISHINGS,AIRBUS,A320-200,YOK,1100,470,,110,1,0,0,1,0,0,0,0,2
PN-103517,77,ENGINE INDICATING,BOEING,737 MAX 8,YOK,3060,1530,,1120,2,0,0,0,0,0,0,1,3
PN-103518,56,WINDOWS,BOEING,737-800,VAR,3610,2420,1000.0,1710,1,1,0,1,0,0,0,0,3
PN-103519,77,ENGINE INDICATING,BOEING,777-F,VAR,1250,450,120.0,210,1,0,0,0,0,0,0,0,1
PN-103520,74,IGNITION,BOEING,787-9,YOK,3980,1110,,1300,2,1,0,1,0,0,0,0,4
PN-103521,29,HYDRAULIC POWER,BOEING,777-300ER,YOK,1540,540,,840,2,1,0,1,0,1,0,1,6
PN-103522,74,IGNITION,AIRBUS,A320-200,YOK,220,100,,60,4,0,0,2,0,0,1,2,9
PN-103523,25,EQUIPMENT / FURNISHINGS,BOEING,737 MAX 8,VAR,6950,3600,980.0,1640,2,0,0,1,0,1,1,1,6
PN-103524,28,FUEL,BOEING,737 MAX 8,VAR,240,110,50.0,50,3,0,0,0,0,0,0,1,4
PN-103525,26,FIRE PROTECTION,BOEING,737 MAX 8,YOK,5380,1490,,970,1,0,0,0,0,0,0,1,2
PN-103526,24,ELECTRICAL POWER,AIRBUS,A320-200,YOK,3490,2050,,1390,3,1,0,1,0,0,0,2,7
PN-103527,23,COMMUNICATIONS,AIRBUS,A320-200,VAR,2360,550,140.0,210,8,4,1,0,0,1,1,5,20
PN-103528,25,EQUIPMENT / FURNISHINGS,BOEING,777-300ER,VAR,2670,1160,470.0,720,1,0,0,0,0,0,0,1,2
PN-103529,24,ELECTRICAL POWER,AIRBUS,A320-200,YOK,770,260,,130,2,0,0,1,0,0,0,1,4
PN-103530,30,ICE & RAIN PROTECTION,AIRBUS,A321-200,YOK,1090,400,,210,1,0,0,0,0,0,0,1,2
PN-103531,22,AUTO FLIGHT,AIRBUS,A321neo,YOK,770,350,,140,1,0,0,0,0,0,0,1,2
PN-103532,22,AUTO FLIGHT,AIRBUS,A320-200,YOK,460,200,,170,3,0,0,1,1,1,0,2,8
PN-103533,80,STARTING,AIRBUS,A319-100,YOK,150,80,,50,1,1,0,2,1,0,2,1,8
PN-103534,23,COMMUNICATIONS,BOEING,787-9,YOK,2920,1240,,740,5,0,0,1,2,3,0,5,16
PN-103535,22,AUTO FLIGHT,BOEING,737 MAX 8,YOK,4160,1090,,810,7,1,0,2,2,1,1,1,15
PN-103536,21,AIR CONDITIONING,BOEING,777-300ER,VAR,1210,440,170.0,220,24,2,6,13,5,1,2,11,64
PN-103537,24,ELECTRICAL POWER,AIRBUS,A321-200,VAR,42150,16010,5810.0,8730,3,1,1,0,0,1,0,2,8
PN-103538,35,OXYGEN,AIRBUS,A320neo,VAR,15550,8300,2310.0,3840,1,0,0,0,1,0,1,0,3
PN-103539,74,IGNITION,AIRBUS,A321neo,YOK,1380,520,,220,0,0,0,0,0,0,0,1,1
PN-103540,72,ENGINE,AIRBUS,A321neo,YOK,1670,1030,,790,7,3,0,5,2,1,0,4,22
PN-103541,49,AIRBORNE AUXILIARY POWER (APU),AIRBUS,A319-100,YOK,3890,1570,,690,4,2,0,1,0,1,0,1,9
PN-103542,23,COMMUNICATIONS,BOEING,737-900ER,VAR,880,130,80.0,130,5,1,0,1,0,1,0,1,9
PN-103543,73,ENGINE FUEL AND CONTROL,BOEING,787-9,YOK,200,70,,110,2,0,0,1,0,0,0,0,3
PN-103544,21,AIR CONDITIONING,AIRBUS,A330-200,VAR,560,240,80.0,140,2,0,1,1,1,0,3,2,10
PN-103545,52,DOORS,AIRBUS,A321-200,VAR,1400,410,140.0,230,2,1,0,0,0,0,1,1,5
PN-103546,31,INDICATING / RECORDING SYSTEMS,AIRBUS,A321-200,VAR,980,500,80.0,110,2,1,0,0,1,1,0,2,7
PN-103547,76,ENGINE CONTROLS,AIRBUS,A320-200,YOK,1030,450,,300,1,0,0,0,1,0,0,1,3
PN-103548,28,FUEL,AIRBUS,A320neo,VAR,12090,9190,1840.0,3180,5,4,2,2,1,1,1,3,19
PN-103549,52,DOORS,AIRBUS,A330-200,VAR,14140,6120,5420.0,8080,11,1,2,2,2,1,4,5,28
PN-103550,32,LANDING GEAR,AIRBUS,A321neo,YOK,3350,1460,,500,1,1,0,0,1,0,0,1,4
PN-103551,35,OXYGEN,AIRBUS,A330-300,YOK,3930,1860,,1220,3,1,0,1,1,0,0,1,7
PN-103552,79,OIL,BOEING,737 MAX 8,YOK,6960,2780,,490,0,0,0,1,0,0,0,0,1
PN-103553,71,POWER PLANT,AIRBUS,A320neo,YOK,1690,310,,170,3,0,0,2,2,1,1,4,13
PN-103554,31,INDICATING / RECORDING SYSTEMS,AIRBUS,A319-100,YOK,680,240,,110,1,0,0,0,0,0,0,0,1
PN-103555,32,LANDING GEAR,AIRBUS,A319-100,YOK,1810,590,,340,3,1,0,1,1,0,0,0,6
PN-103556,71,POWER PLANT,AIRBUS,A320-200,YOK,970,380,,220,1,0,0,0,0,1,0,0,2
PN-103557,29,HYDRAULIC POWER,AIRBUS,A330-300,VAR,310,70,50.0,50,2,1,1,1,0,0,0,2,7
PN-103558,25,EQUIPMENT / FURNISHINGS,BOEING,737-900ER,VAR,1290,840,500.0,720,3,1,1,1,1,0,1,1,9
PN-103559,34,NAVIGATION,BOEING,777-300ER,YOK,5810,2930,,420,1,0,0,0,0,0,0,0,1
PN-103560,22,AUTO FLIGHT,AIRBUS,A350-900,YOK,7730,3090,,1900,1,2,0,0,0,0,0,1,4
PN-103561,25,EQUIPMENT / FURNISHINGS,AIRBUS,A321neo,YOK,5920,1840,,1150,1,0,0,1,0,0,0,1,3
PN-103562,31,INDICATING / RECORDING SYSTEMS,AIRBUS,A320-200,VAR,275440,104730,16410.0,23470,8,3,2,3,2,1,1,4,24
PN-103563,73,ENGINE FUEL AND CONTROL,AIRBUS,A321neo,YOK,1780,840,,860,4,2,0,2,1,0,0,3,12
PN-103564,73,ENGINE FUEL AND CONTROL,AIRBUS,A321-200,YOK,5030,2980,,960,1,0,0,1,0,0,0,1,3
PN-103565,27,FLIGHT CONTROLS,BOEING,737 MAX 8,VAR,560,280,70.0,140,1,1,0,0,0,1,0,2,5
PN-103566,31,INDICATING / RECORDING SYSTEMS,AIRBUS,A321neo,VAR,8800,3670,1240.0,2340,7,4,3,2,2,1,0,5,24
PN-103567,24,ELECTRICAL POWER,AIRBUS,A320neo,YOK,3930,1420,,2200,9,1,0,1,1,0,1,2,15
PN-103568,72,ENGINE,AIRBUS,A321-200,YOK,17810,7210,,5430,2,0,0,1,1,0,0,1,5
PN-103569,27,FLIGHT CONTROLS,AIRBUS,A320-200,YOK,4200,2080,,2640,2,0,0,1,0,1,1,1,6
PN-103570,73,ENGINE FUEL AND CONTROL,BOEING,777-300ER,YOK,9220,1840,,2470,4,1,0,0,0,0,1,1,7
PN-103571,74,IGNITION,AIRBUS,A319-100,YOK,850,190,,160,1,0,0,1,0,0,0,1,3
PN-103572,56,WINDOWS,AIRBUS,A319-100,VAR,400,280,100.0,140,1,0,0,0,0,0,0,0,1
PN-103573,29,HYDRAULIC POWER,AIRBUS,A320-200,YOK,1920,910,,480,2,1,0,1,0,0,0,1,5
PN-103574,79,OIL,BOEING,737 MAX 8,VAR,280,110,50.0,60,10,4,1,4,1,2,0,1,23
PN-103575,56,WINDOWS,AIRBUS,A330-200,VAR,6780,3660,630.0,960,1,0,0,0,1,0,0,1,3
PN-103576,52,DOORS,AIRBUS,A350-900,VAR,10850,5140,1180.0,1560,2,0,0,0,0,1,0,1,4
PN-103577,76,ENGINE CONTROLS,AIRBUS,A321-200,VAR,5380,1240,710.0,1090,4,0,0,0,1,1,0,1,7
PN-103578,76,ENGINE CONTROLS,AIRBUS,A320-200,YOK,1290,500,,110,13,3,0,11,5,0,3,8,43
PN-103579,23,COMMUNICATIONS,BOEING,737 MAX 8,VAR,21380,11100,2270.0,3040,2,1,0,0,0,0,0,2,5
PN-103580,76,ENGINE CONTROLS,AIRBUS,A320neo,YOK,3190,1850,,1010,8,1,0,2,2,0,0,3,16
PN-103581,72,ENGINE,AIRBUS,A319-100,YOK,4920,2010,,1160,2,1,0,1,0,1,0,2,7
PN-103582,26,FIRE PROTECTION,AIRBUS,A330-300,YOK,1180,540,,240,2,1,0,0,0,0,0,0,3
PN-103583,28,FUEL,AIRBUS,A320-200,VAR,5630,2790,1640.0,2490,2,1,1,0,0,0,2,1,7
PN-103584,72,ENGINE,AIRBUS,A320-200,YOK,3720,990,,330,2,1,0,0,1,0,1,1,6
PN-103585,26,FIRE PROTECTION,BOEING,737-900ER,YOK,150,80,,70,1,0,0,1,0,0,0,1,3
PN-103586,32,LANDING GEAR,AIRBUS,A330-200,YOK,2110,500,,1090,7,3,0,3,1,0,2,7,23
PN-103587,56,WINDOWS,AIRBUS,A320neo,VAR,190,120,60.0,100,1,0,0,0,0,0,0,1,2
PN-103588,52,DOORS,AIRBUS,A321-200,YOK,760,430,,270,2,1,0,0,0,0,0,1,4
PN-103589,77,ENGINE INDICATING,BOEING,737-800,YOK,1040,550,,360,4,2,0,1,2,0,0,2,11
PN-103590,23,COMMUNICATIONS,AIRBUS,A320-200,VAR,310,50,50.0,50,1,0,0,0,0,0,0,1,2
PN-103591,28,FUEL,AIRBUS,A320-200,VAR,640,220,70.0,130,7,2,3,0,0,2,2,2,18
PN-103592,80,STARTING,AIRBUS,A350-900,YOK,7080,1440,,650,3,1,0,2,0,0,0,1,7
PN-103593,36,PNEUMATIC,AIRBUS,A350-900,VAR,410,120,60.0,110,1,1,0,0,0,0,0,2,4
PN-103594,27,FLIGHT CONTROLS,BOEING,787-9,VAR,19370,8670,2410.0,3060,0,0,0,0,0,0,0,1,1
PN-103595,28,FUEL,AIRBUS,A321-200,YOK,4890,2090,,1880,2,0,0,2,0,1,0,0,5
PN-103596,29,HYDRAULIC POWER,AIRBUS,A320-200,YOK,270,70,,50,4,0,0,2,0,0,2,4,12
PN-103597,36,PNEUMATIC,AIRBUS,A330-200,VAR,650,320,110.0,170,8,3,0,1,2,3,3,5,25
PN-103598,28,FUEL,AIRBUS,A350-900,VAR,46550,20770,5740.0,11030,5,0,2,1,1,0,0,2,11
PN-103599,52,DOORS,AIRBUS,A320-200,VAR,3300,1020,80.0,150,4,1,2,2,0,0,0,3,12
PN-103600,32,LANDING GEAR,AIRBUS,A330-300,YOK,33260,19620,,8060,1,0,0,1,0,0,1,0,3
PN-103601,49,AIRBORNE AUXILIARY POWER (APU),AIRBUS,A320neo,YOK,1910,1110,,1490,2,1,0,1,1,1,0,1,7
PN-103602,25,EQUIPMENT / FURNISHINGS,BOEING,737 MAX 8,VAR,6270,1370,230.0,370,3,0,2,2,3,1,1,1,13
PN-103603,52,DOORS,BOEING,737 MAX 8,YOK,11100,3400,,2280,1,0,0,0,0,0,0,1,2
PN-103604,79,OIL,AIRBUS,A321neo,YOK,6880,1900,,1130,5,1,0,7,0,0,1,2,16
PN-103605,24,ELECTRICAL POWER,BOEING,787-9,VAR,3240,460,300.0,450,8,1,1,1,0,2,0,3,16
PN-103606,29,HYDRAULIC POWER,BOEING,787-9,YOK,620,230,,120,2,0,0,2,1,1,1,4,11
PN-103607,71,POWER PLANT,AIRBUS,A320-200,VAR,4290,1720,920.0,1520,1,1,0,1,1,0,0,1,5
PN-103608,52,DOORS,AIRBUS,A321-200,VAR,1160,700,210.0,300,1,0,0,0,0,0,0,1,2
PN-103609,56,WINDOWS,AIRBUS,A350-900,YOK,16430,5280,,2590,5,1,0,3,3,1,2,3,18
PN-103610,36,PNEUMATIC,AIRBUS,A320-200,YOK,1240,700,,160,2,2,0,2,0,0,1,2,9
PN-103611,56,WINDOWS,AIRBUS,A321-200,VAR,1910,550,90.0,140,1,1,0,0,1,0,0,2,5
PN-103612,49,AIRBORNE AUXILIARY POWER (APU),AIRBUS,A320neo,YOK,2060,600,,200,3,0,0,1,0,0,0,2,6
PN-103613,22,AUTO FLIGHT,BOEING,777-F,YOK,1410,780,,350,3,1,0,1,1,0,0,0,6
PN-103614,72,ENGINE,AIRBUS,A321neo,YOK,3640,710,,80,2,3,0,2,1,1,2,3,14
PN-103615,32,LANDING GEAR,BOEING,737-900ER,VAR,6250,2680,910.0,1360,8,2,1,1,0,0,1,2,15
PN-103616,22,AUTO FLIGHT,AIRBUS,A321-200,VAR,620,150,50.0,50,4,1,1,3,0,0,0,2,11
PN-103617,31,INDICATING / RECORDING SYSTEMS,AIRBUS,A320-200,YOK,690,370,,440,1,0,0,1,0,0,0,1,3
PN-103618,32,LANDING GEAR,BOEING,737 MAX 8,YOK,50270,34520,,17060,1,1,0,0,1,0,0,0,3
PN-103619,23,COMMUNICATIONS,AIRBUS,A319-100,YOK,220,120,,90,2,1,0,0,0,0,1,2,6
PN-103620,80,STARTING,AIRBUS,A319-100,YOK,620,170,,50,1,0,0,0,0,0,0,0,1
PN-103621,26,FIRE PROTECTION,AIRBUS,A321-200,VAR,9440,5000,1250.0,1840,1,1,0,0,0,0,0,1,3
PN-103622,29,HYDRAULIC POWER,BOEING,737-800,YOK,3850,1650,,570,2,1,0,1,0,1,0,1,6
PN-103623,32,LANDING GEAR,AIRBUS,A321-200,YOK,3100,270,,70,3,1,0,8,1,1,1,1,16
PN-103624,74,IGNITION,AIRBUS,A320-200,YOK,900,380,,330,9,1,0,5,3,1,2,5,26
PN-103625,72,ENGINE,AIRBUS,A321-200,YOK,26280,9360,,15940,1,1,0,0,0,0,0,0,2
PN-103626,73,ENGINE FUEL AND CONTROL,AIRBUS,A320neo,YOK,15170,8420,,4660,20,11,0,9,5,1,3,14,63
PN-103627,27,FLIGHT CONTROLS,AIRBUS,A319-100,VAR,100,50,50.0,50,2,1,1,0,1,0,0,1,6
PN-103628,74,IGNITION,AIRBUS,A330-200,VAR,930,190,60.0,100,2,0,1,1,0,1,0,1,6
PN-103629,74,IGNITION,AIRBUS,A320-200,YOK,360,260,,240,1,0,0,0,0,0,0,0,1
PN-103630,34,NAVIGATION,AIRBUS,A321-200,YOK,1380,650,,340,4,1,0,2,3,1,0,5,16
PN-103631,36,PNEUMATIC,BOEING,737-800,YOK,6170,1270,,780,2,0,0,1,1,0,0,1,5
PN-103632,21,AIR CONDITIONING,BOEING,737-800,VAR,320,150,80.0,130,2,1,0,2,1,0,0,1,7
PN-103633,72,ENGINE,AIRBUS,A320neo,YOK,14850,5040,,1790,0,1,0,1,0,0,0,0,2
PN-103634,79,OIL,AIRBUS,A321-200,YOK,4700,2750,,1170,3,1,0,0,0,1,1,1,7
PN-103635,34,NAVIGATION,AIRBUS,A320neo,YOK,2870,840,,670,7,1,0,1,2,0,1,2,14
PN-103636,36,PNEUMATIC,BOEING,777-F,YOK,12590,3500,,2320,1,0,0,1,0,0,0,2,4
PN-103637,34,NAVIGATION,AIRBUS,A320neo,YOK,8800,4210,,2460,4,2,0,4,2,0,1,6,19
PN-103638,23,COMMUNICATIONS,AIRBUS,A320-200,VAR,6070,1450,1190.0,1820,5,1,0,1,1,2,0,4,14
PN-103639,52,DOORS,AIRBUS,A321neo,VAR,1610,750,220.0,380,1,0,0,0,0,0,0,1,2
PN-103640,71,POWER PLANT,AIRBUS,A320-200,YOK,1860,1210,,690,11,1,0,6,2,4,1,6,31
PN-103641,79,OIL,AIRBUS,A320-200,VAR,6050,1650,710.0,1420,3,2,0,1,0,0,0,1,7
PN-103642,79,OIL,AIRBUS,A320-200,YOK,560,230,,270,3,1,0,0,0,1,0,2,7
PN-103643,34,NAVIGATION,BOEING,737-800,YOK,1490,560,,420,1,1,0,1,1,0,0,3,7
PN-103644,79,OIL,AIRBUS,A350-900,VAR,800,170,100.0,140,3,0,2,0,0,1,0,1,7
PN-103645,35,OXYGEN,BOEING,737-800,VAR,980,340,260.0,410,1,0,0,0,0,0,0,0,1
PN-103646,52,DOORS,BOEING,737-900ER,VAR,5310,1140,430.0,750,1,0,1,0,0,0,0,2,4
PN-103647,49,AIRBORNE AUXILIARY POWER (APU),AIRBUS,A321-200,YOK,3420,420,,220,0,0,0,0,0,1,0,1,2
PN-103648,80,STARTING,BOEING,777-300ER,YOK,3080,800,,210,11,6,0,3,1,4,1,3,29
PN-103649,72,ENGINE,BOEING,737-800,YOK,1300,410,,140,20,1,0,13,6,2,2,5,49
PN-103650,24,ELECTRICAL POWER,BOEING,737-900ER,YOK,12500,1230,,490,8,1,0,0,3,0,2,3,17
PN-103651,22,AUTO FLIGHT,BOEING,737-800,VAR,1150,430,130.0,200,2,1,1,0,0,1,0,0,5
PN-103652,31,INDICATING / RECORDING SYSTEMS,AIRBUS,A321-200,VAR,2750,760,300.0,630,1,0,0,0,0,0,1,0,2
PN-103653,35,OXYGEN,AIRBUS,A321-200,YOK,8260,4650,,4480,1,0,0,1,0,0,0,0,2
PN-103654,56,WINDOWS,AIRBUS,A321neo,YOK,330,180,,130,8,1,0,4,3,0,2,3,21
PN-103655,34,NAVIGATION,AIRBUS,A320-200,VAR,3690,1140,490.0,910,2,0,1,0,0,0,0,1,4
PN-103656,35,OXYGEN,AIRBUS,A321neo,YOK,14280,7310,,8140,1,0,0,0,0,0,0,0,1
PN-103657,77,ENGINE INDICATING,AIRBUS,A319-100,YOK,10330,4960,,2290,5,1,0,5,0,1,0,3,15
PN-103658,29,HYDRAULIC POWER,AIRBUS,A319-100,YOK,5750,2770,,1200,8,10,0,7,3,0,2,4,34
PN-103659,34,NAVIGATION,BOEING,777-300ER,YOK,1030,310,,330,11,4,0,2,2,0,4,7,30
PN-103660,36,PNEUMATIC,BOEING,737-800,YOK,14570,5830,,4390,3,2,0,3,3,1,0,1,13
PN-103661,34,NAVIGATION,AIRBUS,A330-300,VAR,6000,2740,990.0,1680,5,3,2,4,1,0,1,4,20
PN-103662,80,STARTING,AIRBUS,A321-200,YOK,5410,1800,,1190,4,1,0,1,0,0,0,1,7
PN-103663,80,STARTING,AIRBUS,A330-300,YOK,1920,860,,510,1,0,0,0,0,0,0,0,1
PN-103664,35,OXYGEN,BOEING,777-300ER,YOK,2360,1030,,1030,1,0,0,1,0,1,0,1,4
PN-103665,32,LANDING GEAR,BOEING,737-800,VAR,3680,1750,420.0,930,6,1,1,2,0,1,1,6,18
PN-103666,49,AIRBORNE AUXILIARY POWER (APU),AIRBUS,A350-900,YOK,3090,1950,,1050,3,0,0,1,1,0,0,2,7
PN-103667,25,EQUIPMENT / FURNISHINGS,AIRBUS,A321neo,VAR,2340,620,330.0,580,2,1,0,1,0,0,0,0,4
PN-103668,32,LANDING GEAR,AIRBUS,A321-200,VAR,2020,670,310.0,570,1,1,0,0,1,0,0,1,4
PN-103669,26,FIRE PROTECTION,BOEING,737-800,YOK,980,690,,980,1,0,0,0,0,0,0,0,1
PN-103670,24,ELECTRICAL POWER,BOEING,787-9,VAR,3730,1700,380.0,510,8,9,2,9,1,3,1,9,42
PN-103671,23,COMMUNICATIONS,AIRBUS,A321neo,VAR,660,380,140.0,210,10,5,2,1,5,0,3,2,28
PN-103672,49,AIRBORNE AUXILIARY POWER (APU),AIRBUS,A321-200,YOK,1350,480,,270,2,2,0,1,1,0,0,2,8
PN-103673,21,AIR CONDITIONING,AIRBUS,A321neo,VAR,430,130,60.0,120,3,1,1,0,0,1,0,4,10
PN-103674,52,DOORS,AIRBUS,A321neo,YOK,2310,930,,740,1,0,0,1,0,0,0,0,2
PN-103675,32,LANDING GEAR,BOEING,787-9,VAR,3570,840,150.0,220,7,1,1,1,4,1,1,2,18
PN-103676,30,ICE & RAIN PROTECTION,BOEING,737-800,YOK,5270,1720,,840,10,1,0,5,1,1,2,5,25
PN-103677,73,ENGINE FUEL AND CONTROL,AIRBUS,A321-200,YOK,3200,2020,,820,1,0,0,0,0,0,0,1,2
PN-103678,36,PNEUMATIC,AIRBUS,A321-200,VAR,2040,960,260.0,350,4,1,1,0,0,0,0,2,8
PN-103679,72,ENGINE,AIRBUS,A321neo,YOK,9990,4400,,5570,9,3,0,1,2,0,0,4,19
PN-103680,71,POWER PLANT,AIRBUS,A319-100,YOK,1280,540,,460,6,1,0,2,0,0,1,2,12
PN-103681,21,AIR CONDITIONING,AIRBUS,A330-200,YOK,6500,2270,,600,13,1,0,3,1,3,0,11,32
PN-103682,26,FIRE PROTECTION,BOEING,737 MAX 8,VAR,620,400,290.0,430,6,3,1,2,4,2,3,2,23
PN-103683,36,PNEUMATIC,BOEING,737-800,YOK,780,330,,210,2,1,0,0,0,0,0,1,4
PN-103684,80,STARTING,AIRBUS,A320neo,YOK,1260,380,,160,5,2,0,2,0,1,0,2,12
PN-103685,25,EQUIPMENT / FURNISHINGS,BOEING,737-800,VAR,1110,710,280.0,390,2,0,1,0,0,0,1,1,5
PN-103686,23,COMMUNICATIONS,BOEING,737-800,VAR,2780,700,260.0,370,1,0,0,1,0,0,0,1,3
PN-103687,79,OIL,AIRBUS,A320neo,YOK,1100,250,,100,3,1,0,1,1,0,0,2,8
PN-103688,80,STARTING,AIRBUS,A350-900,VAR,2080,920,200.0,260,3,1,1,1,0,1,1,4,12
PN-103689,25,EQUIPMENT / FURNISHINGS,AIRBUS,A350-900,VAR,2050,970,340.0,520,2,0,0,1,0,1,0,1,5
PN-103690,31,INDICATING / RECORDING SYSTEMS,BOEING,737 MAX 8,YOK,230,100,,50,2,0,0,1,0,0,0,0,3
PN-103691,52,DOORS,AIRBUS,A320-200,YOK,1150,510,,310,1,1,0,0,0,0,0,1,3
PN-103692,26,FIRE PROTECTION,AIRBUS,A320neo,YOK,640,320,,60,1,0,0,0,0,1,0,0,2
PN-103693,29,HYDRAULIC POWER,AIRBUS,A321neo,VAR,24740,9240,3900.0,4900,1,1,0,0,0,0,1,1,4
PN-103694,31,INDICATING / RECORDING SYSTEMS,AIRBUS,A319-100,YOK,1390,670,,170,3,0,0,2,0,0,0,3,8
PN-103695,52,DOORS,AIRBUS,A321neo,YOK,1170,570,,260,2,1,0,1,1,0,0,1,6
PN-103696,29,HYDRAULIC POWER,BOEING,737-900ER,YOK,5880,2940,,620,6,2,0,1,0,1,7,4,21
PN-103697,31,INDICATING / RECORDING SYSTEMS,AIRBUS,A320-200,YOK,1000,150,,120,1,1,0,0,0,0,0,1,3
PN-103698,28,FUEL,AIRBUS,A321neo,YOK,4410,2310,,1020,2,1,0,0,0,1,0,0,4
PN-103699,72,ENGINE,BOEING,787-9,YOK,1720,520,,170,11,1,0,11,8,4,3,10,48
PN-103700,24,ELECTRICAL POWER,AIRBUS,A330-200,VAR,10490,5250,1010.0,1740,2,1,1,0,0,0,0,3,7
PN-103701,26,FIRE PROTECTION,AIRBUS,A330-200,YOK,3170,2020,,1470,2,1,0,1,0,0,0,0,4
PN-103702,27,FLIGHT CONTROLS,AIRBUS,A330-300,YOK,17110,7600,,8190,3,0,0,1,0,0,0,2,6
PN-103703,77,ENGINE INDICATING,AIRBUS,A320-200,YOK,11970,6370,,2860,7,2,0,3,1,1,1,1,16
PN-103704,79,OIL,AIRBUS,A320-200,YOK,9690,2530,,5750,4,4,0,5,1,0,1,4,19
PN-103705,35,OXYGEN,BOEING,737-800,VAR,1000,530,230.0,330,2,2,2,0,1,0,0,3,10
PN-103706,25,EQUIPMENT / FURNISHINGS,AIRBUS,A321-200,VAR,25340,16030,3650.0,6170,2,1,1,0,0,0,0,1,5
PN-103707,72,ENGINE,AIRBUS,A321-200,YOK,1970,1110,,380,1,0,0,1,1,1,0,1,5
PN-103708,34,NAVIGATION,AIRBUS,A319-100,YOK,790,530,,390,15,2,0,5,2,6,2,6,38
PN-103709,76,ENGINE CONTROLS,BOEING,737 MAX 8,VAR,1540,420,270.0,320,6,1,0,0,2,1,2,1,13
PN-103710,30,ICE & RAIN PROTECTION,AIRBUS,A319-100,YOK,58330,26780,,34930,1,0,0,1,0,0,0,1,3
PN-103711,80,STARTING,BOEING,737-800,YOK,5830,2440,,1030,5,8,0,1,5,0,0,5,24
PN-103712,73,ENGINE FUEL AND CONTROL,AIRBUS,A321-200,YOK,100,70,,50,1,1,0,2,0,0,0,1,5
PN-103713,26,FIRE PROTECTION,AIRBUS,A330-300,YOK,1170,800,,580,4,3,0,1,1,3,0,1,13
PN-103714,71,POWER PLANT,AIRBUS,A320neo,YOK,3740,1160,,1260,7,7,0,4,3,2,0,5,28
PN-103715,28,FUEL,AIRBUS,A320-200,YOK,19780,10300,,2280,1,0,0,1,0,0,0,1,3
PN-103716,30,ICE & RAIN PROTECTION,AIRBUS,A330-200,VAR,480,200,50.0,60,3,1,1,3,0,0,0,1,9
PN-103717,27,FLIGHT CONTROLS,BOEING,737-800,YOK,5410,1920,,460,4,2,0,1,2,3,0,3,15
PN-103718,56,WINDOWS,AIRBUS,A320neo,YOK,490,150,,70,15,1,0,10,2,0,6,5,39
PN-103719,27,FLIGHT CONTROLS,AIRBUS,A321neo,YOK,3340,2000,,760,1,1,0,1,0,0,0,1,4
PN-103720,52,DOORS,AIRBUS,A321neo,YOK,460,210,,90,6,1,0,2,3,0,3,1,16
PN-103721,49,AIRBORNE AUXILIARY POWER (APU),AIRBUS,A320neo,VAR,3160,1070,510.0,700,1,2,1,0,1,1,0,2,8
PN-103722,72,ENGINE,AIRBUS,A330-300,YOK,20300,9850,,2130,1,0,0,1,0,1,0,1,4
PN-103723,80,STARTING,AIRBUS,A320-200,VAR,700,210,140.0,230,3,0,1,0,1,0,0,1,6
PN-103724,21,AIR CONDITIONING,AIRBUS,A330-200,YOK,140,80,,50,1,1,0,3,1,0,0,1,7
PN-103725,80,STARTING,AIRBUS,A320-200,VAR,1290,660,340.0,530,1,0,0,1,0,0,0,1,3
PN-103726,23,COMMUNICATIONS,AIRBUS,A321neo,VAR,3260,1090,290.0,510,2,0,1,0,1,1,0,2,7
PN-103727,35,OXYGEN,AIRBUS,A321-200,YOK,360,190,,180,2,1,0,3,1,1,0,1,9
PN-103728,29,HYDRAULIC POWER,AIRBUS,A321neo,YOK,1230,270,,120,4,1,0,2,0,1,0,3,11
PN-103729,52,DOORS,AIRBUS,A321neo,YOK,26710,12760,,10410,1,1,0,0,0,0,0,1,3
PN-103730,71,POWER PLANT,BOEING,777-300ER,YOK,1080,870,,1080,2,1,0,1,0,0,1,1,6
PN-103731,76,ENGINE CONTROLS,AIRBUS,A321neo,YOK,420,120,,100,3,0,0,1,0,1,0,1,6
PN-103732,31,INDICATING / RECORDING SYSTEMS,BOEING,737 MAX 8,YOK,1880,390,,90,1,1,0,3,0,0,1,1,7
PN-103733,79,OIL,AIRBUS,A320neo,VAR,6740,1880,1140.0,2150,4,1,2,1,2,1,1,6,18
PN-103734,29,HYDRAULIC POWER,AIRBUS,A321-200,VAR,12420,3550,580.0,910,3,2,2,0,0,1,1,2,11
PN-103735,26,FIRE PROTECTION,AIRBUS,A320-200,YOK,3020,750,,590,1,0,0,0,0,0,0,0,1
PN-103736,30,ICE & RAIN PROTECTION,AIRBUS,A321neo,VAR,5090,2950,1580.0,2080,1,1,0,0,0,0,0,1,3
PN-103737,35,OXYGEN,BOEING,737-800,YOK,530,350,,50,1,0,0,0,0,1,1,1,4
PN-103738,56,WINDOWS,BOEING,737 MAX 8,VAR,2040,1230,990.0,1350,5,1,0,0,0,1,1,2,10
PN-103739,74,IGNITION,AIRBUS,A330-300,YOK,3810,2700,,2120,3,0,0,3,1,1,3,3,14
PN-103740,26,FIRE PROTECTION,BOEING,737-800,VAR,950,220,140.0,210,4,3,2,2,2,0,1,4,18
PN-103741,28,FUEL,AIRBUS,A320-200,YOK,11440,5730,,3980,4,0,0,1,0,0,1,1,7
PN-103742,79,OIL,AIRBUS,A319-100,YOK,12110,6370,,4050,4,1,0,2,2,0,2,2,13
PN-103743,32,LANDING GEAR,BOEING,737-900ER,YOK,1900,1010,,820,1,0,0,0,0,0,1,1,3
PN-103744,27,FLIGHT CONTROLS,AIRBUS,A320-200,YOK,670,280,,310,2,1,0,4,0,1,1,2,11
PN-103745,80,STARTING,AIRBUS,A320-200,YOK,2230,1010,,640,2,0,0,0,0,0,0,1,3
PN-103746,32,LANDING GEAR,BOEING,777-300ER,VAR,22660,6380,3520.0,5700,3,1,2,0,0,1,1,2,10
PN-103747,80,STARTING,BOEING,787-9,VAR,4120,1640,500.0,890,23,17,6,7,6,3,9,31,102
PN-103748,77,ENGINE INDICATING,AIRBUS,A350-900,YOK,840,240,,100,3,2,0,0,1,1,0,1,8
PN-103749,77,ENGINE INDICATING,AIRBUS,A321-200,VAR,2980,720,450.0,700,2,0,0,0,0,1,0,0,3
PN-103750,49,AIRBORNE AUXILIARY POWER (APU),BOEING,737 MAX 8,YOK,300,130,,60,4,0,0,2,2,0,2,2,12
PN-103751,73,ENGINE FUEL AND CONTROL,AIRBUS,A320neo,VAR,4520,2210,2150.0,3240,1,0,1,1,0,0,1,1,5
PN-103752,79,OIL,AIRBUS,A321neo,YOK,41000,16490,,19490,1,0,0,1,0,0,0,1,3
PN-103753,27,FLIGHT CONTROLS,AIRBUS,A321-200,YOK,18650,5610,,6600,19,10,0,7,3,4,1,5,49
PN-103754,21,AIR CONDITIONING,BOEING,777-300ER,YOK,2970,1230,,200,3,1,0,3,4,3,1,4,19
PN-103755,29,HYDRAULIC POWER,BOEING,777-300ER,VAR,3640,1990,1510.0,2230,4,0,1,1,1,0,1,4,12
PN-103756,52,DOORS,BOEING,737-800,VAR,8890,5840,4010.0,6320,1,0,0,1,1,0,0,0,3
PN-103757,36,PNEUMATIC,AIRBUS,A320-200,VAR,5070,2480,1320.0,2830,1,1,1,0,0,0,0,1,4
PN-103758,23,COMMUNICATIONS,AIRBUS,A321neo,YOK,34150,14820,,22480,9,2,0,2,0,1,1,6,21
PN-103759,36,PNEUMATIC,AIRBUS,A320neo,YOK,420,90,,60,1,1,0,1,0,1,0,3,7
PN-103760,25,EQUIPMENT / FURNISHINGS,BOEING,777-300ER,VAR,140,50,50.0,60,1,0,0,0,0,0,0,0,1
PN-103761,35,OXYGEN,AIRBUS,A320-200,VAR,5550,3490,2570.0,5550,18,1,0,1,4,3,1,5,33
PN-103762,36,PNEUMATIC,AIRBUS,A319-100,VAR,460,310,120.0,160,1,1,1,1,0,0,0,2,6
PN-103763,52,DOORS,BOEING,737-800,YOK,14920,6870,,3290,2,0,0,1,2,0,0,1,6
PN-103764,31,INDICATING / RECORDING SYSTEMS,AIRBUS,A321neo,YOK,22170,10660,,3390,6,0,0,1,0,0,2,7,16
PN-103765,31,INDICATING / RECORDING SYSTEMS,BOEING,737 MAX 8,YOK,1840,560,,170,5,1,0,0,0,0,1,2,9
PN-103766,56,WINDOWS,AIRBUS,A320-200,VAR,2230,1190,490.0,740,3,1,1,0,0,0,1,1,7
PN-103767,72,ENGINE,BOEING,737-900ER,VAR,3410,1480,1320.0,2120,2,1,1,0,2,1,0,1,8
PN-103768,74,IGNITION,AIRBUS,A319-100,YOK,6050,1530,,760,1,0,0,0,0,0,0,0,1
PN-103769,29,HYDRAULIC POWER,AIRBUS,A319-100,YOK,1260,430,,190,5,0,0,2,0,1,1,2,11
PN-103770,32,LANDING GEAR,AIRBUS,A321neo,VAR,1740,630,50.0,110,9,3,4,0,5,5,1,10,37
PN-103771,29,HYDRAULIC POWER,AIRBUS,A320neo,YOK,2350,640,,400,2,1,0,1,0,0,0,1,5
PN-103772,35,OXYGEN,AIRBUS,A330-300,YOK,1160,200,,190,1,0,0,0,0,0,0,1,2
PN-103773,24,ELECTRICAL POWER,AIRBUS,A319-100,YOK,490,270,,170,5,2,0,3,0,3,4,7,24
PN-103774,32,LANDING GEAR,AIRBUS,A319-100,YOK,1680,510,,650,3,1,0,1,1,0,0,1,7
PN-103775,25,EQUIPMENT / FURNISHINGS,BOEING,737-800,YOK,4190,1280,,880,1,1,0,0,0,0,0,1,3
PN-103776,35,OXYGEN,AIRBUS,A320neo,YOK,5270,3210,,1540,1,0,0,1,0,0,0,1,3
PN-103777,76,ENGINE CONTROLS,BOEING,737-800,VAR,2750,510,110.0,200,2,2,0,0,1,0,0,1,6
PN-103778,80,STARTING,BOEING,737-800,YOK,11580,7110,,10090,1,0,0,0,0,0,0,1,2
PN-103779,32,LANDING GEAR,AIRBUS,A319-100,VAR,7550,1240,750.0,1210,1,0,1,0,1,0,1,2,6
PN-103780,22,AUTO FLIGHT,BOEING,737-900ER,YOK,2090,1090,,380,4,1,0,1,0,0,0,1,7
PN-103781,26,FIRE PROTECTION,AIRBUS,A320neo,YOK,450,220,,70,1,1,0,0,1,0,0,2,5
PN-103782,23,COMMUNICATIONS,AIRBUS,A321-200,VAR,520,360,150.0,200,5,2,1,1,1,0,0,5,15
PN-103783,72,ENGINE,AIRBUS,A320-200,YOK,280,70,,60,26,5,0,2,7,0,5,17,62
PN-103784,80,STARTING,BOEING,737 MAX 8,YOK,300,110,,120,8,3,0,8,2,2,1,2,26
PN-103785,36,PNEUMATIC,AIRBUS,A330-300,VAR,19610,6990,1100.0,1630,4,1,1,1,1,0,1,3,12
PN-103786,25,EQUIPMENT / FURNISHINGS,AIRBUS,A330-200,VAR,3400,1440,800.0,1170,2,0,0,0,0,0,1,1,4
PN-103787,21,AIR CONDITIONING,BOEING,787-9,VAR,5480,3810,1460.0,2280,2,0,1,0,0,0,0,1,4
PN-103788,80,STARTING,AIRBUS,A321-200,YOK,1820,750,,350,2,1,0,1,0,0,0,3,7
PN-103789,29,HYDRAULIC POWER,BOEING,777-300ER,YOK,400,260,,110,5,1,0,2,3,0,0,4,15
PN-103790,23,COMMUNICATIONS,BOEING,737-800,YOK,9360,4710,,2710,1,3,0,2,3,0,1,1,11
PN-103791,25,EQUIPMENT / FURNISHINGS,BOEING,777-300ER,YOK,2440,1600,,620,2,2,0,1,0,1,0,2,8
PN-103792,27,FLIGHT CONTROLS,BOEING,777-300ER,YOK,5570,2610,,2660,1,1,0,1,0,1,0,3,7
PN-103793,56,WINDOWS,BOEING,787-9,YOK,45230,38130,,15790,2,0,0,0,1,2,1,1,7
PN-103794,77,ENGINE INDICATING,AIRBUS,A320-200,YOK,4560,1790,,690,7,2,0,3,1,0,2,3,18
PN-103795,28,FUEL,BOEING,737-900ER,VAR,2310,1590,770.0,1130,6,2,1,1,1,1,0,3,15
PN-103796,56,WINDOWS,BOEING,737-900ER,VAR,100,50,50.0,50,2,1,0,0,0,0,1,0,4
PN-103797,22,AUTO FLIGHT,BOEING,737-800,YOK,520,320,,130,2,0,0,0,0,0,0,1,3
PN-103798,21,AIR CONDITIONING,AIRBUS,A320neo,VAR,920,580,240.0,500,1,0,0,0,0,0,0,2,3
PN-103799,22,AUTO FLIGHT,BOEING,787-9,YOK,4150,950,,610,2,1,0,0,0,0,0,0,3
PN-103800,79,OIL,AIRBUS,A320neo,YOK,3490,1270,,400,2,3,0,1,0,1,0,1,8
PN-103801,49,AIRBORNE AUXILIARY POWER (APU),AIRBUS,A330-200,VAR,21400,4310,1440.0,2680,5,2,0,1,1,1,0,3,13
PN-103802,73,ENGINE FUEL AND CONTROL,AIRBUS,A330-200,YOK,22020,7130,,3770,0,0,0,1,0,0,0,1,2
PN-103803,21,AIR CONDITIONING,AIRBUS,A320-200,VAR,6440,2620,1490.0,1790,1,0,1,1,0,1,0,1,5
PN-103804,21,AIR CONDITIONING,BOEING,737-800,VAR,540,270,190.0,300,5,1,0,1,0,0,0,2,9
PN-103805,76,ENGINE CONTROLS,AIRBUS,A320-200,YOK,2430,1460,,1100,2,0,0,0,0,0,0,1,3
PN-103806,23,COMMUNICATIONS,BOEING,737-800,YOK,200,130,,60,2,2,0,2,1,0,0,1,8
PN-103807,25,EQUIPMENT / FURNISHINGS,BOEING,737 MAX 8,VAR,720,420,350.0,680,1,1,0,0,0,1,0,0,3
PN-103808,35,OXYGEN,AIRBUS,A321-200,YOK,1730,250,,150,1,0,0,0,0,0,0,1,2
PN-103809,49,AIRBORNE AUXILIARY POWER (APU),BOEING,737-800,YOK,1470,710,,170,3,1,0,1,1,0,0,3,9
PN-103810,26,FIRE PROTECTION,AIRBUS,A320-200,YOK,5280,2030,,650,2,0,0,1,0,1,0,1,5
PN-103811,32,LANDING GEAR,BOEING,737 MAX 8,YOK,14560,3360,,1820,1,1,0,1,1,0,0,1,5
PN-103812,56,WINDOWS,BOEING,777-F,VAR,690,280,60.0,80,2,0,0,1,0,0,0,0,3
PN-103813,32,LANDING GEAR,AIRBUS,A320-200,YOK,3660,1760,,1260,9,2,0,3,0,0,1,1,16
PN-103814,30,ICE & RAIN PROTECTION,BOEING,737-800,YOK,220,130,,60,1,0,0,1,0,0,0,1,3
PN-103815,22,AUTO FLIGHT,AIRBUS,A330-200,VAR,2070,1120,460.0,650,0,0,0,0,0,0,0,1,1
PN-103816,32,LANDING GEAR,AIRBUS,A330-200,YOK,4550,1790,,470,1,0,0,1,0,0,0,1,3
PN-103817,73,ENGINE FUEL AND CONTROL,BOEING,737-800,YOK,820,480,,210,2,2,0,0,0,1,0,1,6
PN-103818,52,DOORS,AIRBUS,A321neo,VAR,2650,460,160.0,210,1,0,0,0,0,0,0,0,1
PN-103819,77,ENGINE INDICATING,AIRBUS,A350-900,YOK,1680,700,,670,1,1,0,1,0,0,0,1,4
PN-103820,24,ELECTRICAL POWER,AIRBUS,A320neo,YOK,44320,31120,,22230,14,7,0,5,2,3,2,3,36
PN-103821,21,AIR CONDITIONING,AIRBUS,A321-200,YOK,5530,3020,,1820,1,0,0,0,1,0,0,0,2
PN-103822,36,PNEUMATIC,BOEING,737 MAX 8,YOK,1260,540,,430,1,1,0,0,1,0,0,1,4
PN-103823,25,EQUIPMENT / FURNISHINGS,AIRBUS,A320-200,VAR,1390,910,1390.0,1390,8,5,5,3,2,2,0,5,30
PN-103824,49,AIRBORNE AUXILIARY POWER (APU),AIRBUS,A330-300,YOK,4740,1150,,2600,2,1,0,3,2,1,0,3,12
PN-103825,77,ENGINE INDICATING,AIRBUS,A320-200,YOK,500,110,,50,1,0,0,1,1,0,0,1,4
PN-103826,29,HYDRAULIC POWER,BOEING,737 MAX 8,VAR,2720,1330,360.0,640,2,0,0,1,0,2,0,3,8
PN-103827,36,PNEUMATIC,AIRBUS,A330-300,YOK,12430,8600,,2660,2,1,0,1,2,0,1,1,8
PN-103828,56,WINDOWS,AIRBUS,A321neo,YOK,1780,1050,,670,8,1,0,1,0,0,0,7,17
PN-103829,24,ELECTRICAL POWER,AIRBUS,A320neo,YOK,1000,260,,480,2,0,0,0,0,0,1,2,5
PN-103830,77,ENGINE INDICATING,AIRBUS,A321neo,YOK,500,200,,100,1,1,0,1,0,0,0,0,3
PN-103831,26,FIRE PROTECTION,BOEING,777-F,YOK,970,440,,230,1,0,0,0,0,0,0,0,1
PN-103832,74,IGNITION,AIRBUS,A330-200,YOK,740,280,,180,3,0,0,1,0,0,0,1,5
PN-103833,56,WINDOWS,AIRBUS,A321neo,YOK,1260,370,,150,1,0,0,0,0,0,0,0,1
PN-103834,24,ELECTRICAL POWER,BOEING,737-800,VAR,3230,1420,180.0,290,2,1,0,0,0,1,0,1,5
PN-103835,71,POWER PLANT,AIRBUS,A321-200,YOK,1540,620,,1460,1,0,0,0,1,0,1,0,3
PN-103836,26,FIRE PROTECTION,AIRBUS,A321neo,VAR,1530,340,230.0,380,4,1,2,1,1,0,0,1,10
PN-103837,49,AIRBORNE AUXILIARY POWER (APU),AIRBUS,A321-200,YOK,6970,3100,,1380,1,0,0,1,0,0,1,2,5
PN-103838,79,OIL,AIRBUS,A320-200,YOK,8620,3980,,2050,1,0,0,2,1,1,1,3,9
PN-103839,79,OIL,BOEING,737-800,YOK,2940,1120,,420,1,0,0,1,0,0,0,0,2
PN-103840,76,ENGINE CONTROLS,BOEING,737 MAX 8,YOK,2290,700,,730,2,1,0,2,0,0,0,2,7
PN-103841,34,NAVIGATION,BOEING,777-300ER,VAR,1310,280,50.0,80,1,0,0,0,0,0,0,1,2
PN-103842,36,PNEUMATIC,BOEING,777-300ER,YOK,330,170,,130,1,0,0,0,0,0,1,2,4
PN-103843,28,FUEL,AIRBUS,A321neo,YOK,230,60,,50,13,14,0,4,1,4,3,10,49
PN-103844,77,ENGINE INDICATING,AIRBUS,A321-200,VAR,1580,1190,430.0,660,9,0,0,1,0,1,0,3,14
PN-103845,34,NAVIGATION,AIRBUS,A350-900,VAR,2050,1150,700.0,1160,1,1,1,1,0,0,0,2,6
PN-103846,73,ENGINE FUEL AND CONTROL,BOEING,777-F,YOK,500,300,,80,54,17,0,40,5,5,12,11,144
PN-103847,30,ICE & RAIN PROTECTION,BOEING,737-800,VAR,5580,1240,410.0,780,1,0,0,0,0,0,0,1,2
PN-103848,72,ENGINE,AIRBUS,A330-200,YOK,1230,810,,420,14,0,0,4,0,1,0,15,34
PN-103849,26,FIRE PROTECTION,BOEING,737-800,YOK,640,410,,640,1,0,0,0,0,0,0,0,1
PN-103850,72,ENGINE,BOEING,737-900ER,YOK,4790,1090,,570,3,1,0,1,0,0,1,3,9
PN-103851,22,AUTO FLIGHT,BOEING,777-300ER,YOK,13720,4410,,1770,1,0,0,0,0,0,0,1,2
PN-103852,23,COMMUNICATIONS,BOEING,737-900ER,VAR,5150,3280,1910.0,2640,2,0,0,1,1,1,0,2,7
PN-103853,30,ICE & RAIN PROTECTION,AIRBUS,A321neo,VAR,1070,500,120.0,200,2,0,0,1,0,0,1,1,5
PN-103854,34,NAVIGATION,AIRBUS,A320neo,YOK,190,90,,50,2,0,0,1,0,0,1,1,5
PN-103855,71,POWER PLANT,AIRBUS,A330-200,YOK,6330,4770,,2000,10,3,0,1,2,1,1,2,20
PN-103856,30,ICE & RAIN PROTECTION,AIRBUS,A321-200,YOK,3180,1210,,1200,1,0,0,0,1,0,0,1,3
PN-103857,21,AIR CONDITIONING,BOEING,777-F,YOK,69250,43980,,23400,5,1,0,2,0,1,0,1,10
PN-103858,29,HYDRAULIC POWER,AIRBUS,A330-200,YOK,3400,2670,,3320,4,4,0,2,1,2,1,5,19
PN-103859,32,LANDING GEAR,AIRBUS,A321neo,YOK,980,180,,50,1,0,0,0,0,1,0,1,3
PN-103860,36,PNEUMATIC,AIRBUS,A321-200,VAR,2300,290,80.0,110,1,0,0,0,0,0,1,1,3
PN-103861,52,DOORS,AIRBUS,A350-900,VAR,400,160,70.0,110,2,0,0,1,1,0,0,1,5
PN-103862,27,FLIGHT CONTROLS,AIRBUS,A330-200,YOK,530,220,,190,5,1,0,0,2,0,3,2,13
PN-103863,49,AIRBORNE AUXILIARY POWER (APU),AIRBUS,A320-200,YOK,2630,1530,,900,18,3,0,2,1,0,1,4,29
PN-103864,52,DOORS,BOEING,737 MAX 8,YOK,6140,3050,,740,1,0,0,1,0,0,0,2,4
PN-103865,73,ENGINE FUEL AND CONTROL,AIRBUS,A321-200,YOK,1730,580,,280,2,1,0,2,0,0,0,1,6
PN-103866,35,OXYGEN,AIRBUS,A321neo,YOK,460,170,,50,1,0,0,1,0,0,0,0,2
PN-103867,74,IGNITION,AIRBUS,A320neo,VAR,2260,1320,450.0,840,3,1,0,0,0,0,1,1,6
PN-103868,26,FIRE PROTECTION,AIRBUS,A330-300,VAR,2180,1430,450.0,980,2,0,0,0,0,0,0,1,3
PN-103869,71,POWER PLANT,BOEING,737-800,YOK,850,150,,280,2,1,0,1,0,0,0,2,6
PN-103870,22,AUTO FLIGHT,BOEING,777-300ER,YOK,9480,2950,,2340,2,1,0,1,0,0,0,1,5
PN-103871,23,COMMUNICATIONS,AIRBUS,A319-100,VAR,1510,490,260.0,360,1,0,1,1,1,1,1,2,8
PN-103872,76,ENGINE CONTROLS,BOEING,787-9,YOK,1000,320,,100,2,1,0,1,0,0,0,0,4
PN-103873,34,NAVIGATION,BOEING,737-800,YOK,800,450,,310,1,1,0,0,0,0,0,1,3
PN-103874,52,DOORS,AIRBUS,A321-200,YOK,5520,3000,,1700,3,1,0,1,0,0,0,2,7
PN-103875,49,AIRBORNE AUXILIARY POWER (APU),AIRBUS,A320neo,YOK,870,380,,290,1,0,0,0,0,0,0,0,1
PN-103876,71,POWER PLANT,AIRBUS,A321-200,VAR,100,50,50.0,50,1,0,0,1,1,0,0,1,4
PN-103877,27,FLIGHT CONTROLS,BOEING,737 MAX 8,YOK,2460,1160,,920,1,0,0,1,1,0,0,0,3
PN-103878,25,EQUIPMENT / FURNISHINGS,AIRBUS,A321-200,YOK,13040,4950,,4460,5,1,0,2,2,2,0,1,13
PN-103879,22,AUTO FLIGHT,AIRBUS,A321neo,YOK,2420,1170,,670,2,0,0,1,0,0,0,1,4
PN-103880,76,ENGINE CONTROLS,BOEING,737-800,VAR,1920,740,270.0,550,2,0,0,1,0,0,0,1,4
PN-103881,26,FIRE PROTECTION,BOEING,737 MAX 8,YOK,5250,1930,,1360,2,1,0,0,0,0,0,1,4
PN-103882,36,PNEUMATIC,BOEING,737-800,VAR,1650,1110,470.0,690,1,1,0,0,0,0,0,1,3
PN-103883,32,LANDING GEAR,BOEING,737-800,YOK,3890,1810,,720,3,1,0,2,1,0,0,0,7
PN-103884,25,EQUIPMENT / FURNISHINGS,AIRBUS,A320-200,YOK,160,130,,130,1,1,0,1,0,0,0,2,5
PN-103885,31,INDICATING / RECORDING SYSTEMS,BOEING,737 MAX 8,YOK,5050,2800,,2050,1,1,0,0,0,0,1,1,4
PN-103886,23,COMMUNICATIONS,AIRBUS,A320neo,VAR,13960,5130,2550.0,3940,1,1,0,0,0,1,0,1,4
PN-103887,25,EQUIPMENT / FURNISHINGS,AIRBUS,A320-200,VAR,110,50,50.0,60,1,0,0,0,0,0,0,1,2
PN-103888,24,ELECTRICAL POWER,BOEING,787-9,YOK,3930,1740,,610,2,0,0,0,0,0,0,1,3
PN-103889,74,IGNITION,AIRBUS,A320neo,YOK,150,50,,80,2,1,0,0,0,0,1,1,5
PN-103890,36,PNEUMATIC,AIRBUS,A320-200,VAR,370,210,140.0,220,4,1,1,0,0,0,0,1,7
PN-103891,79,OIL,AIRBUS,A350-900,YOK,2790,1180,,1940,1,0,0,0,0,0,1,0,2
PN-103892,32,LANDING GEAR,AIRBUS,A321-200,VAR,8330,4050,6340.0,8330,11,1,0,1,1,2,1,3,20
PN-103893,26,FIRE PROTECTION,AIRBUS,A320-200,YOK,320,80,,50,2,1,0,1,1,0,1,1,7
PN-103894,49,AIRBORNE AUXILIARY POWER (APU),AIRBUS,A350-900,YOK,3180,1700,,1400,8,5,0,3,3,0,0,1,20
PN-103895,79,OIL,BOEING,737-800,VAR,1640,840,270.0,440,2,1,0,1,3,1,0,1,9
PN-103896,35,OXYGEN,BOEING,737-900ER,YOK,3500,1920,,2500,3,1,0,0,1,0,1,1,7
PN-103897,21,AIR CONDITIONING,AIRBUS,A320-200,VAR,1220,250,80.0,150,26,2,4,4,4,2,1,10,53
PN-103898,28,FUEL,AIRBUS,A330-300,YOK,4710,4000,,3800,2,0,0,2,0,0,0,1,5
PN-103899,79,OIL,BOEING,737 MAX 8,YOK,570,140,,50,1,0,0,1,0,0,0,1,3
PN-103900,35,OXYGEN,AIRBUS,A320-200,YOK,500,200,,50,1,0,0,0,0,0,0,0,1
PN-103901,79,OIL,AIRBUS,A320neo,YOK,26930,15660,,9870,14,0,0,12,1,2,0,3,32
PN-103902,35,OXYGEN,AIRBUS,A319-100,YOK,3710,1530,,1080,6,3,0,3,1,2,2,1,18
PN-103903,21,AIR CONDITIONING,AIRBUS,A330-200,VAR,1110,420,130.0,250,1,0,0,0,0,0,1,1,3
PN-103904,76,ENGINE CONTROLS,AIRBUS,A320neo,YOK,6360,3950,,2230,1,0,0,1,0,0,0,1,3
PN-103905,72,ENGINE,BOEING,737-800,YOK,18330,9740,,5660,3,1,0,2,1,0,1,1,9
PN-103906,71,POWER PLANT,BOEING,787-9,YOK,4040,2710,,1200,7,3,0,2,2,6,0,2,22
PN-103907,80,STARTING,AIRBUS,A320neo,VAR,1220,990,470.0,600,1,0,0,0,0,0,0,1,2
PN-103908,26,FIRE PROTECTION,BOEING,737-800,YOK,6750,670,,530,1,0,0,0,0,0,0,0,1
PN-103909,77,ENGINE INDICATING,AIRBUS,A320neo,YOK,15290,7570,,8980,16,3,0,12,2,2,3,4,42
PN-103910,27,FLIGHT CONTROLS,AIRBUS,A319-100,VAR,3080,1230,350.0,500,4,1,1,1,1,0,0,2,10
PN-103911,80,STARTING,BOEING,737-800,YOK,9560,3270,,3490,2,1,0,0,1,2,1,3,10
PN-103912,25,EQUIPMENT / FURNISHINGS,AIRBUS,A321neo,VAR,7390,2440,2200.0,3390,2,0,0,1,0,0,0,1,4
PN-103913,36,PNEUMATIC,BOEING,777-F,VAR,270,170,50.0,80,2,1,2,0,1,0,0,2,8
PN-103914,73,ENGINE FUEL AND CONTROL,AIRBUS,A330-200,VAR,17020,6980,6320.0,10940,1,1,0,0,0,0,0,0,2
PN-103915,23,COMMUNICATIONS,AIRBUS,A320-200,YOK,1060,660,,250,1,1,0,0,0,0,0,0,2
PN-103916,22,AUTO FLIGHT,AIRBUS,A321neo,VAR,3090,1320,520.0,940,1,1,0,1,2,0,0,1,6
PN-103917,76,ENGINE CONTROLS,AIRBUS,A320neo,YOK,1110,490,,130,1,0,0,0,0,0,0,0,1
PN-103918,22,AUTO FLIGHT,BOEING,737 MAX 8,YOK,280,120,,90,1,0,0,1,0,1,0,1,4
PN-103919,49,AIRBORNE AUXILIARY POWER (APU),BOEING,737-800,VAR,7950,5150,4470.0,6270,2,0,1,1,1,0,0,1,6
PN-103920,79,OIL,AIRBUS,A321-200,YOK,1590,890,,980,2,1,0,1,0,0,0,1,5
PN-103921,49,AIRBORNE AUXILIARY POWER (APU),AIRBUS,A330-200,YOK,230,110,,50,2,1,0,0,0,1,0,1,5
PN-103922,34,NAVIGATION,BOEING,737-800,YOK,7940,3210,,1850,1,0,0,1,0,0,0,1,3
PN-103923,31,INDICATING / RECORDING SYSTEMS,BOEING,737-900ER,VAR,5360,3280,2110.0,3240,1,0,0,0,0,0,0,0,1
PN-103924,52,DOORS,AIRBUS,A320-200,VAR,2940,780,560.0,860,2,0,0,1,0,1,0,1,5
PN-103925,36,PNEUMATIC,AIRBUS,A319-100,YOK,2110,1230,,910,1,1,0,0,0,1,0,1,4
PN-103926,35,OXYGEN,AIRBUS,A320-200,VAR,1050,510,60.0,90,1,0,0,0,0,0,0,0,1
PN-103927,24,ELECTRICAL POWER,AIRBUS,A321-200,YOK,1380,800,,660,2,2,0,1,1,0,0,3,9
PN-103928,56,WINDOWS,AIRBUS,A321neo,VAR,2240,1110,410.0,580,2,1,0,0,0,0,0,0,3
PN-103929,72,ENGINE,AIRBUS,A320-200,YOK,16080,2060,,920,3,1,0,2,0,0,0,2,8
PN-103930,71,POWER PLANT,AIRBUS,A321neo,YOK,340,80,,50,1,0,0,0,0,0,0,0,1
PN-103931,22,AUTO FLIGHT,AIRBUS,A321neo,YOK,640,400,,200,3,2,0,1,0,1,1,3,11
PN-103932,71,POWER PLANT,AIRBUS,A320-200,YOK,2170,1280,,650,1,0,0,0,0,0,0,1,2
PN-103933,71,POWER PLANT,BOEING,777-300ER,VAR,1740,1240,260.0,310,2,2,1,0,0,0,1,2,8
PN-103934,25,EQUIPMENT / FURNISHINGS,AIRBUS,A330-300,YOK,1150,280,,140,0,1,0,0,0,0,0,1,2
PN-103935,76,ENGINE CONTROLS,AIRBUS,A321-200,YOK,2670,1260,,630,2,0,0,1,0,0,0,1,4
PN-103936,35,OXYGEN,AIRBUS,A330-200,YOK,15100,10870,,4880,3,1,0,2,1,0,1,2,10
PN-103937,34,NAVIGATION,AIRBUS,A321-200,VAR,13140,3320,1300.0,2000,5,1,0,2,1,0,1,1,11
PN-103938,71,POWER PLANT,BOEING,737 MAX 8,YOK,120,50,,50,5,2,0,5,2,1,0,5,20
PN-103939,35,OXYGEN,AIRBUS,A330-300,VAR,1030,430,120.0,170,2,1,0,0,0,0,0,2,5
PN-103940,36,PNEUMATIC,AIRBUS,A330-200,VAR,4400,2080,1540.0,2300,3,1,0,0,0,1,1,1,7
PN-103941,29,HYDRAULIC POWER,BOEING,777-300ER,VAR,1810,1110,540.0,800,1,0,0,0,0,0,1,0,2
PN-103942,79,OIL,BOEING,737 MAX 8,YOK,8810,6750,,7100,2,0,0,2,0,0,0,1,5
PN-103943,80,STARTING,BOEING,737 MAX 8,YOK,990,70,,50,1,1,0,1,0,0,0,2,5
PN-103944,24,ELECTRICAL POWER,AIRBUS,A320neo,VAR,4590,2970,1780.0,2690,4,2,4,2,1,2,3,6,24
PN-103945,72,ENGINE,AIRBUS,A320-200,YOK,13360,5540,,940,2,1,0,1,0,1,0,2,7
PN-103946,21,AIR CONDITIONING,BOEING,737-800,VAR,3890,960,1040.0,1860,3,1,1,1,1,0,0,2,9
PN-103947,30,ICE & RAIN PROTECTION,AIRBUS,A321neo,YOK,7830,3090,,2430,3,0,0,1,0,1,0,1,6
PN-103948,80,STARTING,BOEING,737-800,YOK,6560,2740,,2630,9,2,0,1,1,1,2,3,19
PN-103949,25,EQUIPMENT / FURNISHINGS,BOEING,737-900ER,VAR,110,50,50.0,50,1,0,0,1,1,0,0,1,4
PN-103950,30,ICE & RAIN PROTECTION,AIRBUS,A321-200,VAR,3310,840,420.0,530,3,1,0,3,1,1,1,1,11
PN-103951,26,FIRE PROTECTION,AIRBUS,A321-200,YOK,3320,2300,,2100,1,0,0,0,0,0,0,0,1
PN-103952,71,POWER PLANT,AIRBUS,A330-200,YOK,2260,780,,230,1,0,0,1,0,0,0,0,2
PN-103953,34,NAVIGATION,AIRBUS,A320neo,YOK,190,120,,190,1,0,0,0,0,0,0,0,1
PN-103954,49,AIRBORNE AUXILIARY POWER (APU),BOEING,737-800,YOK,13230,3420,,930,5,2,0,2,3,1,1,2,16
PN-103955,79,OIL,BOEING,737-800,YOK,1380,380,,160,4,0,0,5,1,0,1,1,12
PN-103956,35,OXYGEN,AIRBUS,A321neo,YOK,11130,6220,,2540,2,1,0,1,0,0,0,4,8
PN-103957,72,ENGINE,BOEING,737-800,VAR,3360,2050,780.0,1690,2,1,1,1,0,0,0,1,6
PN-103958,23,COMMUNICATIONS,AIRBUS,A330-200,VAR,3220,2590,910.0,1880,2,0,0,1,0,0,0,0,3
PN-103959,26,FIRE PROTECTION,BOEING,737-800,YOK,950,670,,510,1,0,0,1,0,0,0,1,3
PN-103960,79,OIL,AIRBUS,A320neo,VAR,100,50,50.0,50,11,8,0,1,0,1,1,2,24
PN-103961,76,ENGINE CONTROLS,BOEING,737-800,YOK,850,360,,380,8,3,0,4,0,2,4,6,27
PN-103962,56,WINDOWS,BOEING,737-800,VAR,19600,7690,1530.0,2640,2,2,1,1,1,0,0,1,8
PN-103963,30,ICE & RAIN PROTECTION,AIRBUS,A320neo,VAR,100,50,50.0,50,2,1,1,0,1,0,1,1,7
PN-103964,26,FIRE PROTECTION,AIRBUS,A330-300,YOK,2390,770,,210,3,2,0,3,0,1,1,2,12
PN-103965,76,ENGINE CONTROLS,BOEING,737 MAX 8,YOK,1070,360,,330,2,0,0,1,0,1,0,1,5
PN-103966,73,ENGINE FUEL AND CONTROL,AIRBUS,A320neo,VAR,3250,1400,480.0,890,2,1,1,0,0,0,1,1,6
PN-103967,27,FLIGHT CONTROLS,BOEING,737-800,YOK,3490,1400,,1970,2,1,0,1,0,1,1,1,7
PN-103968,49,AIRBORNE AUXILIARY POWER (APU),BOEING,777-F,YOK,1290,190,,50,2,0,0,1,0,0,0,0,3
PN-103969,52,DOORS,BOEING,737 MAX 8,YOK,5580,2010,,2520,1,0,0,1,0,1,0,1,4
PN-103970,34,NAVIGATION,AIRBUS,A321neo,YOK,1990,680,,310,1,0,0,1,0,0,0,0,2
PN-103971,79,OIL,AIRBUS,A350-900,YOK,260,70,,50,5,0,0,2,4,1,1,4,17
PN-103972,24,ELECTRICAL POWER,BOEING,787-9,VAR,980,710,210.0,270,3,1,2,3,1,0,0,3,13
PN-103973,27,FLIGHT CONTROLS,AIRBUS,A330-300,VAR,3390,2120,390.0,520,9,4,2,4,4,1,1,2,27
PN-103974,23,COMMUNICATIONS,AIRBUS,A320-200,VAR,480,240,50.0,110,1,0,0,0,0,0,0,0,1
PN-103975,71,POWER PLANT,AIRBUS,A319-100,VAR,2760,750,240.0,300,14,5,1,3,4,0,5,9,41
PN-103976,52,DOORS,BOEING,737-900ER,YOK,430,280,,320,1,0,0,0,0,0,0,0,1
PN-103977,80,STARTING,AIRBUS,A321neo,VAR,660,170,50.0,60,1,0,0,1,0,0,0,0,2
PN-103978,36,PNEUMATIC,AIRBUS,A320neo,YOK,2480,1140,,700,1,0,0,1,0,0,0,1,3
PN-103979,24,ELECTRICAL POWER,AIRBUS,A321-200,VAR,3490,2110,1460.0,1970,7,2,6,2,4,0,0,5,26
PN-103980,32,LANDING GEAR,BOEING,737-800,YOK,7360,3970,,1030,2,2,0,1,1,2,2,3,13
PN-103981,23,COMMUNICATIONS,AIRBUS,A321neo,YOK,2400,1240,,460,1,1,0,0,1,0,0,1,4
PN-103982,56,WINDOWS,BOEING,737 MAX 8,YOK,1420,810,,310,1,1,0,0,0,0,0,0,2
PN-103983,56,WINDOWS,BOEING,737-800,VAR,6500,2690,810.0,1450,0,0,1,0,0,0,0,0,1
PN-103984,76,ENGINE CONTROLS,BOEING,787-9,YOK,670,130,,100,4,1,0,4,1,1,1,4,16
PN-103985,29,HYDRAULIC POWER,BOEING,777-300ER,YOK,4100,1020,,420,5,5,0,2,0,1,0,5,18
PN-103986,29,HYDRAULIC POWER,AIRBUS,A320neo,YOK,560,130,,70,6,1,0,8,0,1,1,13,30
PN-103987,22,AUTO FLIGHT,BOEING,737-800,YOK,1860,950,,550,1,1,0,1,0,1,1,3,8
PN-103988,31,INDICATING / RECORDING SYSTEMS,AIRBUS,A319-100,VAR,1930,500,50.0,60,1,0,0,0,0,0,0,0,1
PN-103989,34,NAVIGATION,BOEING,787-9,YOK,1620,710,,400,1,0,0,0,0,0,0,1,2
PN-103990,72,ENGINE,AIRBUS,A320neo,YOK,1360,560,,120,5,1,0,4,1,0,3,4,18
PN-103991,72,ENGINE,BOEING,737-800,YOK,370,140,,50,3,1,0,1,0,0,0,3,8
PN-103992,24,ELECTRICAL POWER,BOEING,737 MAX 8,VAR,18190,11620,6300.0,8500,1,2,1,0,0,0,0,1,5
PN-103993,28,FUEL,AIRBUS,A320-200,VAR,1500,450,180.0,310,1,0,0,0,0,0,0,1,2
PN-103994,35,OXYGEN,BOEING,737 MAX 8,YOK,410,100,,50,3,1,0,1,0,0,0,4,9
PN-103995,29,HYDRAULIC POWER,AIRBUS,A319-100,YOK,820,470,,100,5,1,0,2,1,1,0,3,13
PN-103996,21,AIR CONDITIONING,AIRBUS,A321neo,YOK,6080,3220,,630,5,2,0,2,1,0,1,1,12
PN-103997,74,IGNITION,AIRBUS,A321neo,YOK,260,190,,200,2,1,0,0,0,0,0,0,3
PN-103998,72,ENGINE,AIRBUS,A321-200,YOK,6310,3590,,2620,5,2,0,2,0,3,0,2,14
PN-103999,35,OXYGEN,AIRBUS,A330-300,YOK,3730,1030,,380,1,0,0,0,0,0,0,0,1
PN-104000,29,HYDRAULIC POWER,BOEING,777-300ER,VAR,8690,3480,1140.0,1550,4,1,0,0,1,0,0,2,8
PN-104001,74,IGNITION,AIRBUS,A321-200,YOK,400,190,,130,1,0,0,0,0,0,0,0,1
PN-104002,21,AIR CONDITIONING,AIRBUS,A330-300,VAR,6280,3920,1510.0,2950,1,1,0,0,0,0,0,0,2
PN-104003,32,LANDING GEAR,BOEING,737 MAX 8,YOK,6810,2880,,1380,3,2,0,1,0,0,0,2,8
PN-104004,73,ENGINE FUEL AND CONTROL,BOEING,737-900ER,YOK,3280,1220,,780,38,9,0,3,1,0,7,11,69
PN-104005,79,OIL,AIRBUS,A319-100,YOK,8760,3550,,3480,1,0,0,0,0,0,0,0,1
PN-104006,27,FLIGHT CONTROLS,BOEING,777-F,YOK,1730,1210,,390,1,0,0,0,0,0,0,1,2
PN-104007,52,DOORS,AIRBUS,A319-100,VAR,830,500,550.0,830,1,0,1,1,0,0,0,2,5
PN-104008,25,EQUIPMENT / FURNISHINGS,AIRBUS,A330-300,YOK,3810,1130,,260,5,4,0,3,1,1,1,7,22
PN-104009,24,ELECTRICAL POWER,AIRBUS,A330-300,VAR,4550,890,270.0,530,3,1,0,1,0,1,0,4,10
PN-104010,30,ICE & RAIN PROTECTION,BOEING,737-900ER,YOK,1550,450,,340,3,2,0,2,1,1,0,1,10
PN-104011,77,ENGINE INDICATING,AIRBUS,A320-200,VAR,1170,250,110.0,160,1,1,0,0,0,1,0,1,4
PN-104012,56,WINDOWS,AIRBUS,A320-200,VAR,15300,3760,1470.0,2490,1,0,0,0,0,0,0,1,2
PN-104013,34,NAVIGATION,BOEING,737-800,YOK,220,110,,70,2,1,0,2,0,0,0,2,7
PN-104014,28,FUEL,AIRBUS,A320-200,YOK,1270,810,,270,1,0,0,2,0,0,0,1,4
PN-104015,24,ELECTRICAL POWER,AIRBUS,A321neo,VAR,3460,880,660.0,890,8,1,1,0,1,1,2,2,16
PN-104016,28,FUEL,BOEING,737-800,VAR,3110,1960,880.0,1430,1,1,0,0,0,0,0,0,2
PN-104017,24,ELECTRICAL POWER,BOEING,737-800,YOK,2850,1740,,1170,3,0,0,4,4,3,1,3,18
PN-104018,25,EQUIPMENT / FURNISHINGS,AIRBUS,A320neo,YOK,230,90,,50,1,0,0,1,1,2,0,0,5
PN-104019,56,WINDOWS,AIRBUS,A321-200,YOK,720,200,,50,1,0,0,1,0,0,0,1,3
PN-104020,24,ELECTRICAL POWER,BOEING,787-9,VAR,2070,1140,550.0,730,1,0,0,0,0,0,0,1,2
PN-104021,22,AUTO FLIGHT,AIRBUS,A321neo,YOK,2190,980,,220,1,0,0,0,0,0,0,1,2
PN-104022,36,PNEUMATIC,AIRBUS,A319-100,YOK,880,470,,290,3,0,0,5,4,1,0,2,15
PN-104023,28,FUEL,AIRBUS,A320neo,VAR,9250,2690,1140.0,1750,1,0,1,0,2,0,1,1,6
PN-104024,32,LANDING GEAR,AIRBUS,A321-200,VAR,11350,3890,740.0,1180,7,0,1,0,0,1,1,3,13
PN-104025,24,ELECTRICAL POWER,BOEING,787-9,YOK,2490,1200,,930,1,1,0,1,0,0,0,1,4
PN-104026,26,FIRE PROTECTION,AIRBUS,A321-200,YOK,1040,450,,310,1,1,0,1,0,0,0,1,4
PN-104027,32,LANDING GEAR,AIRBUS,A319-100,VAR,6120,4290,630.0,1370,1,0,0,1,0,0,0,1,3
PN-104028,56,WINDOWS,AIRBUS,A330-200,YOK,2850,1370,,2010,2,0,0,1,0,0,0,1,4
PN-104029,31,INDICATING / RECORDING SYSTEMS,AIRBUS,A320-200,YOK,3030,690,,400,2,2,0,1,0,1,1,1,8
PN-104030,36,PNEUMATIC,AIRBUS,A320neo,YOK,13650,8640,,8540,2,1,0,2,1,0,0,1,7
PN-104031,35,OXYGEN,BOEING,787-9,VAR,5030,2410,870.0,1230,1,0,0,1,0,0,0,0,2
PN-104032,27,FLIGHT CONTROLS,BOEING,737-800,YOK,2190,960,,560,2,1,0,0,0,0,1,1,5
PN-104033,28,FUEL,AIRBUS,A319-100,YOK,13660,5020,,1370,4,0,0,3,1,1,1,1,11
PN-104034,32,LANDING GEAR,AIRBUS,A321neo,YOK,12210,3300,,3030,4,1,0,1,1,0,0,2,9
PN-104035,21,AIR CONDITIONING,AIRBUS,A320-200,VAR,9050,6990,6600.0,9050,2,0,1,1,1,0,0,1,6
PN-104036,56,WINDOWS,AIRBUS,A320-200,YOK,9680,2710,,1280,3,2,0,4,2,3,4,2,20
PN-104037,49,AIRBORNE AUXILIARY POWER (APU),AIRBUS,A330-300,VAR,9000,2750,380.0,740,1,0,0,0,0,1,0,1,3
PN-104038,28,FUEL,AIRBUS,A330-200,VAR,920,460,90.0,150,7,1,3,1,0,0,1,5,18
PN-104039,30,ICE & RAIN PROTECTION,BOEING,737-800,YOK,560,320,,130,1,0,0,0,0,0,0,1,2
PN-104040,29,HYDRAULIC POWER,BOEING,777-300ER,YOK,2000,970,,640,5,3,0,3,0,1,3,1,16
PN-104041,52,DOORS,AIRBUS,A320neo,VAR,4290,1500,250.0,490,3,1,0,0,1,1,0,2,8
PN-104042,72,ENGINE,BOEING,777-300ER,YOK,7930,3780,,1710,2,1,0,3,0,0,0,1,7
PN-104043,23,COMMUNICATIONS,AIRBUS,A330-200,YOK,3680,1970,,1060,1,0,0,0,0,0,0,1,2
PN-104044,31,INDICATING / RECORDING SYSTEMS,AIRBUS,A320neo,YOK,520,160,,50,1,0,0,0,0,0,0,0,1
PN-104045,21,AIR CONDITIONING,BOEING,737 MAX 8,YOK,140,50,,60,1,1,0,1,0,0,0,1,4
PN-104046,32,LANDING GEAR,AIRBUS,A319-100,VAR,31840,11760,1730.0,2490,6,3,1,0,1,2,1,3,17
PN-104047,27,FLIGHT CONTROLS,AIRBUS,A330-300,YOK,1450,400,,350,1,0,0,1,0,0,0,1,3
PN-104048,29,HYDRAULIC POWER,BOEING,737-800,YOK,9440,3770,,960,5,0,0,1,1,0,1,2,10
PN-104049,32,LANDING GEAR,AIRBUS,A320neo,YOK,1410,1020,,1000,1,1,0,1,0,0,0,0,3
PN-104050,29,HYDRAULIC POWER,BOEING,737 MAX 8,VAR,13490,2760,1180.0,1440,3,1,0,0,0,2,0,1,7
PN-104051,31,INDICATING / RECORDING SYSTEMS,AIRBUS,A320neo,YOK,2850,1450,,810,1,0,0,0,0,0,0,1,2
PN-104052,72,ENGINE,BOEING,737 MAX 8,YOK,63420,9950,,4340,3,2,0,1,0,3,0,2,11
PN-104053,74,IGNITION,AIRBUS,A320-200,YOK,1430,740,,700,1,0,0,1,0,0,0,1,3
PN-104054,21,AIR CONDITIONING,AIRBUS,A320-200,VAR,6900,1780,560.0,1030,1,0,0,1,0,0,0,1,3
PN-104055,30,ICE & RAIN PROTECTION,AIRBUS,A321-200,YOK,7770,3720,,3950,1,1,0,0,0,0,0,1,3
PN-104056,76,ENGINE CONTROLS,BOEING,737 MAX 8,VAR,17110,8420,4510.0,8150,1,0,0,0,0,1,0,1,3
PN-104057,35,OXYGEN,AIRBUS,A320-200,YOK,630,70,,70,1,0,0,0,0,0,0,0,1
PN-104058,26,FIRE PROTECTION,BOEING,737 MAX 8,YOK,2870,1690,,1130,3,1,0,1,1,1,0,3,10
PN-104059,49,AIRBORNE AUXILIARY POWER (APU),AIRBUS,A320neo,YOK,1500,1020,,750,2,0,0,1,1,0,0,2,6
PN-104060,24,ELECTRICAL POWER,AIRBUS,A321neo,YOK,3040,1920,,1060,1,0,0,0,0,0,0,0,1
PN-104061,21,AIR CONDITIONING,AIRBUS,A321-200,VAR,2500,450,80.0,130,1,0,0,1,1,0,0,1,4
PN-104062,52,DOORS,AIRBUS,A320-200,YOK,4030,2630,,1300,4,0,0,1,1,2,0,2,10
PN-104063,35,OXYGEN,BOEING,777-F,YOK,190,90,,50,1,1,0,0,0,0,0,0,2
PN-104064,72,ENGINE,AIRBUS,A321neo,YOK,1080,360,,250,13,2,0,15,5,0,2,8,45
PN-104065,29,HYDRAULIC POWER,BOEING,737-800,YOK,5040,1620,,620,2,0,0,0,0,1,0,1,4
PN-104066,76,ENGINE CONTROLS,AIRBUS,A330-300,YOK,11840,3200,,3790,3,2,0,1,0,1,0,2,9
PN-104067,31,INDICATING / RECORDING SYSTEMS,AIRBUS,A330-200,YOK,7400,1700,,560,5,1,0,1,2,3,0,3,15
PN-104068,72,ENGINE,AIRBUS,A350-900,YOK,19230,4390,,3120,7,3,0,3,1,1,0,3,18
PN-104069,23,COMMUNICATIONS,BOEING,777-300ER,YOK,15940,13030,,9720,1,0,0,0,0,0,0,0,1
PN-104070,23,COMMUNICATIONS,BOEING,737-800,YOK,3600,510,,200,1,0,0,1,0,0,0,0,2
PN-104071,73,ENGINE FUEL AND CONTROL,AIRBUS,A330-200,VAR,11170,4620,1130.0,1950,10,2,2,3,0,2,1,3,23
PN-104072,74,IGNITION,BOEING,737-800,YOK,1520,310,,410,1,0,0,0,0,0,0,1,2
PN-104073,79,OIL,AIRBUS,A350-900,VAR,250,60,50.0,50,4,1,0,5,2,0,2,2,16
PN-104074,29,HYDRAULIC POWER,AIRBUS,A321neo,YOK,2270,690,,660,3,1,0,1,0,0,0,1,6
PN-104075,21,AIR CONDITIONING,AIRBUS,A350-900,YOK,5010,980,,630,3,1,0,1,2,0,0,1,8
PN-104076,80,STARTING,AIRBUS,A321neo,YOK,330,150,,100,1,0,0,0,0,0,0,1,2
PN-104077,49,AIRBORNE AUXILIARY POWER (APU),BOEING,737-800,YOK,1710,1120,,840,2,0,0,0,1,0,0,2,5
PN-104078,27,FLIGHT CONTROLS,BOEING,787-9,YOK,1110,440,,620,1,1,0,1,0,0,0,0,3
PN-104079,72,ENGINE,BOEING,777-F,YOK,2050,880,,580,5,2,0,3,1,1,0,2,14
PN-104080,77,ENGINE INDICATING,BOEING,737 MAX 8,YOK,1250,610,,290,2,1,0,1,0,0,1,1,6
PN-104081,28,FUEL,AIRBUS,A350-900,VAR,4250,2010,460.0,920,2,1,0,0,2,4,0,1,10
PN-104082,73,ENGINE FUEL AND CONTROL,BOEING,737-800,YOK,1830,1000,,1160,1,1,0,1,0,0,1,1,5
PN-104083,73,ENGINE FUEL AND CONTROL,AIRBUS,A320-200,YOK,4450,1580,,1330,2,0,0,1,0,0,0,1,4
PN-104084,35,OXYGEN,AIRBUS,A321neo,YOK,2880,1380,,1100,2,1,0,0,0,0,0,1,4
PN-104085,52,DOORS,AIRBUS,A320neo,VAR,2880,1250,770.0,1300,1,0,0,1,0,0,0,0,2
PN-104086,28,FUEL,AIRBUS,A319-100,VAR,600,130,70.0,110,5,2,4,2,0,1,2,2,18
PN-104087,79,OIL,BOEING,787-9,VAR,4570,2900,1700.0,2210,3,0,1,0,0,1,0,1,6
PN-104088,80,STARTING,BOEING,737 MAX 8,YOK,16970,6200,,2010,2,1,0,1,0,0,0,1,5
PN-104089,80,STARTING,AIRBUS,A330-200,YOK,10780,3120,,2000,4,0,0,2,1,1,1,1,10
PN-104090,72,ENGINE,AIRBUS,A320neo,YOK,2450,1080,,290,3,3,0,2,0,0,0,3,11
PN-104091,22,AUTO FLIGHT,BOEING,737-800,YOK,1990,1150,,200,0,1,0,0,0,0,0,0,1
PN-104092,30,ICE & RAIN PROTECTION,AIRBUS,A321neo,VAR,2060,1080,480.0,720,1,0,1,0,0,0,0,0,2
PN-104093,32,LANDING GEAR,BOEING,737-900ER,VAR,600,280,120.0,190,10,5,2,1,1,1,1,6,27
PN-104094,79,OIL,BOEING,787-9,YOK,1620,770,,190,2,1,0,1,1,0,0,2,7
PN-104095,36,PNEUMATIC,AIRBUS,A321-200,YOK,2240,1280,,820,1,0,0,0,0,0,0,0,1
PN-104096,35,OXYGEN,AIRBUS,A320neo,YOK,150,110,,140,2,1,0,0,1,0,0,1,5
PN-104097,24,ELECTRICAL POWER,AIRBUS,A320neo,VAR,11790,2160,1610.0,2450,2,1,0,0,0,0,0,2,5
PN-104098,73,ENGINE FUEL AND CONTROL,AIRBUS,A320-200,YOK,4040,1710,,960,1,1,0,1,0,1,0,0,4
PN-104099,29,HYDRAULIC POWER,AIRBUS,A321-200,YOK,1530,720,,280,2,0,0,0,0,0,0,1,3
PN-104100,23,COMMUNICATIONS,AIRBUS,A319-100,YOK,3470,2280,,1500,3,1,0,3,0,2,0,4,13
PN-104101,80,STARTING,AIRBUS,A320-200,YOK,16130,8720,,6730,0,0,0,0,0,0,0,1,1
PN-104102,25,EQUIPMENT / FURNISHINGS,AIRBUS,A320neo,VAR,1950,320,160.0,260,1,0,0,0,0,0,0,1,2
PN-104103,21,AIR CONDITIONING,AIRBUS,A320-200,VAR,1430,1070,390.0,560,2,0,1,1,1,1,1,1,8
PN-104104,23,COMMUNICATIONS,BOEING,737-800,VAR,2120,1010,570.0,700,8,2,2,2,2,2,0,3,21
PN-104105,32,LANDING GEAR,AIRBUS,A320-200,YOK,38750,18860,,9370,9,2,0,1,0,1,0,4,17
PN-104106,23,COMMUNICATIONS,BOEING,737 MAX 8,YOK,8510,3310,,1860,1,0,0,1,0,0,0,0,2
PN-104107,74,IGNITION,AIRBUS,A320neo,YOK,3010,1950,,640,8,1,0,5,0,2,0,2,18
PN-104108,35,OXYGEN,AIRBUS,A320-200,YOK,6650,1000,,750,0,0,0,1,0,0,0,0,1
PN-104109,29,HYDRAULIC POWER,AIRBUS,A319-100,VAR,11280,7030,2480.0,4360,6,1,0,1,1,1,0,1,11
PN-104110,21,AIR CONDITIONING,BOEING,737-800,VAR,14650,5610,1450.0,2630,4,1,2,1,0,1,1,1,11
PN-104111,34,NAVIGATION,AIRBUS,A320neo,VAR,250,50,50.0,50,1,0,1,0,0,0,0,1,3
PN-104112,24,ELECTRICAL POWER,AIRBUS,A330-200,VAR,15680,6090,1900.0,3100,7,0,0,2,1,1,2,2,15
PN-104113,80,STARTING,AIRBUS,A320-200,YOK,4450,3450,,1080,2,0,0,0,0,1,0,1,4
PN-104114,28,FUEL,BOEING,787-9,VAR,640,450,150.0,280,2,4,0,0,1,1,2,2,12
PN-104115,34,NAVIGATION,AIRBUS,A320-200,VAR,5380,2890,2590.0,4110,0,0,0,0,0,0,0,1,1
PN-104116,21,AIR CONDITIONING,AIRBUS,A321neo,YOK,26260,11560,,10250,3,2,0,1,0,1,0,3,10
PN-104117,24,ELECTRICAL POWER,BOEING,737 MAX 8,VAR,13280,8930,4380.0,7630,2,1,1,1,1,0,0,0,6
PN-104118,26,FIRE PROTECTION,AIRBUS,A320neo,VAR,1620,540,1130.0,1620,6,1,1,0,0,0,0,2,10
PN-104119,22,AUTO FLIGHT,AIRBUS,A320neo,VAR,6730,2190,440.0,580,1,1,0,1,1,0,0,2,6
PN-104120,71,POWER PLANT,BOEING,737-900ER,VAR,780,390,140.0,240,11,4,3,2,0,0,1,2,23
PN-104121,79,OIL,AIRBUS,A320neo,VAR,100,50,50.0,50,5,1,0,1,0,1,1,1,10
PN-104122,80,STARTING,AIRBUS,A319-100,YOK,6420,2890,,1240,3,1,0,1,0,0,0,1,6
PN-104123,27,FLIGHT CONTROLS,AIRBUS,A321neo,YOK,1070,260,,70,7,2,0,2,1,0,1,2,15
PN-104124,73,ENGINE FUEL AND CONTROL,AIRBUS,A319-100,VAR,390,150,110.0,150,5,2,0,1,0,1,1,7,17
PN-104125,35,OXYGEN,BOEING,777-300ER,YOK,200,100,,60,3,1,0,1,0,0,0,1,6
PN-104126,22,AUTO FLIGHT,BOEING,737-800,VAR,15770,8040,3670.0,4810,0,1,0,0,0,0,0,0,1
PN-104127,23,COMMUNICATIONS,AIRBUS,A330-300,VAR,4450,1640,450.0,730,1,0,0,0,0,0,0,1,2
PN-104128,36,PNEUMATIC,AIRBUS,A320neo,VAR,4110,1200,420.0,620,8,3,0,2,1,1,1,2,18
PN-104129,32,LANDING GEAR,BOEING,737-800,VAR,14450,2230,1500.0,2130,1,1,0,1,0,0,0,0,3
PN-104130,21,AIR CONDITIONING,BOEING,737-800,YOK,4470,1660,,780,3,2,0,4,1,0,1,5,16
PN-104131,79,OIL,AIRBUS,A320-200,VAR,4940,3360,550.0,830,4,2,0,4,0,1,0,2,13
PN-104132,71,POWER PLANT,BOEING,777-300ER,VAR,3540,2080,1420.0,1970,1,0,1,0,0,0,0,2,4
PN-104133,35,OXYGEN,AIRBUS,A330-300,YOK,6030,3390,,4360,0,1,0,0,0,0,0,0,1
PN-104134,80,STARTING,BOEING,737-900ER,YOK,670,210,,90,2,1,0,0,0,0,0,1,4
PN-104135,80,STARTING,AIRBUS,A320neo,YOK,13740,3430,,1280,19,1,0,3,4,6,4,6,43
PN-104136,80,STARTING,AIRBUS,A320-200,VAR,14610,10010,8510.0,14610,2,0,0,0,0,0,0,1,3
PN-104137,27,FLIGHT CONTROLS,BOEING,737-800,VAR,600,150,60.0,110,2,0,0,0,0,0,1,1,4
PN-104138,76,ENGINE CONTROLS,BOEING,737-900ER,YOK,350,140,,210,1,0,0,1,0,0,0,0,2
PN-104139,35,OXYGEN,AIRBUS,A321-200,VAR,190,70,60.0,90,4,2,0,1,0,0,1,3,11
PN-104140,71,POWER PLANT,AIRBUS,A319-100,YOK,2990,1860,,400,2,1,0,1,0,0,0,2,6
PN-104141,76,ENGINE CONTROLS,BOEING,737 MAX 8,YOK,140,60,,80,1,0,0,1,0,0,0,1,3
PN-104142,25,EQUIPMENT / FURNISHINGS,AIRBUS,A320neo,YOK,4550,2220,,750,5,0,0,4,2,1,0,4,16
PN-104143,32,LANDING GEAR,AIRBUS,A321-200,YOK,1400,460,,240,4,1,0,3,1,0,0,8,17
PN-104144,24,ELECTRICAL POWER,AIRBUS,A350-900,VAR,17770,2740,290.0,420,1,1,0,1,0,0,0,1,4
PN-104145,28,FUEL,AIRBUS,A320-200,YOK,1290,350,,160,1,0,0,1,0,0,0,0,2
PN-104146,31,INDICATING / RECORDING SYSTEMS,AIRBUS,A320-200,VAR,2310,500,500.0,780,8,1,1,2,2,0,0,3,17
PN-104147,76,ENGINE CONTROLS,AIRBUS,A319-100,YOK,11370,5560,,2630,1,2,0,1,0,0,1,1,6
PN-104148,76,ENGINE CONTROLS,BOEING,777-300ER,YOK,3630,2280,,1070,1,0,0,0,0,0,0,0,1
PN-104149,31,INDICATING / RECORDING SYSTEMS,AIRBUS,A321-200,YOK,1670,800,,320,1,0,0,0,0,0,0,0,1
PN-104150,29,HYDRAULIC POWER,BOEING,737-800,VAR,1150,350,200.0,300,1,0,0,1,0,0,0,1,3
PN-104151,35,OXYGEN,BOEING,787-9,YOK,100,80,,50,0,0,0,0,0,0,0,1,1
PN-104152,77,ENGINE INDICATING,BOEING,737-800,YOK,1400,610,,540,1,0,0,0,0,0,0,0,1
PN-104153,80,STARTING,AIRBUS,A330-200,YOK,5200,890,,590,0,0,0,0,1,1,0,0,2
PN-104154,26,FIRE PROTECTION,AIRBUS,A330-200,YOK,5850,2360,,2270,1,0,0,0,0,0,0,1,2
PN-104155,25,EQUIPMENT / FURNISHINGS,AIRBUS,A321-200,VAR,21810,9340,3330.0,4770,1,0,1,0,0,1,0,0,3
PN-104156,71,POWER PLANT,AIRBUS,A330-300,YOK,8810,2070,,850,12,3,0,12,1,1,1,4,34
PN-104157,28,FUEL,BOEING,777-F,VAR,1140,530,220.0,320,1,0,0,0,1,1,1,1,5
PN-104158,26,FIRE PROTECTION,BOEING,737-900ER,VAR,3090,1580,1430.0,2290,1,0,1,0,0,0,0,1,3
PN-104159,21,AIR CONDITIONING,AIRBUS,A321neo,VAR,4870,2170,710.0,1140,3,1,2,2,1,0,1,2,12
PN-104160,31,INDICATING / RECORDING SYSTEMS,AIRBUS,A321-200,YOK,2770,770,,600,3,0,0,1,0,0,0,1,5
PN-104161,31,INDICATING / RECORDING SYSTEMS,BOEING,777-300ER,VAR,2910,1020,330.0,600,3,3,0,0,0,1,0,1,8
PN-104162,36,PNEUMATIC,AIRBUS,A320-200,VAR,1590,800,320.0,450,2,0,1,1,1,1,0,1,7
PN-104163,26,FIRE PROTECTION,BOEING,737 MAX 8,YOK,3450,750,,350,1,0,0,1,1,0,0,1,4
PN-104164,71,POWER PLANT,AIRBUS,A320neo,YOK,140,60,,80,32,4,0,12,15,2,0,24,89
PN-104165,56,WINDOWS,BOEING,737-800,VAR,760,490,100.0,170,1,2,1,0,1,2,0,1,8
PN-104166,34,NAVIGATION,BOEING,737-900ER,YOK,3350,580,,530,1,0,0,0,0,1,0,1,3
PN-104167,25,EQUIPMENT / FURNISHINGS,AIRBUS,A321neo,VAR,1570,630,240.0,350,2,0,0,1,1,0,1,1,6
PN-104168,35,OXYGEN,AIRBUS,A320neo,VAR,3110,1820,320.0,460,1,1,0,0,0,0,0,0,2
PN-104169,56,WINDOWS,BOEING,737 MAX 8,VAR,2940,1160,470.0,640,4,0,0,0,1,0,0,1,6
PN-104170,30,ICE & RAIN PROTECTION,AIRBUS,A321-200,VAR,10110,8050,3300.0,4810,1,0,0,0,0,0,0,0,1
PN-104171,27,FLIGHT CONTROLS,AIRBUS,A321-200,YOK,7440,4540,,3260,1,0,0,1,0,0,0,1,3
PN-104172,35,OXYGEN,AIRBUS,A330-200,YOK,2280,1080,,740,2,1,0,1,0,0,0,1,5
PN-104173,30,ICE & RAIN PROTECTION,AIRBUS,A321neo,VAR,1080,380,50.0,80,3,0,1,2,1,0,3,3,13
PN-104174,31,INDICATING / RECORDING SYSTEMS,BOEING,737-800,YOK,15220,8620,,2670,3,3,0,2,0,0,0,1,9
PN-104175,30,ICE & RAIN PROTECTION,AIRBUS,A320-200,YOK,1460,1000,,710,3,2,0,3,0,0,0,3,11
PN-104176,28,FUEL,AIRBUS,A321neo,YOK,3920,1040,,600,3,1,0,2,0,0,1,2,9
PN-104177,71,POWER PLANT,BOEING,777-300ER,YOK,1540,310,,210,6,0,0,1,0,0,0,2,9
PN-104178,32,LANDING GEAR,AIRBUS,A319-100,YOK,460,340,,140,3,1,0,0,1,0,1,1,7
PN-104179,34,NAVIGATION,AIRBUS,A321neo,YOK,2090,1190,,1200,9,2,0,1,0,0,0,2,14
PN-104180,52,DOORS,BOEING,737-800,VAR,360,140,60.0,90,3,1,2,1,1,1,1,1,11
PN-104181,30,ICE & RAIN PROTECTION,BOEING,777-300ER,YOK,610,250,,50,2,0,0,1,1,0,0,1,5
PN-104182,23,COMMUNICATIONS,AIRBUS,A330-300,YOK,2020,730,,1090,3,0,0,1,0,0,0,1,5
PN-104183,76,ENGINE CONTROLS,BOEING,737 MAX 8,YOK,630,210,,170,7,5,0,4,1,1,1,6,25
PN-104184,22,AUTO FLIGHT,AIRBUS,A320neo,YOK,2850,550,,690,2,0,0,1,1,0,1,1,6
PN-104185,36,PNEUMATIC,AIRBUS,A321-200,YOK,1940,1070,,480,2,1,0,1,1,0,0,1,6
PN-104186,27,FLIGHT CONTROLS,BOEING,777-F,VAR,2540,1260,410.0,660,5,0,1,1,0,0,2,2,11
PN-104187,26,FIRE PROTECTION,BOEING,777-300ER,YOK,950,380,,150,2,0,0,0,0,0,0,1,3
PN-104188,22,AUTO FLIGHT,AIRBUS,A330-300,YOK,810,340,,370,1,0,0,1,0,0,0,1,3
PN-104189,77,ENGINE INDICATING,AIRBUS,A321neo,YOK,1380,480,,290,4,0,0,1,1,0,0,2,8
PN-104190,32,LANDING GEAR,AIRBUS,A321neo,VAR,1890,690,440.0,600,3,2,0,1,1,0,1,2,10
PN-104191,29,HYDRAULIC POWER,AIRBUS,A319-100,YOK,780,290,,170,15,4,0,6,1,7,3,10,46
PN-104192,72,ENGINE,BOEING,777-300ER,YOK,7890,1110,,930,12,5,0,2,0,1,2,2,24
PN-104193,22,AUTO FLIGHT,BOEING,737 MAX 8,YOK,4040,930,,410,2,0,0,0,0,0,0,1,3
PN-104194,36,PNEUMATIC,AIRBUS,A321neo,YOK,1530,590,,820,2,0,0,2,1,1,1,3,10
PN-104195,34,NAVIGATION,AIRBUS,A320neo,YOK,240,80,,60,4,2,0,1,0,1,0,1,9
PN-104196,36,PNEUMATIC,AIRBUS,A321-200,VAR,18050,5930,1040.0,1700,6,1,2,0,1,1,1,5,17
PN-104197,24,ELECTRICAL POWER,AIRBUS,A320-200,YOK,570,300,,240,1,1,0,0,1,0,1,1,5
PN-104198,79,OIL,BOEING,737-800,YOK,12160,6410,,1790,1,2,0,2,0,1,0,2,8
PN-104199,27,FLIGHT CONTROLS,AIRBUS,A330-300,YOK,150,50,,50,2,2,0,1,1,0,0,1,7
PN-104200,56,WINDOWS,AIRBUS,A320neo,VAR,240,60,50.0,50,1,1,0,1,0,0,0,1,4
PN-104201,72,ENGINE,AIRBUS,A350-900,YOK,350,140,,90,1,1,0,1,0,1,0,1,5
PN-104202,29,HYDRAULIC POWER,BOEING,787-9,VAR,9360,6040,1420.0,1980,7,0,2,0,1,2,1,2,15
PN-104203,24,ELECTRICAL POWER,AIRBUS,A320-200,VAR,11360,8040,3450.0,6820,4,2,2,1,0,0,0,3,12
PN-104204,28,FUEL,AIRBUS,A321neo,VAR,1080,370,330.0,660,7,2,2,0,5,2,1,2,21
PN-104205,73,ENGINE FUEL AND CONTROL,AIRBUS,A330-200,YOK,920,370,,140,4,1,0,1,0,0,1,1,8
PN-104206,77,ENGINE INDICATING,AIRBUS,A320-200,YOK,1060,520,,510,1,0,0,1,0,0,1,1,4
PN-104207,79,OIL,AIRBUS,A330-200,VAR,5720,1550,470.0,710,5,2,0,2,2,2,0,1,14
PN-104208,26,FIRE PROTECTION,AIRBUS,A350-900,YOK,100,50,,50,1,0,0,1,0,0,0,0,2
PN-104209,49,AIRBORNE AUXILIARY POWER (APU),AIRBUS,A320-200,YOK,2210,1350,,1430,7,1,0,4,1,2,1,6,22
PN-104210,24,ELECTRICAL POWER,AIRBUS,A320-200,YOK,3280,1120,,970,5,4,0,6,0,1,2,4,22
PN-104211,71,POWER PLANT,BOEING,737 MAX 8,YOK,2000,900,,320,6,2,0,3,1,2,1,8,23
PN-104212,31,INDICATING / RECORDING SYSTEMS,AIRBUS,A321-200,VAR,6960,2850,2150.0,3840,2,1,0,1,2,0,0,2,8
PN-104213,71,POWER PLANT,AIRBUS,A350-900,YOK,890,300,,580,2,0,0,1,1,0,0,1,5
PN-104214,56,WINDOWS,AIRBUS,A350-900,YOK,15260,9840,,3510,2,1,0,0,0,0,0,1,4
PN-104215,80,STARTING,BOEING,737 MAX 8,YOK,3070,1520,,1010,4,1,0,2,1,0,0,1,9
PN-104216,34,NAVIGATION,BOEING,737-800,YOK,8890,2840,,1770,1,0,0,1,1,0,0,1,4
PN-104217,29,HYDRAULIC POWER,BOEING,737 MAX 8,YOK,1950,720,,770,14,3,0,2,1,2,1,6,29
PN-104218,35,OXYGEN,AIRBUS,A350-900,VAR,210,180,50.0,60,3,1,0,0,0,0,1,1,6
PN-104219,25,EQUIPMENT / FURNISHINGS,AIRBUS,A321neo,YOK,16140,8080,,4690,1,0,0,0,0,0,0,1,2
PN-104220,23,COMMUNICATIONS,AIRBUS,A321-200,YOK,2220,690,,390,13,3,0,4,4,2,1,1,28
PN-104221,35,OXYGEN,AIRBUS,A321-200,YOK,210,110,,50,2,0,0,0,1,0,0,1,4
PN-104222,74,IGNITION,AIRBUS,A321neo,YOK,700,110,,120,1,0,0,1,0,0,0,0,2
PN-104223,35,OXYGEN,AIRBUS,A320-200,VAR,1850,600,180.0,230,1,0,0,0,0,0,0,1,2
PN-104224,73,ENGINE FUEL AND CONTROL,AIRBUS,A321neo,YOK,5230,3530,,3070,16,1,0,2,1,1,0,10,31
PN-104225,25,EQUIPMENT / FURNISHINGS,AIRBUS,A321-200,VAR,1990,1510,150.0,270,6,8,1,1,3,1,0,3,23
PN-104226,32,LANDING GEAR,AIRBUS,A319-100,VAR,6000,2650,790.0,1220,7,3,4,2,2,1,3,4,26
PN-104227,49,AIRBORNE AUXILIARY POWER (APU),AIRBUS,A320neo,YOK,950,450,,300,4,6,0,9,1,3,1,3,27
PN-104228,30,ICE & RAIN PROTECTION,BOEING,737-800,VAR,270,140,100.0,160,7,3,0,1,1,1,0,2,15
PN-104229,21,AIR CONDITIONING,AIRBUS,A330-300,VAR,13690,4820,920.0,1690,2,1,1,1,0,1,1,5,12
PN-104230,22,AUTO FLIGHT,BOEING,737-900ER,VAR,980,480,160.0,290,2,0,1,1,1,0,0,3,8
PN-104231,79,OIL,AIRBUS,A330-300,VAR,10050,4570,410.0,580,3,2,0,1,0,0,1,4,11
PN-104232,49,AIRBORNE AUXILIARY POWER (APU),BOEING,737 MAX 8,YOK,21270,15800,,4650,8,2,0,2,1,2,0,1,16
PN-104233,27,FLIGHT CONTROLS,BOEING,737-900ER,YOK,11450,2950,,970,1,1,0,1,0,0,0,1,4
PN-104234,27,FLIGHT CONTROLS,AIRBUS,A320-200,VAR,1320,430,80.0,100,6,1,0,1,2,2,0,2,14
PN-104235,22,AUTO FLIGHT,BOEING,787-9,YOK,1320,850,,540,5,2,0,9,0,0,4,2,22
PN-104236,79,OIL,AIRBUS,A319-100,YOK,9690,3090,,2000,2,0,0,1,1,1,0,1,6
PN-104237,23,COMMUNICATIONS,AIRBUS,A330-300,VAR,570,170,70.0,150,1,1,0,0,0,1,0,1,4
PN-104238,72,ENGINE,BOEING,737-900ER,YOK,95300,64120,,95300,7,1,0,3,3,2,0,2,18
PN-104239,27,FLIGHT CONTROLS,AIRBUS,A321-200,VAR,7540,3580,1320.0,1920,1,1,0,0,1,0,0,1,4
PN-104240,29,HYDRAULIC POWER,AIRBUS,A330-300,YOK,47750,27400,,8580,1,1,0,0,0,0,0,1,3
PN-104241,28,FUEL,AIRBUS,A321-200,YOK,32270,12610,,6220,11,2,0,0,2,0,1,3,19
PN-104242,74,IGNITION,AIRBUS,A320-200,YOK,690,330,,100,1,0,0,0,1,0,0,1,3
PN-104243,21,AIR CONDITIONING,AIRBUS,A319-100,VAR,18470,8090,2600.0,4740,3,1,0,0,0,0,1,3,8
PN-104244,30,ICE & RAIN PROTECTION,AIRBUS,A320-200,YOK,1390,570,,340,1,0,0,0,0,0,0,2,3
PN-104245,28,FUEL,AIRBUS,A320-200,VAR,700,420,80.0,140,7,2,1,4,0,3,0,4,21
PN-104246,28,FUEL,AIRBUS,A350-900,YOK,4090,1990,,910,4,2,0,3,3,1,0,1,14
PN-104247,26,FIRE PROTECTION,AIRBUS,A330-200,VAR,790,290,80.0,150,1,0,0,1,0,0,0,1,3
PN-104248,77,ENGINE INDICATING,AIRBUS,A321neo,YOK,180,100,,50,1,1,0,0,0,0,0,0,2
PN-104249,30,ICE & RAIN PROTECTION,BOEING,737-800,VAR,6490,4530,1060.0,1280,2,0,0,1,0,0,0,1,4
PN-104250,31,INDICATING / RECORDING SYSTEMS,AIRBUS,A319-100,YOK,23190,10270,,8540,4,2,0,1,1,0,1,1,10
PN-104251,31,INDICATING / RECORDING SYSTEMS,AIRBUS,A320neo,YOK,6180,1920,,1050,2,1,0,0,0,0,1,3,7
PN-104252,80,STARTING,BOEING,737-900ER,YOK,6530,3030,,3050,2,0,0,2,1,0,1,1,7
PN-104253,29,HYDRAULIC POWER,BOEING,777-300ER,VAR,6770,3610,570.0,800,2,1,0,1,0,1,2,4,11
PN-104254,29,HYDRAULIC POWER,AIRBUS,A321neo,YOK,8050,2890,,6390,5,3,0,5,0,0,1,4,18
PN-104255,29,HYDRAULIC POWER,AIRBUS,A320-200,YOK,4410,2740,,3350,4,1,0,1,1,1,0,1,9
PN-104256,29,HYDRAULIC POWER,BOEING,737-900ER,VAR,3330,1410,690.0,1340,7,0,0,1,0,0,1,4,13
PN-104257,23,COMMUNICATIONS,BOEING,777-300ER,YOK,4820,1480,,920,1,0,0,0,0,0,0,1,2
PN-104258,49,AIRBORNE AUXILIARY POWER (APU),AIRBUS,A321neo,YOK,7060,2870,,2250,45,7,0,9,8,1,6,5,81
PN-104259,21,AIR CONDITIONING,AIRBUS,A320neo,VAR,5680,2770,690.0,1090,2,1,1,0,0,0,0,2,6
PN-104260,26,FIRE PROTECTION,AIRBUS,A319-100,VAR,6010,1490,510.0,950,1,1,0,0,0,1,0,1,4
PN-104261,26,FIRE PROTECTION,AIRBUS,A330-300,YOK,4460,2200,,1250,3,1,0,1,0,0,0,1,6
PN-104262,28,FUEL,BOEING,777-300ER,VAR,360,100,50.0,50,1,0,1,1,0,1,0,1,5
PN-104263,72,ENGINE,BOEING,737-800,YOK,2600,1930,,520,2,2,0,4,0,2,0,2,12
PN-104264,49,AIRBORNE AUXILIARY POWER (APU),AIRBUS,A321-200,YOK,800,410,,380,3,0,0,1,1,0,1,2,8
PN-104265,80,STARTING,BOEING,737-800,YOK,2310,810,,490,1,0,0,0,1,0,0,1,3
PN-104266,30,ICE & RAIN PROTECTION,BOEING,737 MAX 8,VAR,3980,1280,210.0,320,2,1,0,1,1,0,0,3,8
PN-104267,79,OIL,AIRBUS,A321neo,YOK,1830,480,,390,1,0,0,1,0,0,0,0,2
PN-104268,22,AUTO FLIGHT,BOEING,737 MAX 8,VAR,1130,170,60.0,120,11,5,2,1,2,0,4,4,29
PN-104269,35,OXYGEN,AIRBUS,A321-200,YOK,200,90,,50,3,0,0,2,1,0,0,2,8
PN-104270,73,ENGINE FUEL AND CONTROL,AIRBUS,A321-200,YOK,19440,11520,,9520,3,1,0,1,0,1,2,6,14
PN-104271,35,OXYGEN,AIRBUS,A330-300,YOK,1350,440,,150,0,0,0,0,0,0,0,1,1
PN-104272,79,OIL,AIRBUS,A321neo,YOK,2360,1030,,860,2,0,0,1,0,0,0,0,3
PN-104273,29,HYDRAULIC POWER,BOEING,787-9,VAR,15290,6090,1520.0,2770,8,2,4,4,2,4,1,6,31
PN-104274,21,AIR CONDITIONING,AIRBUS,A330-200,VAR,25460,12520,6350.0,7770,172,7,23,0,36,8,19,35,300
PN-104275,73,ENGINE FUEL AND CONTROL,AIRBUS,A321-200,YOK,5110,1020,,930,8,5,0,4,1,1,0,5,24
PN-104276,22,AUTO FLIGHT,AIRBUS,A321-200,VAR,3530,1870,380.0,550,7,1,3,1,1,0,0,2,15
PN-104277,72,ENGINE,AIRBUS,A330-300,YOK,7760,2040,,1180,6,1,0,1,2,3,0,6,19
PN-104278,72,ENGINE,AIRBUS,A321-200,VAR,3940,1180,610.0,1030,2,1,0,0,1,1,0,1,6
PN-104279,74,IGNITION,BOEING,737-800,YOK,3240,1690,,980,3,1,0,2,2,1,1,1,11
PN-104280,34,NAVIGATION,AIRBUS,A321-200,VAR,162500,44430,27450.0,49610,1,0,0,0,0,0,0,1,2
PN-104281,77,ENGINE INDICATING,AIRBUS,A321-200,YOK,6250,3140,,3740,1,0,0,0,0,0,0,1,2
PN-104282,25,EQUIPMENT / FURNISHINGS,AIRBUS,A350-900,YOK,780,280,,170,1,0,0,0,0,0,0,0,1
PN-104283,32,LANDING GEAR,AIRBUS,A320-200,YOK,2830,850,,180,5,2,0,3,2,2,1,10,25
PN-104284,24,ELECTRICAL POWER,BOEING,737-800,YOK,6590,3450,,1550,4,0,0,1,0,1,1,1,8
PN-104285,72,ENGINE,AIRBUS,A330-200,VAR,31340,16140,4830.0,7210,7,4,0,1,0,0,0,1,13
PN-104286,71,POWER PLANT,AIRBUS,A321neo,YOK,3200,1670,,1740,3,1,0,1,1,0,0,1,7
PN-104287,73,ENGINE FUEL AND CONTROL,BOEING,737-800,YOK,2190,1490,,300,1,1,0,0,0,1,0,0,3
PN-104288,72,ENGINE,BOEING,737-800,YOK,17500,7460,,4250,2,0,0,0,0,2,1,1,6
PN-104289,29,HYDRAULIC POWER,BOEING,737 MAX 8,YOK,7100,1260,,700,2,0,0,1,1,0,0,1,5
PN-104290,22,AUTO FLIGHT,AIRBUS,A321-200,YOK,960,120,,140,1,0,0,0,0,0,0,1,2
PN-104291,79,OIL,AIRBUS,A321-200,YOK,5750,2440,,1010,1,0,0,1,0,1,0,1,4
PN-104292,34,NAVIGATION,BOEING,737-800,VAR,210,120,50.0,70,2,0,0,0,1,0,0,0,3
PN-104293,23,COMMUNICATIONS,AIRBUS,A330-300,VAR,4320,1470,1110.0,1590,4,1,0,1,2,0,0,1,9
PN-104294,79,OIL,AIRBUS,A350-900,VAR,3000,630,530.0,690,3,1,0,1,1,2,1,3,12
PN-104295,80,STARTING,AIRBUS,A330-300,VAR,12810,8040,860.0,1550,1,0,0,0,0,0,0,1,2
PN-104296,32,LANDING GEAR,BOEING,737-900ER,VAR,12300,4810,1520.0,2330,2,0,1,0,1,0,1,3,8
PN-104297,73,ENGINE FUEL AND CONTROL,AIRBUS,A320neo,YOK,3430,910,,410,17,2,0,6,1,0,1,16,43
PN-104298,21,AIR CONDITIONING,AIRBUS,A330-300,VAR,470,130,50.0,50,0,0,0,0,1,1,0,1,3
PN-104299,23,COMMUNICATIONS,AIRBUS,A320-200,YOK,3600,700,,180,3,1,0,1,0,0,0,3,8
PN-104300,28,FUEL,AIRBUS,A321neo,YOK,7010,3690,,4050,2,0,0,2,0,0,2,1,7
PN-104301,56,WINDOWS,BOEING,737-800,YOK,980,560,,300,4,1,0,2,0,1,0,2,10
PN-104302,24,ELECTRICAL POWER,AIRBUS,A330-200,YOK,2040,590,,150,4,5,0,1,0,0,0,1,11
PN-104303,21,AIR CONDITIONING,AIRBUS,A321-200,VAR,2560,880,190.0,330,2,1,1,1,0,0,0,0,5
PN-104304,56,WINDOWS,BOEING,777-300ER,YOK,1250,340,,130,1,1,0,0,0,1,1,0,4
PN-104305,73,ENGINE FUEL AND CONTROL,BOEING,737-900ER,YOK,3900,1500,,1170,2,1,0,1,0,1,2,2,9
PN-104306,72,ENGINE,AIRBUS,A330-200,YOK,5650,3290,,1700,3,1,0,3,0,1,1,2,11
PN-104307,73,ENGINE FUEL AND CONTROL,BOEING,777-F,YOK,8630,6070,,3250,1,0,0,1,0,0,0,0,2
PN-104308,73,ENGINE FUEL AND CONTROL,AIRBUS,A321neo,YOK,680,290,,560,8,1,0,4,1,6,2,3,25
PN-104309,49,AIRBORNE AUXILIARY POWER (APU),BOEING,737-900ER,YOK,670,400,,540,7,2,0,2,2,5,0,3,21
PN-104310,35,OXYGEN,AIRBUS,A320-200,VAR,2510,600,360.0,530,1,0,0,0,0,0,0,0,1
PN-104311,76,ENGINE CONTROLS,AIRBUS,A321-200,VAR,6190,3280,270.0,490,3,0,1,1,0,0,0,0,5
PN-104312,30,ICE & RAIN PROTECTION,AIRBUS,A321-200,VAR,5170,2810,440.0,700,1,0,0,0,0,1,1,1,4
PN-104313,23,COMMUNICATIONS,AIRBUS,A320-200,YOK,6800,1910,,1290,1,0,0,1,0,0,0,0,2
PN-104314,72,ENGINE,AIRBUS,A330-200,VAR,350,240,60.0,100,1,0,0,0,0,0,0,1,2
PN-104315,28,FUEL,AIRBUS,A320neo,YOK,1650,1000,,380,1,0,0,0,1,0,0,2,4
PN-104316,80,STARTING,AIRBUS,A350-900,YOK,780,310,,230,2,0,0,1,0,1,0,1,5
PN-104317,31,INDICATING / RECORDING SYSTEMS,AIRBUS,A320neo,YOK,200,100,,100,1,0,0,0,0,0,0,1,2
PN-104318,76,ENGINE CONTROLS,AIRBUS,A320-200,YOK,3340,1540,,2890,3,1,0,1,0,0,1,1,7
PN-104319,22,AUTO FLIGHT,BOEING,787-9,YOK,5810,2740,,1210,6,2,0,2,2,0,1,4,17
PN-104320,56,WINDOWS,BOEING,737-800,VAR,12180,4540,3970.0,6680,2,0,1,2,0,2,0,1,8
PN-104321,32,LANDING GEAR,BOEING,777-300ER,YOK,1120,280,,200,3,1,0,1,1,1,0,2,9
PN-104322,34,NAVIGATION,AIRBUS,A321neo,VAR,5310,1740,270.0,490,1,0,0,0,0,0,0,0,1
PN-104323,27,FLIGHT CONTROLS,AIRBUS,A319-100,YOK,640,360,,190,6,1,0,1,1,1,1,3,14
PN-104324,80,STARTING,AIRBUS,A330-300,YOK,1210,190,,160,3,0,0,2,1,1,0,1,8
PN-104325,31,INDICATING / RECORDING SYSTEMS,AIRBUS,A330-300,YOK,2260,1400,,790,3,0,0,0,2,0,1,3,9
PN-104326,76,ENGINE CONTROLS,AIRBUS,A319-100,YOK,13200,5030,,2720,15,2,0,6,4,0,1,6,34
PN-104327,32,LANDING GEAR,BOEING,737 MAX 8,YOK,3800,600,,380,2,1,0,1,0,0,0,1,5
PN-104328,22,AUTO FLIGHT,AIRBUS,A350-900,YOK,2050,530,,220,1,0,0,0,0,0,0,0,1
PN-104329,76,ENGINE CONTROLS,BOEING,737-800,YOK,1670,710,,350,1,0,0,0,0,0,0,1,2
PN-104330,25,EQUIPMENT / FURNISHINGS,AIRBUS,A330-200,YOK,17660,10640,,1560,1,1,0,2,0,0,1,2,7
PN-104331,28,FUEL,AIRBUS,A350-900,YOK,1110,470,,300,2,3,0,1,0,0,0,1,7
PN-104332,76,ENGINE CONTROLS,AIRBUS,A320neo,YOK,11840,6580,,3850,1,0,0,0,0,0,0,1,2
PN-104333,77,ENGINE INDICATING,BOEING,787-9,VAR,22660,14690,6220.0,9640,1,0,1,0,0,0,0,0,2
PN-104334,77,ENGINE INDICATING,AIRBUS,A321neo,YOK,1910,480,,230,1,0,0,0,0,1,1,1,4
PN-104335,32,LANDING GEAR,AIRBUS,A320-200,YOK,3970,1220,,490,1,0,0,0,1,0,0,1,3
PN-104336,72,ENGINE,AIRBUS,A319-100,YOK,4220,2220,,860,8,2,0,4,0,0,3,2,19
PN-104337,29,HYDRAULIC POWER,AIRBUS,A350-900,YOK,18140,5240,,2080,3,0,0,0,0,0,0,3,6
PN-104338,72,ENGINE,BOEING,787-9,YOK,660,200,,130,2,0,0,2,0,0,1,2,7
PN-104339,35,OXYGEN,BOEING,777-300ER,YOK,1880,1080,,1070,1,0,0,0,0,0,0,1,2
PN-104340,22,AUTO FLIGHT,BOEING,737-800,YOK,5940,1720,,1100,2,0,0,1,1,1,0,2,7
PN-104341,31,INDICATING / RECORDING SYSTEMS,BOEING,787-9,YOK,37240,12640,,5800,2,1,0,2,0,0,0,1,6
PN-104342,34,NAVIGATION,BOEING,737-800,YOK,580,220,,420,3,1,0,1,0,2,0,1,8
PN-104343,27,FLIGHT CONTROLS,AIRBUS,A321-200,YOK,1830,870,,540,4,0,0,2,1,0,1,1,9
PN-104344,30,ICE & RAIN PROTECTION,AIRBUS,A350-900,YOK,2440,1580,,570,2,1,0,1,0,0,0,1,5
PN-104345,35,OXYGEN,AIRBUS,A320-200,VAR,16380,8450,4000.0,4950,1,0,0,0,0,0,0,0,1
PN-104346,22,AUTO FLIGHT,AIRBUS,A320neo,YOK,600,410,,90,1,0,0,1,0,0,0,1,3
PN-104347,24,ELECTRICAL POWER,AIRBUS,A321neo,VAR,4580,1270,1060.0,1720,3,0,0,0,1,0,1,1,6
PN-104348,72,ENGINE,AIRBUS,A320neo,YOK,1620,680,,380,23,10,0,11,2,8,5,17,76
PN-104349,30,ICE & RAIN PROTECTION,BOEING,777-F,YOK,2650,770,,300,1,0,0,0,0,1,0,0,2
PN-104350,49,AIRBORNE AUXILIARY POWER (APU),BOEING,787-9,YOK,1030,320,,80,2,1,0,1,1,0,0,1,6
PN-104351,36,PNEUMATIC,AIRBUS,A321-200,YOK,3780,2530,,2050,3,1,0,1,0,0,0,1,6
PN-104352,36,PNEUMATIC,BOEING,737-800,YOK,1420,970,,740,1,0,0,1,0,0,0,2,4
PN-104353,31,INDICATING / RECORDING SYSTEMS,AIRBUS,A321neo,YOK,680,450,,190,5,4,0,1,2,1,1,2,16
PN-104354,34,NAVIGATION,AIRBUS,A320-200,YOK,3960,2260,,1290,1,1,0,0,1,0,1,1,5
PN-104355,74,IGNITION,AIRBUS,A321-200,YOK,620,170,,50,2,0,0,1,0,0,0,1,4
PN-104356,80,STARTING,AIRBUS,A320neo,YOK,12270,4200,,1020,3,1,0,2,0,2,3,3,14
PN-104357,27,FLIGHT CONTROLS,AIRBUS,A321-200,VAR,4390,2330,2370.0,3670,6,3,1,6,2,2,6,12,38
PN-104358,56,WINDOWS,AIRBUS,A320neo,YOK,400,180,,70,6,3,0,2,1,0,0,1,13
PN-104359,80,STARTING,AIRBUS,A320-200,VAR,6350,2940,1610.0,2770,3,0,0,1,0,0,1,1,6
PN-104360,21,AIR CONDITIONING,AIRBUS,A320neo,VAR,1180,500,250.0,350,2,1,1,1,0,0,0,2,7
PN-104361,73,ENGINE FUEL AND CONTROL,BOEING,777-300ER,YOK,2680,1390,,1710,3,1,0,1,0,1,0,2,8
PN-104362,34,NAVIGATION,AIRBUS,A320-200,YOK,3290,850,,370,1,1,0,2,0,1,1,2,8
PN-104363,80,STARTING,AIRBUS,A321-200,YOK,700,460,,130,1,1,0,0,0,0,0,1,3
PN-104364,49,AIRBORNE AUXILIARY POWER (APU),AIRBUS,A330-200,YOK,850,270,,80,7,1,0,3,4,0,1,3,19
PN-104365,74,IGNITION,AIRBUS,A321-200,YOK,600,130,,100,2,1,0,0,0,1,0,1,5
PN-104366,25,EQUIPMENT / FURNISHINGS,AIRBUS,A330-200,VAR,680,490,200.0,360,1,1,0,0,0,0,1,1,4
PN-104367,24,ELECTRICAL POWER,AIRBUS,A319-100,VAR,15600,4850,1230.0,2150,0,0,1,0,0,1,0,1,3
PN-104368,79,OIL,BOEING,737-800,VAR,1530,820,140.0,260,2,1,0,1,0,1,0,2,7
PN-104369,35,OXYGEN,AIRBUS,A330-300,YOK,4640,2530,,1420,1,0,0,0,0,0,0,0,1
PN-104370,36,PNEUMATIC,BOEING,737-800,VAR,12260,7800,2700.0,5710,1,1,0,0,0,0,0,1,3
PN-104371,25,EQUIPMENT / FURNISHINGS,AIRBUS,A330-300,YOK,840,360,,190,1,0,0,1,0,0,0,1,3
PN-104372,26,FIRE PROTECTION,AIRBUS,A321neo,VAR,1140,220,50.0,120,2,0,1,0,0,1,0,1,5
PN-104373,74,IGNITION,AIRBUS,A321-200,YOK,4200,1230,,1210,7,4,0,3,2,1,0,7,24
PN-104374,28,FUEL,AIRBUS,A320neo,VAR,4320,1080,330.0,630,4,1,2,0,1,0,0,3,11
PN-104375,49,AIRBORNE AUXILIARY POWER (APU),AIRBUS,A330-200,YOK,2020,1280,,320,8,3,0,2,1,1,4,11,30
PN-104376,29,HYDRAULIC POWER,AIRBUS,A319-100,VAR,19140,5930,1280.0,1680,5,2,1,2,1,0,1,4,16
PN-104377,27,FLIGHT CONTROLS,AIRBUS,A321-200,YOK,12940,7050,,3680,5,1,0,8,0,1,2,3,20
PN-104378,25,EQUIPMENT / FURNISHINGS,BOEING,737-800,YOK,200,80,,50,8,1,0,5,4,1,2,3,24
PN-104379,79,OIL,AIRBUS,A320-200,YOK,7310,1570,,2410,1,0,0,1,0,0,0,1,3
PN-104380,79,OIL,AIRBUS,A320-200,VAR,2090,660,880.0,1350,1,1,0,0,0,0,0,1,3
PN-104381,23,COMMUNICATIONS,BOEING,737-800,YOK,390,220,,150,4,1,0,1,0,2,1,0,9
PN-104382,30,ICE & RAIN PROTECTION,AIRBUS,A321-200,YOK,1810,1090,,270,1,2,0,2,0,0,0,0,5
PN-104383,36,PNEUMATIC,BOEING,737-900ER,YOK,1310,310,,210,2,1,0,2,1,0,0,0,6
PN-104384,30,ICE & RAIN PROTECTION,BOEING,777-300ER,VAR,8540,5430,3000.0,4510,1,0,1,1,0,0,0,1,4
PN-104385,71,POWER PLANT,BOEING,777-F,YOK,5640,820,,1240,1,0,0,1,1,1,0,0,4
PN-104386,27,FLIGHT CONTROLS,AIRBUS,A321neo,YOK,13290,1930,,1170,11,5,0,3,6,2,0,5,32
PN-104387,22,AUTO FLIGHT,AIRBUS,A320neo,VAR,470,150,60.0,90,1,0,0,0,0,0,0,1,2
PN-104388,29,HYDRAULIC POWER,AIRBUS,A350-900,YOK,250,160,,50,10,1,0,2,1,1,0,1,16
PN-104389,49,AIRBORNE AUXILIARY POWER (APU),AIRBUS,A350-900,VAR,1850,650,630.0,1280,3,1,1,2,1,1,1,3,13
PN-104390,25,EQUIPMENT / FURNISHINGS,AIRBUS,A350-900,VAR,2040,1220,370.0,490,1,0,0,0,0,0,0,0,1
PN-104391,74,IGNITION,AIRBUS,A321-200,VAR,290,70,50.0,50,1,0,0,1,0,0,0,0,2
PN-104392,21,AIR CONDITIONING,AIRBUS,A320-200,YOK,1660,1100,,810,2,0,0,1,0,0,0,1,4
PN-104393,22,AUTO FLIGHT,AIRBUS,A320neo,YOK,3950,1090,,730,1,0,0,4,1,1,2,1,10
PN-104394,35,OXYGEN,AIRBUS,A320-200,VAR,4540,2610,670.0,840,1,0,0,0,1,0,0,1,3
PN-104395,35,OXYGEN,AIRBUS,A320-200,YOK,290,180,,70,1,0,0,0,0,1,0,1,3
PN-104396,28,FUEL,BOEING,777-300ER,VAR,8430,4540,3450.0,5970,0,1,0,0,0,0,0,1,2
PN-104397,27,FLIGHT CONTROLS,AIRBUS,A319-100,VAR,5560,1480,340.0,520,30,2,7,5,1,11,0,4,60
PN-104398,22,AUTO FLIGHT,AIRBUS,A350-900,YOK,22280,10460,,9870,2,0,0,1,0,1,1,1,6
PN-104399,56,WINDOWS,BOEING,777-F,YOK,1810,440,,840,2,1,0,1,0,0,1,1,6
PN-104400,30,ICE & RAIN PROTECTION,AIRBUS,A321-200,YOK,1130,520,,210,1,0,0,0,0,0,1,1,3
PN-104401,24,ELECTRICAL POWER,AIRBUS,A330-200,VAR,1760,250,140.0,210,2,0,0,1,0,0,0,2,5
PN-104402,31,INDICATING / RECORDING SYSTEMS,BOEING,737-800,YOK,470,330,,320,15,1,0,2,2,0,5,8,33
PN-104403,79,OIL,AIRBUS,A321-200,YOK,240,80,,120,1,0,0,0,0,0,0,0,1
PN-104404,27,FLIGHT CONTROLS,AIRBUS,A321neo,VAR,1300,580,490.0,680,3,1,1,0,0,2,0,2,9
PN-104405,77,ENGINE INDICATING,BOEING,737 MAX 8,YOK,1850,1020,,950,1,0,0,1,0,0,0,0,2
PN-104406,27,FLIGHT CONTROLS,BOEING,737-800,YOK,4140,1700,,1480,1,1,0,1,0,0,1,1,5
PN-104407,25,EQUIPMENT / FURNISHINGS,BOEING,737-900ER,VAR,1910,480,230.0,350,1,0,0,0,1,0,0,0,2
PN-104408,27,FLIGHT CONTROLS,BOEING,787-9,VAR,10560,5550,1380.0,1950,1,1,0,1,0,0,0,0,3
PN-104409,29,HYDRAULIC POWER,AIRBUS,A321-200,YOK,1290,450,,180,2,1,0,3,1,0,0,2,9
PN-104410,24,ELECTRICAL POWER,BOEING,737-800,YOK,5210,3530,,1640,1,0,0,0,0,0,0,0,1
PN-104411,49,AIRBORNE AUXILIARY POWER (APU),AIRBUS,A350-900,VAR,1910,310,260.0,470,1,1,1,0,1,1,0,1,6
PN-104412,29,HYDRAULIC POWER,BOEING,737-800,VAR,4210,2550,3450.0,4210,1,1,1,1,1,1,0,2,8
PN-104413,71,POWER PLANT,BOEING,737-800,YOK,1410,600,,570,0,0,0,1,0,0,0,1,2
PN-104414,34,NAVIGATION,BOEING,737-800,YOK,22110,4740,,5150,11,2,0,2,4,1,2,4,26
PN-104415,32,LANDING GEAR,BOEING,777-300ER,YOK,8170,1650,,1940,2,1,0,1,0,0,1,1,6
PN-104416,34,NAVIGATION,AIRBUS,A321-200,YOK,160,120,,60,2,0,0,1,0,1,0,1,5
PN-104417,25,EQUIPMENT / FURNISHINGS,BOEING,737-800,YOK,4560,3210,,1360,1,1,0,0,0,0,0,1,3
PN-104418,71,POWER PLANT,AIRBUS,A321-200,VAR,1020,540,450.0,920,3,0,0,2,0,0,0,2,7
PN-104419,23,COMMUNICATIONS,AIRBUS,A330-300,VAR,17870,3110,1320.0,1690,10,0,1,0,1,1,1,3,17
PN-104420,71,POWER PLANT,BOEING,737-800,VAR,8270,3310,640.0,1220,21,6,9,4,2,3,2,21,68
PN-104421,80,STARTING,BOEING,737-900ER,YOK,3260,1390,,460,9,0,0,1,1,0,0,2,13
PN-104422,72,ENGINE,AIRBUS,A321neo,YOK,3080,1520,,650,9,9,0,5,2,1,1,4,31
PN-104423,32,LANDING GEAR,AIRBUS,A330-200,YOK,2900,1730,,2260,16,11,0,3,1,2,4,11,48
PN-104424,29,HYDRAULIC POWER,AIRBUS,A321-200,YOK,4150,750,,650,3,0,0,3,1,2,1,1,11
PN-104425,76,ENGINE CONTROLS,AIRBUS,A320-200,YOK,310,140,,160,6,1,0,8,1,1,5,2,24
PN-104426,27,FLIGHT CONTROLS,AIRBUS,A320neo,VAR,2520,690,230.0,310,3,3,2,1,1,1,0,4,15
PN-104427,34,NAVIGATION,BOEING,777-300ER,VAR,760,340,110.0,150,2,1,0,1,1,2,0,1,8
PN-104428,73,ENGINE FUEL AND CONTROL,AIRBUS,A321-200,YOK,2020,850,,420,5,1,0,2,0,0,0,3,11
PN-104429,77,ENGINE INDICATING,BOEING,787-9,YOK,2940,1020,,830,1,0,0,0,0,0,0,0,1
PN-104430,77,ENGINE INDICATING,AIRBUS,A320neo,YOK,4140,3090,,1980,4,1,0,1,1,0,0,1,8
PN-104431,23,COMMUNICATIONS,BOEING,737-800,VAR,1720,720,250.0,420,1,0,0,0,0,0,0,0,1
PN-104432,77,ENGINE INDICATING,AIRBUS,A330-300,YOK,4200,1760,,600,1,0,0,0,0,0,0,0,1
PN-104433,23,COMMUNICATIONS,BOEING,737-800,YOK,220,100,,120,1,0,0,2,0,0,1,2,6
PN-104434,49,AIRBORNE AUXILIARY POWER (APU),BOEING,737-800,VAR,3250,780,280.0,430,2,0,0,0,0,0,0,1,3
PN-104435,79,OIL,BOEING,737-800,YOK,1740,820,,570,1,2,0,1,1,0,0,2,7
PN-104436,56,WINDOWS,BOEING,777-300ER,YOK,3160,1310,,570,2,0,0,1,0,0,1,0,4
PN-104437,79,OIL,AIRBUS,A330-300,YOK,2460,880,,1470,2,1,0,2,0,0,1,2,8
PN-104438,29,HYDRAULIC POWER,AIRBUS,A320-200,YOK,8680,1030,,330,1,1,0,1,0,0,0,1,4
PN-104439,29,HYDRAULIC POWER,AIRBUS,A320neo,YOK,2330,1010,,640,11,2,0,3,1,0,1,2,20
PN-104440,29,HYDRAULIC POWER,BOEING,737-800,YOK,260,170,,170,4,1,0,0,1,0,1,1,8
PN-104441,30,ICE & RAIN PROTECTION,AIRBUS,A330-200,YOK,1680,390,,220,3,0,0,2,1,0,1,1,8
PN-104442,56,WINDOWS,AIRBUS,A330-300,VAR,1370,430,190.0,290,1,0,0,0,0,0,0,0,1
PN-104443,32,LANDING GEAR,AIRBUS,A330-300,YOK,13830,4440,,2440,4,1,0,1,0,0,1,2,9
PN-104444,72,ENGINE,AIRBUS,A321-200,YOK,5320,1600,,340,10,1,0,2,4,3,0,12,32
PN-104445,31,INDICATING / RECORDING SYSTEMS,BOEING,737-900ER,YOK,1720,360,,110,4,1,0,3,1,0,2,3,14
PN-104446,29,HYDRAULIC POWER,BOEING,737-800,YOK,1140,540,,270,2,0,0,1,0,0,1,0,4
PN-104447,25,EQUIPMENT / FURNISHINGS,BOEING,737-800,YOK,4680,2560,,1300,1,0,0,1,0,0,0,1,3
PN-104448,36,PNEUMATIC,BOEING,737-800,VAR,220,100,50.0,50,1,0,0,0,0,0,0,1,2
PN-104449,77,ENGINE INDICATING,BOEING,777-300ER,YOK,2210,570,,430,1,0,0,1,0,0,0,1,3
PN-104450,76,ENGINE CONTROLS,AIRBUS,A330-300,VAR,720,430,250.0,370,1,0,0,0,0,0,0,1,2
PN-104451,27,FLIGHT CONTROLS,BOEING,787-9,VAR,750,310,60.0,70,3,1,0,0,0,0,1,2,7
PN-104452,34,NAVIGATION,AIRBUS,A320-200,YOK,23900,8130,,8340,5,1,0,1,2,0,1,2,12
PN-104453,71,POWER PLANT,AIRBUS,A350-900,YOK,1630,640,,360,2,0,0,1,0,0,0,1,4
PN-104454,49,AIRBORNE AUXILIARY POWER (APU),BOEING,737-800,VAR,900,300,90.0,120,3,1,0,0,1,1,0,1,7
PN-104455,22,AUTO FLIGHT,AIRBUS,A321neo,VAR,330,160,100.0,140,1,0,0,1,0,0,1,2,5
PN-104456,49,AIRBORNE AUXILIARY POWER (APU),AIRBUS,A321-200,YOK,6770,4290,,2090,12,4,0,2,1,0,1,1,21
PN-104457,22,AUTO FLIGHT,AIRBUS,A330-300,YOK,8480,4580,,3300,1,0,0,1,0,0,0,1,3
PN-104458,24,ELECTRICAL POWER,AIRBUS,A321-200,VAR,1080,720,120.0,230,1,1,0,1,1,0,0,1,5
PN-104459,52,DOORS,BOEING,777-300ER,VAR,1690,330,300.0,520,1,0,0,0,0,0,0,1,2
PN-104460,23,COMMUNICATIONS,AIRBUS,A321-200,YOK,870,280,,160,1,0,0,0,0,0,0,1,2
PN-104461,29,HYDRAULIC POWER,AIRBUS,A320-200,VAR,14570,5470,2110.0,3780,5,0,3,2,1,1,0,2,14
PN-104462,49,AIRBORNE AUXILIARY POWER (APU),AIRBUS,A330-300,VAR,11480,3090,480.0,700,2,0,1,0,0,0,1,3,7
PN-104463,56,WINDOWS,AIRBUS,A321-200,YOK,11760,3960,,3060,1,0,0,0,1,0,1,1,4
PN-104464,32,LANDING GEAR,AIRBUS,A320-200,YOK,1200,260,,160,9,5,0,5,2,2,5,5,33
PN-104465,23,COMMUNICATIONS,AIRBUS,A330-300,VAR,1690,680,340.0,670,4,2,1,0,1,1,2,6,17
PN-104466,73,ENGINE FUEL AND CONTROL,AIRBUS,A330-200,YOK,1740,1040,,920,1,0,0,1,0,0,0,0,2
PN-104467,79,OIL,AIRBUS,A320-200,YOK,1180,580,,460,5,1,0,2,1,0,0,3,12
PN-104468,77,ENGINE INDICATING,AIRBUS,A330-300,YOK,1830,1560,,380,3,2,0,1,1,0,0,0,7
PN-104469,72,ENGINE,AIRBUS,A330-300,YOK,140,50,,50,1,0,0,2,1,0,1,3,8
PN-104470,31,INDICATING / RECORDING SYSTEMS,BOEING,737-900ER,YOK,2010,670,,800,3,2,0,1,1,0,0,1,8
PN-104471,76,ENGINE CONTROLS,AIRBUS,A321-200,VAR,1420,270,50.0,50,1,0,0,0,0,0,0,0,1
PN-104472,34,NAVIGATION,AIRBUS,A320neo,YOK,1540,890,,870,10,2,0,5,0,0,0,8,25
PN-104473,24,ELECTRICAL POWER,BOEING,777-F,VAR,15180,12150,2010.0,3500,4,1,1,3,1,1,0,2,13
PN-104474,76,ENGINE CONTROLS,AIRBUS,A330-300,YOK,4700,1330,,1800,1,0,0,1,1,0,0,0,3
PN-104475,29,HYDRAULIC POWER,AIRBUS,A319-100,YOK,14810,4120,,4160,2,0,0,1,0,0,1,1,5
PN-104476,79,OIL,BOEING,737 MAX 8,YOK,2040,390,,260,1,0,0,0,0,0,0,0,1
PN-104477,30,ICE & RAIN PROTECTION,AIRBUS,A320neo,VAR,400,260,160.0,240,2,0,0,0,0,0,1,1,4
PN-104478,76,ENGINE CONTROLS,BOEING,737-900ER,YOK,12720,5110,,1890,2,1,0,1,0,0,0,0,4
PN-104479,35,OXYGEN,BOEING,737-800,YOK,1730,610,,430,0,0,0,1,0,0,0,0,1
PN-104480,34,NAVIGATION,BOEING,787-9,VAR,760,210,170.0,230,8,1,0,2,0,0,1,1,13
PN-104481,28,FUEL,BOEING,787-9,YOK,2270,930,,1540,4,2,0,1,2,3,2,7,21
PN-104482,74,IGNITION,AIRBUS,A320neo,YOK,200,80,,60,2,0,0,1,0,0,1,0,4
PN-104483,22,AUTO FLIGHT,BOEING,737-900ER,YOK,1380,800,,460,2,0,0,1,1,0,0,0,4
PN-104484,34,NAVIGATION,AIRBUS,A321-200,YOK,2940,1280,,2510,3,0,0,3,0,0,1,3,10
PN-104485,30,ICE & RAIN PROTECTION,AIRBUS,A350-900,YOK,910,470,,490,2,0,0,1,1,0,0,1,5
PN-104486,36,PNEUMATIC,AIRBUS,A330-300,YOK,500,300,,70,1,0,0,0,0,0,0,1,2
PN-104487,27,FLIGHT CONTROLS,AIRBUS,A319-100,YOK,7500,2620,,1560,1,0,0,1,1,0,0,1,4
PN-104488,56,WINDOWS,AIRBUS,A319-100,YOK,1900,1010,,880,1,0,0,1,0,0,0,1,3
PN-104489,31,INDICATING / RECORDING SYSTEMS,AIRBUS,A319-100,YOK,2750,1310,,1340,2,1,0,1,1,1,0,1,7
PN-104490,25,EQUIPMENT / FURNISHINGS,AIRBUS,A320-200,VAR,890,650,330.0,460,1,0,1,1,0,0,0,1,4
PN-104491,26,FIRE PROTECTION,AIRBUS,A320neo,YOK,3170,1210,,900,1,1,0,1,0,0,0,1,4
PN-104492,71,POWER PLANT,BOEING,777-300ER,VAR,150,50,50.0,50,1,0,0,0,0,0,0,1,2
PN-104493,27,FLIGHT CONTROLS,AIRBUS,A330-200,YOK,7920,4570,,3130,2,2,0,1,0,2,2,4,13
PN-104494,28,FUEL,BOEING,737-900ER,VAR,930,270,140.0,230,4,0,0,0,0,0,2,1,7
PN-104495,52,DOORS,BOEING,737 MAX 8,YOK,460,120,,50,11,2,0,9,8,2,2,10,44
PN-104496,29,HYDRAULIC POWER,BOEING,737-800,VAR,7660,4040,2090.0,2870,4,0,0,0,1,0,0,1,6
PN-104497,31,INDICATING / RECORDING SYSTEMS,AIRBUS,A321-200,YOK,1080,190,,70,3,1,0,1,0,1,1,1,8
PN-104498,27,FLIGHT CONTROLS,BOEING,737 MAX 8,VAR,53880,24170,15560.0,23490,17,14,7,20,5,3,4,24,94
PN-104499,29,HYDRAULIC POWER,BOEING,737-800,VAR,3420,770,220.0,320,7,1,1,1,0,0,0,1,11
PN-104500,71,POWER PLANT,BOEING,737-800,YOK,8510,2950,,530,3,0,0,2,0,1,0,1,7
PN-104501,35,OXYGEN,BOEING,777-300ER,YOK,1260,790,,200,1,0,0,1,0,0,0,0,2
PN-104502,80,STARTING,AIRBUS,A330-300,YOK,16470,9830,,16170,13,1,0,2,0,1,4,5,26
PN-104503,73,ENGINE FUEL AND CONTROL,AIRBUS,A330-200,YOK,6490,1590,,580,1,0,0,1,0,1,0,0,3
PN-104504,21,AIR CONDITIONING,BOEING,777-300ER,VAR,3130,1330,330.0,590,2,1,1,1,2,0,2,2,11
PN-104505,30,ICE & RAIN PROTECTION,AIRBUS,A321neo,VAR,2010,950,460.0,690,1,0,1,0,0,0,0,1,3
PN-104506,28,FUEL,BOEING,737 MAX 8,YOK,160,90,,50,3,0,0,1,1,0,0,1,6
PN-104507,49,AIRBORNE AUXILIARY POWER (APU),AIRBUS,A319-100,YOK,11790,7250,,6950,1,0,0,0,0,0,1,0,2
PN-104508,27,FLIGHT CONTROLS,AIRBUS,A319-100,VAR,2480,500,300.0,550,6,3,4,8,0,0,0,4,25
PN-104509,80,STARTING,AIRBUS,A330-200,YOK,12210,3600,,4330,1,1,0,1,0,0,1,1,5
PN-104510,28,FUEL,AIRBUS,A320-200,YOK,4820,1870,,790,1,0,0,1,0,0,0,0,2
PN-104511,35,OXYGEN,BOEING,787-9,YOK,2040,980,,640,4,0,0,2,1,0,1,3,11
PN-104512,24,ELECTRICAL POWER,AIRBUS,A319-100,YOK,870,400,,140,1,1,0,1,0,1,0,1,5
PN-104513,77,ENGINE INDICATING,BOEING,737-800,VAR,14310,5430,3090.0,5820,2,0,1,1,0,1,0,3,8
PN-104514,77,ENGINE INDICATING,AIRBUS,A320neo,YOK,3390,1170,,1080,4,1,0,1,3,0,1,3,13
PN-104515,73,ENGINE FUEL AND CONTROL,BOEING,787-9,YOK,980,350,,100,7,0,0,2,0,0,1,2,12
PN-104516,30,ICE & RAIN PROTECTION,AIRBUS,A321-200,VAR,3300,770,380.0,580,1,0,0,0,0,0,0,0,1
PN-104517,22,AUTO FLIGHT,AIRBUS,A319-100,YOK,580,260,,60,5,1,0,1,0,1,0,3,11
PN-104518,71,POWER PLANT,AIRBUS,A319-100,VAR,1060,470,220.0,380,3,1,0,1,0,1,0,1,7
PN-104519,32,LANDING GEAR,AIRBUS,A330-300,YOK,1010,230,,170,3,2,0,1,1,0,0,1,8
PN-104520,80,STARTING,BOEING,787-9,YOK,4460,1750,,670,1,1,0,3,0,0,0,1,6
PN-104521,71,POWER PLANT,BOEING,787-9,YOK,3220,880,,520,1,0,0,0,0,0,0,1,2
PN-104522,36,PNEUMATIC,AIRBUS,A321-200,VAR,470,230,110.0,160,2,1,1,0,0,1,0,1,6
PN-104523,80,STARTING,AIRBUS,A321neo,VAR,1330,780,210.0,380,1,1,0,0,0,0,0,0,2
PN-104524,73,ENGINE FUEL AND CONTROL,AIRBUS,A320-200,YOK,770,200,,140,2,0,0,0,0,0,1,3,6
PN-104525,32,LANDING GEAR,AIRBUS,A330-200,YOK,2400,730,,750,4,0,0,2,0,2,1,3,12
PN-104526,21,AIR CONDITIONING,AIRBUS,A330-300,YOK,50330,24830,,20920,5,2,0,5,2,1,0,4,19
PN-104527,23,COMMUNICATIONS,AIRBUS,A320neo,YOK,2570,1490,,1050,1,0,0,0,0,0,0,1,2
PN-104528,32,LANDING GEAR,AIRBUS,A350-900,YOK,15330,4490,,6050,17,7,0,6,3,1,0,4,38
PN-104529,36,PNEUMATIC,BOEING,777-300ER,VAR,2810,1740,580.0,940,7,0,0,0,1,2,0,2,12
PN-104530,21,AIR CONDITIONING,AIRBUS,A319-100,YOK,8190,1540,,1230,1,0,0,2,1,0,0,1,5
PN-104531,24,ELECTRICAL POWER,AIRBUS,A320neo,VAR,3450,600,210.0,340,1,1,0,0,0,1,0,0,3
PN-104532,71,POWER PLANT,AIRBUS,A320neo,YOK,5630,1150,,570,1,0,0,0,0,0,1,0,2
PN-104533,72,ENGINE,AIRBUS,A320-200,YOK,11010,4780,,970,5,1,0,3,1,2,0,3,15
PN-104534,21,AIR CONDITIONING,AIRBUS,A320-200,VAR,6470,2760,1890.0,2570,2,0,0,1,0,0,0,1,4
PN-104535,35,OXYGEN,AIRBUS,A350-900,YOK,1730,240,,210,4,1,0,1,0,0,2,3,11
PN-104536,23,COMMUNICATIONS,AIRBUS,A320-200,VAR,4630,1520,520.0,690,1,1,0,1,0,0,0,0,3
PN-104537,71,POWER PLANT,BOEING,737-800,YOK,3830,1950,,1130,1,1,0,0,0,0,0,1,3
PN-104538,74,IGNITION,BOEING,777-300ER,YOK,1280,530,,420,1,1,0,1,1,0,0,1,5
PN-104539,76,ENGINE CONTROLS,BOEING,777-300ER,YOK,3210,1850,,740,2,0,0,0,0,0,1,0,3
PN-104540,49,AIRBORNE AUXILIARY POWER (APU),BOEING,737-800,YOK,2550,1360,,760,2,0,0,2,1,1,0,2,8
PN-104541,52,DOORS,AIRBUS,A320neo,YOK,880,420,,200,4,0,0,2,2,1,0,2,11
PN-104542,79,OIL,AIRBUS,A320-200,YOK,1020,360,,180,3,0,0,1,0,1,0,2,7
PN-104543,49,AIRBORNE AUXILIARY POWER (APU),AIRBUS,A320neo,YOK,2380,1270,,1090,3,0,0,1,0,1,1,3,9
PN-104544,32,LANDING GEAR,BOEING,787-9,YOK,710,340,,290,3,1,0,3,2,0,0,3,12
PN-104545,72,ENGINE,BOEING,787-9,YOK,1810,1210,,1480,1,1,0,0,0,0,0,1,3
PN-104546,49,AIRBORNE AUXILIARY POWER (APU),AIRBUS,A321-200,YOK,15610,5030,,3350,4,1,0,4,1,0,1,1,12
PN-104547,74,IGNITION,AIRBUS,A321-200,VAR,190,80,50.0,50,3,0,1,0,0,0,0,1,5
PN-104548,35,OXYGEN,AIRBUS,A330-200,VAR,810,520,300.0,440,4,1,1,1,0,0,0,1,8
PN-104549,76,ENGINE CONTROLS,AIRBUS,A321-200,YOK,1940,700,,200,3,1,0,3,1,0,0,2,10
PN-104550,22,AUTO FLIGHT,BOEING,787-9,YOK,4780,1640,,650,3,0,0,0,1,0,0,1,5
PN-104551,21,AIR CONDITIONING,AIRBUS,A320neo,VAR,1200,260,90.0,170,4,2,1,1,6,1,1,3,19
PN-104552,23,COMMUNICATIONS,AIRBUS,A321-200,VAR,1700,750,380.0,500,2,0,1,0,0,0,0,1,4
PN-104553,36,PNEUMATIC,AIRBUS,A321neo,VAR,2910,1400,330.0,600,2,1,1,0,1,0,0,1,6
PN-104554,71,POWER PLANT,AIRBUS,A320-200,VAR,810,550,300.0,450,2,2,0,0,0,1,0,1,6
PN-104555,26,FIRE PROTECTION,AIRBUS,A321-200,YOK,2060,1400,,1420,3,1,0,0,1,1,0,0,6
PN-104556,25,EQUIPMENT / FURNISHINGS,BOEING,737 MAX 8,VAR,4290,2070,720.0,1320,2,0,0,0,0,0,0,1,3
PN-104557,76,ENGINE CONTROLS,AIRBUS,A320-200,YOK,530,200,,90,13,3,0,3,0,1,2,4,26
PN-104558,72,ENGINE,AIRBUS,A330-300,YOK,1300,810,,660,23,14,0,11,1,9,8,7,73
PN-104559,52,DOORS,AIRBUS,A321neo,YOK,640,210,,300,7,1,0,1,0,0,0,1,10
PN-104560,34,NAVIGATION,AIRBUS,A320-200,YOK,230,70,,70,7,10,0,2,2,2,0,4,27
PN-104561,31,INDICATING / RECORDING SYSTEMS,AIRBUS,A319-100,YOK,1830,880,,770,1,0,0,0,0,0,0,0,1
PN-104562,21,AIR CONDITIONING,AIRBUS,A320neo,VAR,200,80,50.0,50,1,0,0,0,0,0,0,1,2
PN-104563,25,EQUIPMENT / FURNISHINGS,AIRBUS,A320-200,VAR,6090,2070,1020.0,1550,1,0,0,0,0,0,1,1,3
PN-104564,77,ENGINE INDICATING,AIRBUS,A321-200,YOK,100,50,,50,1,0,0,0,1,0,2,2,6
PN-104565,29,HYDRAULIC POWER,BOEING,737 MAX 8,VAR,130,50,50.0,70,1,1,0,0,1,1,0,3,7
PN-104566,71,POWER PLANT,BOEING,737-800,YOK,2650,700,,490,1,0,0,1,0,0,0,0,2
PN-104567,71,POWER PLANT,BOEING,777-F,YOK,2770,1070,,670,5,3,0,2,4,1,3,3,21
PN-104568,29,HYDRAULIC POWER,AIRBUS,A321neo,YOK,3210,1490,,1040,27,3,0,12,2,6,7,5,62
PN-104569,26,FIRE PROTECTION,BOEING,737-800,YOK,200,70,,50,4,2,0,1,0,2,0,3,12
PN-104570,56,WINDOWS,BOEING,737-800,VAR,5690,2650,1230.0,1860,2,1,3,1,1,0,0,2,10
PN-104571,23,COMMUNICATIONS,AIRBUS,A320neo,VAR,3960,1530,790.0,1300,4,0,1,0,0,0,0,1,6
PN-104572,34,NAVIGATION,AIRBUS,A321-200,YOK,16790,5800,,3520,1,1,0,0,0,0,0,1,3
PN-104573,77,ENGINE INDICATING,AIRBUS,A330-200,YOK,1600,1340,,470,3,0,0,1,1,0,0,1,6
PN-104574,71,POWER PLANT,BOEING,737-900ER,VAR,24990,17340,24990.0,24990,24,3,1,4,5,0,4,8,49
PN-104575,72,ENGINE,AIRBUS,A321neo,YOK,100,50,,50,4,0,0,2,0,1,1,1,9
PN-104576,23,COMMUNICATIONS,AIRBUS,A320neo,VAR,480,160,110.0,150,1,0,0,0,1,0,0,1,3
PN-104577,26,FIRE PROTECTION,BOEING,787-9,VAR,1050,390,120.0,210,3,0,2,1,0,1,0,3,10
PN-104578,28,FUEL,AIRBUS,A320-200,YOK,330,200,,130,8,3,0,4,1,0,2,1,19
PN-104579,28,FUEL,BOEING,777-F,YOK,13140,6950,,5120,1,1,0,0,0,0,0,1,3
PN-104580,26,FIRE PROTECTION,BOEING,737-900ER,VAR,4900,1850,430.0,590,1,0,1,0,0,0,0,1,3
PN-104581,80,STARTING,BOEING,737 MAX 8,YOK,135080,96780,,40690,2,0,0,0,0,1,0,1,4
PN-104582,25,EQUIPMENT / FURNISHINGS,BOEING,737-900ER,VAR,3910,2030,2520.0,3740,2,0,1,0,1,0,0,1,5
PN-104583,71,POWER PLANT,AIRBUS,A320neo,VAR,1290,230,80.0,120,10,1,1,1,1,1,1,4,20
PN-104584,49,AIRBORNE AUXILIARY POWER (APU),AIRBUS,A350-900,YOK,1990,710,,180,2,0,0,1,0,0,0,1,4
PN-104585,49,AIRBORNE AUXILIARY POWER (APU),BOEING,737-800,YOK,1560,1030,,1560,11,3,0,3,0,1,0,4,22
PN-104586,26,FIRE PROTECTION,BOEING,737-800,YOK,7950,2770,,2930,1,1,0,1,0,0,0,1,4
PN-104587,28,FUEL,AIRBUS,A320neo,VAR,3420,1430,1060.0,1530,15,8,11,3,1,3,8,5,54
PN-104588,49,AIRBORNE AUXILIARY POWER (APU),AIRBUS,A320-200,YOK,24460,16820,,10300,5,0,0,2,1,1,0,2,11
PN-104589,28,FUEL,AIRBUS,A321-200,YOK,1920,620,,200,3,1,0,1,0,0,0,1,6
PN-104590,71,POWER PLANT,AIRBUS,A321neo,YOK,10990,3600,,1400,6,2,0,2,0,0,1,1,12
PN-104591,22,AUTO FLIGHT,AIRBUS,A330-300,YOK,700,460,,270,1,1,0,1,0,0,0,1,4
PN-104592,22,AUTO FLIGHT,BOEING,737 MAX 8,YOK,2110,1240,,280,1,0,0,0,0,0,0,0,1
PN-104593,71,POWER PLANT,BOEING,737-900ER,YOK,2760,1960,,720,2,1,0,1,0,0,1,1,6
PN-104594,52,DOORS,BOEING,737-800,VAR,5790,2190,720.0,1040,1,0,0,1,1,0,0,1,4
PN-104595,22,AUTO FLIGHT,AIRBUS,A320neo,YOK,11210,6380,,7170,0,0,0,1,0,0,0,0,1
PN-104596,77,ENGINE INDICATING,AIRBUS,A321neo,YOK,290,200,,220,3,1,0,1,0,0,0,1,6
PN-104597,21,AIR CONDITIONING,AIRBUS,A321-200,VAR,2860,1570,300.0,470,0,0,0,0,0,0,0,1,1
PN-104598,79,OIL,AIRBUS,A320neo,VAR,18780,3730,1000.0,1470,2,0,0,1,1,0,0,1,5
PN-104599,71,POWER PLANT,AIRBUS,A319-100,YOK,1020,480,,210,3,0,0,1,0,1,0,4,9
PN-104600,80,STARTING,AIRBUS,A321-200,VAR,17450,9930,5140.0,7920,2,1,1,1,1,0,0,1,7
PN-104601,79,OIL,AIRBUS,A320neo,YOK,30410,16870,,10380,2,1,0,0,0,0,1,1,5
PN-104602,29,HYDRAULIC POWER,AIRBUS,A330-300,VAR,2050,1010,1730.0,2050,4,1,0,0,0,2,0,1,8
PN-104603,72,ENGINE,AIRBUS,A320-200,YOK,16570,12820,,8930,3,0,0,1,0,0,1,1,6
PN-104604,26,FIRE PROTECTION,AIRBUS,A320neo,YOK,9880,5200,,1160,1,1,0,1,0,0,0,1,4
PN-104605,34,NAVIGATION,AIRBUS,A319-100,VAR,300,210,140.0,240,3,1,0,0,0,1,0,2,7
PN-104606,27,FLIGHT CONTROLS,BOEING,737-800,YOK,1320,400,,180,1,1,0,1,0,0,0,0,3
PN-104607,34,NAVIGATION,AIRBUS,A330-300,VAR,570,350,160.0,310,3,0,0,1,1,0,1,2,8
PN-104608,76,ENGINE CONTROLS,AIRBUS,A321-200,YOK,19950,6410,,4440,4,1,0,1,0,0,0,1,7
PN-104609,32,LANDING GEAR,AIRBUS,A320-200,YOK,3360,1970,,870,3,0,0,3,0,0,1,2,9
PN-104610,23,COMMUNICATIONS,BOEING,777-F,YOK,7270,3230,,1670,21,4,0,3,4,5,0,9,46
PN-104611,29,HYDRAULIC POWER,AIRBUS,A330-300,YOK,940,660,,350,3,0,0,1,1,0,0,3,8
PN-104612,73,ENGINE FUEL AND CONTROL,BOEING,737-800,YOK,2810,1920,,1470,2,1,0,1,0,0,0,2,6
PN-104613,35,OXYGEN,AIRBUS,A330-200,VAR,1800,940,180.0,330,1,0,0,0,0,1,0,1,3
PN-104614,36,PNEUMATIC,BOEING,737-900ER,VAR,5390,3170,480.0,720,1,0,1,0,0,0,0,0,2
PN-104615,32,LANDING GEAR,BOEING,777-300ER,YOK,5490,2540,,1400,7,5,0,3,0,0,0,4,19
PN-104616,28,FUEL,AIRBUS,A321-200,YOK,4440,3020,,1780,2,0,0,1,0,0,0,1,4
PN-104617,49,AIRBORNE AUXILIARY POWER (APU),BOEING,737-800,YOK,7670,4520,,4860,1,0,0,1,0,1,1,1,5
PN-104618,52,DOORS,AIRBUS,A320neo,YOK,170,80,,50,1,0,0,1,0,1,0,0,3
PN-104619,77,ENGINE INDICATING,BOEING,737-800,YOK,1790,870,,340,2,0,0,0,0,0,0,0,2
PN-104620,52,DOORS,AIRBUS,A321-200,YOK,6360,1580,,900,0,0,0,1,0,0,0,0,1
PN-104621,80,STARTING,AIRBUS,A319-100,YOK,6750,2290,,2260,1,0,0,1,0,0,0,2,4
PN-104622,74,IGNITION,BOEING,777-F,YOK,510,220,,180,5,1,0,1,0,0,0,3,10
PN-104623,23,COMMUNICATIONS,BOEING,737 MAX 8,YOK,11900,2750,,800,3,0,0,1,1,0,0,1,6
PN-104624,31,INDICATING / RECORDING SYSTEMS,AIRBUS,A321-200,YOK,2150,1010,,1020,7,1,0,6,1,1,1,7,24
PN-104625,31,INDICATING / RECORDING SYSTEMS,BOEING,787-9,YOK,3910,1110,,250,6,1,0,1,0,0,1,3,12
PN-104626,21,AIR CONDITIONING,AIRBUS,A321-200,VAR,4190,1970,680.0,1100,4,4,1,0,1,0,1,1,12
PN-104627,25,EQUIPMENT / FURNISHINGS,AIRBUS,A321neo,VAR,870,590,170.0,230,7,3,2,3,2,2,2,3,24
PN-104628,72,ENGINE,BOEING,737 MAX 8,YOK,33570,10160,,7960,4,0,0,2,0,2,0,3,11
PN-104629,30,ICE & RAIN PROTECTION,AIRBUS,A321-200,VAR,780,400,110.0,230,2,0,0,1,0,0,1,1,5
PN-104630,24,ELECTRICAL POWER,AIRBUS,A321neo,YOK,7240,4170,,710,4,0,0,1,1,1,0,1,8
PN-104631,28,FUEL,BOEING,737-800,YOK,7720,860,,240,10,0,0,5,4,1,0,7,27
PN-104632,28,FUEL,AIRBUS,A320-200,YOK,2070,640,,410,1,1,0,1,2,0,0,2,7
PN-104633,25,EQUIPMENT / FURNISHINGS,AIRBUS,A321neo,VAR,1450,680,140.0,170,1,0,0,0,0,0,0,1,2
PN-104634,23,COMMUNICATIONS,AIRBUS,A321-200,VAR,3620,3030,1190.0,1940,3,1,2,0,1,0,0,2,9
PN-104635,72,ENGINE,BOEING,737-800,YOK,8500,2260,,1010,3,1,0,1,0,0,0,1,6
PN-104636,74,IGNITION,AIRBUS,A320-200,YOK,970,400,,80,2,0,0,1,1,1,1,1,7
PN-104637,34,NAVIGATION,AIRBUS,A320neo,VAR,920,340,220.0,280,5,2,0,1,0,1,0,1,10
PN-104638,52,DOORS,BOEING,737-800,VAR,1200,550,170.0,270,2,0,0,0,0,0,0,2,4
PN-104639,77,ENGINE INDICATING,AIRBUS,A320-200,YOK,1010,220,,490,5,0,0,1,1,1,1,1,10
PN-104640,74,IGNITION,AIRBUS,A321neo,VAR,720,200,70.0,120,1,0,0,0,0,0,0,0,1
PN-104641,21,AIR CONDITIONING,BOEING,737-800,VAR,4350,1660,460.0,820,2,1,2,0,0,0,0,4,9
PN-104642,79,OIL,BOEING,737-900ER,YOK,3170,2210,,1470,1,0,0,1,0,1,0,1,4
PN-104643,22,AUTO FLIGHT,AIRBUS,A320-200,YOK,2170,1160,,960,20,6,0,18,8,2,2,22,78
PN-104644,21,AIR CONDITIONING,BOEING,737 MAX 8,YOK,280,110,,50,2,1,0,3,1,0,0,1,8
PN-104645,31,INDICATING / RECORDING SYSTEMS,BOEING,737-800,VAR,5010,1120,330.0,510,2,1,0,0,0,0,0,0,3
PN-104646,72,ENGINE,AIRBUS,A321-200,YOK,1030,400,,110,1,0,0,1,0,0,0,1,3
PN-104647,23,COMMUNICATIONS,BOEING,737-900ER,YOK,570,170,,70,8,2,0,3,0,0,0,4,17
PN-104648,28,FUEL,BOEING,737-800,YOK,2290,780,,650,1,1,0,1,0,0,1,1,5
PN-104649,27,FLIGHT CONTROLS,AIRBUS,A350-900,YOK,3910,2790,,1800,1,1,0,1,0,0,0,1,4
PN-104650,31,INDICATING / RECORDING SYSTEMS,AIRBUS,A330-300,YOK,490,160,,70,2,0,0,2,0,1,1,2,8
PN-104651,80,STARTING,BOEING,737-800,YOK,6220,2300,,1830,3,1,0,2,1,0,1,4,12
PN-104652,29,HYDRAULIC POWER,BOEING,787-9,YOK,1090,410,,150,4,1,0,2,0,1,0,8,16
PN-104653,26,FIRE PROTECTION,AIRBUS,A330-300,YOK,560,220,,60,3,0,0,0,1,0,0,0,4
PN-104654,24,ELECTRICAL POWER,BOEING,737-900ER,VAR,2320,1490,520.0,730,2,3,0,0,1,1,0,2,9
PN-104655,26,FIRE PROTECTION,BOEING,737-800,YOK,1240,270,,320,2,1,0,0,0,0,1,1,5
PN-104656,24,ELECTRICAL POWER,BOEING,737 MAX 8,YOK,770,430,,340,2,2,0,3,1,1,0,2,11
PN-104657,36,PNEUMATIC,BOEING,777-F,VAR,1450,410,50.0,90,2,1,1,1,0,1,1,1,8
PN-104658,31,INDICATING / RECORDING SYSTEMS,AIRBUS,A320neo,YOK,18150,4380,,2840,4,1,0,3,2,3,2,1,16
PN-104659,34,NAVIGATION,AIRBUS,A320-200,YOK,13650,6850,,2270,3,1,0,1,0,1,0,1,7
PN-104660,74,IGNITION,AIRBUS,A330-300,YOK,29250,7060,,6710,1,0,0,0,0,0,0,1,2
PN-104661,49,AIRBORNE AUXILIARY POWER (APU),AIRBUS,A321neo,YOK,2180,880,,1380,3,0,0,2,0,0,0,2,7
PN-104662,25,EQUIPMENT / FURNISHINGS,AIRBUS,A330-300,VAR,1210,710,360.0,600,3,1,0,1,0,1,1,2,9
PN-104663,30,ICE & RAIN PROTECTION,BOEING,737-900ER,YOK,9670,3980,,1340,0,0,0,0,0,0,0,1,1
PN-104664,29,HYDRAULIC POWER,BOEING,777-300ER,VAR,30140,15570,7890.0,10120,1,0,0,0,0,0,0,1,2
PN-104665,74,IGNITION,AIRBUS,A321neo,YOK,410,300,,190,2,1,0,2,2,0,1,2,10
PN-104666,28,FUEL,BOEING,737-800,VAR,3030,1110,890.0,1270,10,2,5,0,1,1,0,7,26
PN-104667,24,ELECTRICAL POWER,AIRBUS,A320neo,VAR,2790,1480,150.0,190,1,1,1,0,0,0,0,0,3
PN-104668,72,ENGINE,AIRBUS,A330-200,YOK,1510,710,,180,7,0,0,1,1,1,0,3,13
PN-104669,32,LANDING GEAR,AIRBUS,A319-100,YOK,1070,380,,540,3,1,0,1,0,1,0,1,7
PN-104670,23,COMMUNICATIONS,AIRBUS,A330-200,YOK,4220,2260,,320,1,0,0,1,0,0,1,1,4
PN-104671,56,WINDOWS,AIRBUS,A330-300,VAR,12140,2550,1170.0,1770,2,1,0,1,0,0,0,1,5
PN-104672,26,FIRE PROTECTION,BOEING,737-800,YOK,1860,520,,310,1,0,0,0,0,0,0,0,1
PN-104673,76,ENGINE CONTROLS,BOEING,737-800,YOK,400,160,,190,1,0,0,0,0,0,0,1,2
PN-104674,74,IGNITION,AIRBUS,A321-200,VAR,11720,6590,1720.0,2440,1,0,0,0,1,0,0,1,3
PN-104675,30,ICE & RAIN PROTECTION,AIRBUS,A319-100,YOK,5130,3360,,2240,1,1,0,1,0,0,1,1,5
PN-104676,36,PNEUMATIC,AIRBUS,A320-200,VAR,2420,770,140.0,220,1,0,0,0,0,0,0,1,2
PN-104677,36,PNEUMATIC,BOEING,787-9,YOK,13940,5310,,3950,4,0,0,1,0,1,3,2,11
PN-104678,52,DOORS,BOEING,777-300ER,YOK,1470,390,,250,1,0,0,1,0,0,1,0,3
PN-104679,22,AUTO FLIGHT,AIRBUS,A321-200,VAR,730,360,170.0,340,1,0,1,0,0,1,0,1,4
PN-104680,29,HYDRAULIC POWER,AIRBUS,A320neo,VAR,5230,1620,800.0,1170,3,2,0,1,1,0,1,3,11
PN-104681,25,EQUIPMENT / FURNISHINGS,AIRBUS,A321neo,YOK,2180,1400,,870,1,0,0,1,0,1,0,1,4
PN-104682,71,POWER PLANT,BOEING,737-800,VAR,3880,1890,1500.0,2280,8,4,0,0,0,1,0,3,16
PN-104683,22,AUTO FLIGHT,AIRBUS,A321-200,YOK,300,170,,170,1,1,0,1,0,0,0,0,3
PN-104684,35,OXYGEN,AIRBUS,A320-200,YOK,380,120,,50,1,0,0,0,0,0,0,0,1
PN-104685,71,POWER PLANT,AIRBUS,A321neo,VAR,950,450,260.0,400,3,0,0,1,1,0,0,1,6
PN-104686,79,OIL,AIRBUS,A320neo,YOK,980,550,,260,2,1,0,0,0,1,0,3,7
PN-104687,28,FUEL,AIRBUS,A321-200,YOK,2490,760,,540,1,0,0,0,0,0,0,1,2
PN-104688,21,AIR CONDITIONING,AIRBUS,A320-200,YOK,30630,11320,,8940,1,1,0,0,0,0,0,0,2
PN-104689,71,POWER PLANT,BOEING,737-800,VAR,2870,1180,1060.0,1620,2,1,2,1,0,0,0,3,9
PN-104690,21,AIR CONDITIONING,AIRBUS,A330-200,YOK,3400,1180,,270,0,1,0,1,0,1,0,1,4
PN-104691,22,AUTO FLIGHT,AIRBUS,A320neo,VAR,66220,26000,8160.0,14200,1,1,0,0,0,0,0,0,2
PN-104692,80,STARTING,AIRBUS,A330-300,YOK,180,120,,130,5,1,0,2,0,1,2,5,16
PN-104693,76,ENGINE CONTROLS,AIRBUS,A330-200,YOK,76500,31950,,30940,1,0,0,1,0,0,1,0,3
PN-104694,71,POWER PLANT,BOEING,737-900ER,YOK,1270,490,,480,11,1,0,1,0,1,3,4,21
PN-104695,74,IGNITION,BOEING,777-F,YOK,1190,580,,390,1,1,0,2,0,0,0,1,5
PN-104696,22,AUTO FLIGHT,AIRBUS,A320-200,VAR,19120,5880,4400.0,7710,3,0,1,0,1,1,0,2,8
PN-104697,23,COMMUNICATIONS,BOEING,777-300ER,VAR,3930,2320,760.0,1150,2,0,0,0,0,0,1,1,4
PN-104698,28,FUEL,BOEING,737-800,VAR,180,50,50.0,70,1,0,0,0,0,0,0,0,1
PN-104699,21,AIR CONDITIONING,BOEING,737-800,YOK,11370,7320,,5300,1,0,0,1,0,0,0,1,3
PN-104700,77,ENGINE INDICATING,AIRBUS,A321-200,YOK,140,60,,50,2,1,0,1,0,0,0,1,5
PN-104701,22,AUTO FLIGHT,AIRBUS,A321-200,YOK,4440,1710,,1420,4,1,0,1,0,0,0,2,8
PN-104702,36,PNEUMATIC,AIRBUS,A319-100,VAR,7020,2680,690.0,1080,1,0,0,0,0,0,0,0,1
PN-104703,76,ENGINE CONTROLS,BOEING,787-9,YOK,1190,740,,200,2,0,0,2,0,1,0,1,6
PN-104704,72,ENGINE,AIRBUS,A350-900,YOK,20820,9130,,6620,1,1,0,1,0,0,0,1,4
PN-104705,27,FLIGHT CONTROLS,AIRBUS,A321neo,VAR,950,640,220.0,320,2,1,3,0,0,0,1,2,9
PN-104706,34,NAVIGATION,AIRBUS,A330-300,YOK,13070,11110,,9750,2,2,0,2,0,0,0,1,7
PN-104707,36,PNEUMATIC,AIRBUS,A319-100,VAR,2150,1260,540.0,680,4,1,0,1,2,0,0,2,10
PN-104708,72,ENGINE,AIRBUS,A320-200,YOK,9750,6020,,2820,9,1,0,5,1,0,2,13,31
PN-104709,32,LANDING GEAR,AIRBUS,A350-900,YOK,18380,5860,,2610,7,0,0,3,1,1,0,4,16
PN-104710,28,FUEL,AIRBUS,A330-200,YOK,2630,1820,,1430,5,1,0,2,0,0,3,3,14
PN-104711,73,ENGINE FUEL AND CONTROL,BOEING,737-900ER,YOK,1170,350,,450,2,0,0,1,0,1,1,1,6
PN-104712,77,ENGINE INDICATING,BOEING,737-800,YOK,2380,780,,570,17,6,0,27,1,4,12,8,75
PN-104713,34,NAVIGATION,AIRBUS,A350-900,VAR,22690,13090,3700.0,5320,1,0,0,1,0,0,0,0,2
PN-104714,21,AIR CONDITIONING,BOEING,737 MAX 8,VAR,6460,1990,750.0,1090,1,2,1,0,0,0,0,1,5
PN-104715,35,OXYGEN,AIRBUS,A320-200,VAR,5370,1570,200.0,270,3,1,1,0,0,0,0,3,8
PN-104716,77,ENGINE INDICATING,BOEING,737-800,YOK,1150,500,,360,4,2,0,3,1,0,1,1,12
PN-104717,80,STARTING,BOEING,737-800,VAR,3590,2100,330.0,690,4,1,0,1,1,1,1,1,10
PN-104718,31,INDICATING / RECORDING SYSTEMS,AIRBUS,A320neo,VAR,2240,970,610.0,1060,5,1,0,0,3,0,0,2,11
PN-104719,24,ELECTRICAL POWER,AIRBUS,A320neo,VAR,2120,1170,200.0,290,1,0,0,0,0,0,0,0,1
PN-104720,36,PNEUMATIC,AIRBUS,A320neo,YOK,1510,380,,60,8,1,0,5,2,0,5,1,22
PN-104721,74,IGNITION,AIRBUS,A320neo,VAR,1360,220,80.0,110,1,1,1,0,0,0,0,1,4
PN-104722,79,OIL,AIRBUS,A330-200,VAR,5730,2240,2240.0,3500,4,1,3,3,1,0,4,4,20
PN-104723,22,AUTO FLIGHT,AIRBUS,A320-200,YOK,5520,2750,,960,1,0,0,0,0,0,0,0,1
PN-104724,28,FUEL,BOEING,737-800,YOK,2790,1600,,600,3,2,0,1,0,0,0,2,8
PN-104725,34,NAVIGATION,AIRBUS,A320-200,VAR,330,150,50.0,70,2,1,1,0,0,0,0,0,4
PN-104726,23,COMMUNICATIONS,AIRBUS,A319-100,YOK,1620,870,,400,4,1,0,2,1,0,0,1,9
PN-104727,77,ENGINE INDICATING,AIRBUS,A321-200,YOK,137510,66810,,59410,1,3,0,0,1,0,1,2,8
PN-104728,23,COMMUNICATIONS,AIRBUS,A320neo,YOK,19240,3620,,2770,3,0,0,3,0,0,0,1,7
PN-104729,56,WINDOWS,BOEING,787-9,VAR,2520,920,160.0,290,1,0,0,0,0,0,0,0,1
PN-104730,77,ENGINE INDICATING,AIRBUS,A321-200,YOK,7720,1540,,380,1,1,0,1,0,0,1,2,6
PN-104731,56,WINDOWS,AIRBUS,A320neo,VAR,210,150,70.0,120,1,0,0,0,0,0,0,2,3
PN-104732,72,ENGINE,AIRBUS,A320neo,YOK,44450,21410,,27100,8,1,0,1,1,1,1,5,18
PN-104733,27,FLIGHT CONTROLS,AIRBUS,A321-200,VAR,8980,6940,3400.0,6500,2,2,3,0,1,1,2,7,18
PN-104734,74,IGNITION,AIRBUS,A350-900,YOK,670,240,,170,1,0,0,2,0,0,1,1,5
PN-104735,31,INDICATING / RECORDING SYSTEMS,BOEING,737-900ER,VAR,2490,1090,270.0,330,0,0,0,0,1,0,0,1,2
PN-104736,22,AUTO FLIGHT,AIRBUS,A321-200,YOK,360,100,,50,2,1,0,0,1,0,1,2,7
PN-104737,30,ICE & RAIN PROTECTION,AIRBUS,A350-900,YOK,27170,8570,,8360,18,2,0,18,1,2,1,12,54
PN-104738,30,ICE & RAIN PROTECTION,AIRBUS,A321neo,YOK,12130,5720,,3150,7,5,0,3,0,3,0,5,23
PN-104739,35,OXYGEN,BOEING,737 MAX 8,VAR,1070,330,310.0,480,1,0,0,0,0,0,0,0,1
PN-104740,27,FLIGHT CONTROLS,AIRBUS,A330-300,YOK,460,60,,50,3,1,0,2,0,1,0,1,8
PN-104741,34,NAVIGATION,AIRBUS,A321-200,YOK,3490,1550,,2480,7,2,0,2,0,2,0,2,15
PN-104742,32,LANDING GEAR,BOEING,737-800,VAR,14830,10290,14830.0,14830,3,1,0,1,1,0,1,2,9
PN-104743,29,HYDRAULIC POWER,BOEING,737 MAX 8,VAR,4810,2110,520.0,750,2,1,0,0,1,0,1,1,6
PN-104744,71,POWER PLANT,AIRBUS,A321neo,YOK,1730,520,,160,2,1,0,1,0,0,1,1,6
PN-104745,28,FUEL,BOEING,787-9,YOK,160,50,,50,7,0,0,1,0,1,1,1,11
PN-104746,72,ENGINE,BOEING,737 MAX 8,YOK,3640,1440,,960,1,0,0,2,0,0,0,1,4
PN-104747,27,FLIGHT CONTROLS,AIRBUS,A320neo,VAR,1530,340,60.0,90,9,5,0,1,3,1,1,2,22
PN-104748,76,ENGINE CONTROLS,BOEING,737-900ER,YOK,1140,880,,230,2,1,0,1,1,0,0,1,6
PN-104749,30,ICE & RAIN PROTECTION,AIRBUS,A350-900,YOK,240,140,,50,1,0,0,0,0,0,0,1,2
PN-104750,22,AUTO FLIGHT,AIRBUS,A330-200,VAR,4080,1120,450.0,790,7,2,1,0,1,2,1,2,16
PN-104751,24,ELECTRICAL POWER,AIRBUS,A330-200,YOK,30120,19880,,11110,1,0,0,1,0,0,0,0,2
PN-104752,73,ENGINE FUEL AND CONTROL,BOEING,737 MAX 8,YOK,3050,1650,,1770,2,0,0,1,1,0,0,1,5
PN-104753,76,ENGINE CONTROLS,AIRBUS,A350-900,VAR,3800,1090,580.0,980,2,1,0,0,0,0,0,1,4
PN-104754,26,FIRE PROTECTION,AIRBUS,A330-200,VAR,320,100,50.0,50,6,1,4,3,1,1,1,8,25
PN-104755,49,AIRBORNE AUXILIARY POWER (APU),AIRBUS,A319-100,YOK,2480,900,,190,2,0,0,1,0,0,0,1,4
PN-104756,36,PNEUMATIC,AIRBUS,A321neo,YOK,1650,330,,340,1,0,0,0,0,0,0,0,1
PN-104757,24,ELECTRICAL POWER,BOEING,777-300ER,YOK,2720,700,,590,2,1,0,1,0,0,0,1,5
PN-104758,32,LANDING GEAR,BOEING,737-800,YOK,4370,2680,,820,6,1,0,5,1,0,1,2,16
PN-104759,71,POWER PLANT,AIRBUS,A319-100,YOK,1270,710,,410,6,0,0,2,0,1,0,6,15
PN-104760,80,STARTING,BOEING,777-300ER,VAR,12750,7880,6060.0,9040,23,2,12,4,7,0,1,3,52
PN-104761,76,ENGINE CONTROLS,BOEING,737 MAX 8,YOK,2090,1260,,550,6,3,0,3,4,0,1,4,21
PN-104762,23,COMMUNICATIONS,AIRBUS,A330-300,VAR,4260,1510,760.0,1040,3,1,0,0,0,1,0,1,6
PN-104763,27,FLIGHT CONTROLS,AIRBUS,A319-100,YOK,1780,420,,230,2,0,0,0,0,0,1,0,3
PN-104764,32,LANDING GEAR,AIRBUS,A330-300,YOK,6940,1780,,980,11,6,0,13,2,0,2,11,45
PN-104765,24,ELECTRICAL POWER,AIRBUS,A319-100,VAR,560,150,50.0,50,3,1,1,0,1,0,0,0,6
PN-104766,36,PNEUMATIC,AIRBUS,A321-200,YOK,360,270,,210,2,0,0,0,0,0,0,1,3
PN-104767,21,AIR CONDITIONING,AIRBUS,A350-900,VAR,100,50,50.0,60,2,0,1,0,1,0,0,1,5
PN-104768,23,COMMUNICATIONS,BOEING,777-300ER,YOK,1000,620,,350,1,1,0,0,0,0,0,0,2
PN-104769,22,AUTO FLIGHT,AIRBUS,A321-200,YOK,2830,1020,,600,2,0,0,0,0,0,1,1,4
PN-104770,28,FUEL,BOEING,737 MAX 8,YOK,890,160,,60,2,0,0,1,0,0,1,1,5
PN-104771,72,ENGINE,BOEING,777-300ER,YOK,2950,1730,,520,11,3,0,1,0,2,4,2,23
PN-104772,25,EQUIPMENT / FURNISHINGS,AIRBUS,A319-100,YOK,2340,1020,,1350,2,0,0,1,0,0,0,0,3
PN-104773,80,STARTING,AIRBUS,A320neo,YOK,1640,860,,1110,1,0,0,1,0,0,0,0,2
PN-104774,28,FUEL,BOEING,737-800,YOK,2390,720,,620,1,0,0,0,0,0,0,1,2
PN-104775,22,AUTO FLIGHT,BOEING,737-800,YOK,1520,680,,400,2,1,0,1,0,1,1,1,7
PN-104776,29,HYDRAULIC POWER,AIRBUS,A321-200,YOK,1820,1250,,1080,2,1,0,0,2,1,1,2,9
PN-104777,72,ENGINE,BOEING,737-800,VAR,940,210,280.0,430,2,1,1,1,0,0,0,2,7
PN-104778,23,COMMUNICATIONS,AIRBUS,A350-900,YOK,650,180,,170,1,0,0,1,0,0,0,1,3
PN-104779,22,AUTO FLIGHT,BOEING,737-800,YOK,25730,15280,,8080,3,2,0,1,1,0,0,1,8
PN-104780,76,ENGINE CONTROLS,BOEING,737-800,YOK,40830,19970,,6160,8,1,0,3,2,2,1,4,21
PN-104781,49,AIRBORNE AUXILIARY POWER (APU),AIRBUS,A320-200,YOK,6280,1630,,570,2,0,0,1,0,0,0,1,4
PN-104782,29,HYDRAULIC POWER,AIRBUS,A320-200,VAR,420,260,110.0,160,2,3,1,1,1,1,0,1,10
PN-104783,72,ENGINE,AIRBUS,A320-200,VAR,2520,970,560.0,1040,10,2,2,2,4,4,0,4,28
PN-104784,74,IGNITION,BOEING,777-300ER,YOK,4850,1720,,1000,1,0,0,1,0,0,0,0,2
PN-104785,30,ICE & RAIN PROTECTION,BOEING,777-300ER,VAR,1580,1030,710.0,1010,2,0,0,0,1,0,1,1,5
PN-104786,36,PNEUMATIC,BOEING,737-900ER,YOK,12930,7170,,1460,2,1,0,0,0,0,1,1,5
PN-104787,21,AIR CONDITIONING,AIRBUS,A320-200,VAR,9110,5110,1800.0,2900,1,0,0,0,0,0,0,1,2
PN-104788,28,FUEL,AIRBUS,A330-300,YOK,36770,16310,,3420,3,1,0,0,1,0,0,3,8
PN-104789,49,AIRBORNE AUXILIARY POWER (APU),AIRBUS,A320-200,YOK,6890,2520,,1610,2,1,0,1,2,0,0,2,8
PN-104790,26,FIRE PROTECTION,AIRBUS,A321-200,YOK,1340,630,,350,3,1,0,1,0,0,0,1,6
PN-104791,80,STARTING,AIRBUS,A320neo,YOK,90020,30610,,14120,1,1,0,0,0,0,0,0,2
PN-104792,80,STARTING,BOEING,737 MAX 8,YOK,4830,1740,,2960,3,0,0,2,0,1,0,1,7
PN-104793,27,FLIGHT CONTROLS,AIRBUS,A320-200,VAR,2800,1560,1000.0,1950,6,10,4,1,2,0,1,2,26
PN-104794,31,INDICATING / RECORDING SYSTEMS,BOEING,737-800,YOK,11480,4860,,5090,5,1,0,8,1,1,3,19,38
PN-104795,25,EQUIPMENT / FURNISHINGS,BOEING,787-9,YOK,2960,1860,,2110,7,0,0,1,1,3,0,2,14
PN-104796,35,OXYGEN,BOEING,737-800,YOK,820,80,,50,1,0,0,0,0,0,0,0,1
PN-104797,24,ELECTRICAL POWER,AIRBUS,A320-200,VAR,29830,14150,4060.0,5320,4,1,1,1,0,0,2,3,12
PN-104798,31,INDICATING / RECORDING SYSTEMS,BOEING,777-300ER,YOK,440,330,,300,1,0,0,1,0,1,0,1,4
PN-104799,36,PNEUMATIC,BOEING,737-800,YOK,1190,590,,290,3,0,0,1,0,1,1,1,7
PN-104800,49,AIRBORNE AUXILIARY POWER (APU),AIRBUS,A321neo,YOK,1580,470,,210,1,0,0,1,0,0,0,2,4
PN-104801,49,AIRBORNE AUXILIARY POWER (APU),BOEING,737-800,VAR,6460,2690,1070.0,1960,1,0,0,0,0,0,0,1,2
PN-104802,26,FIRE PROTECTION,BOEING,737 MAX 8,YOK,3070,1970,,3010,1,0,0,1,0,1,0,0,3
PN-104803,73,ENGINE FUEL AND CONTROL,AIRBUS,A321neo,YOK,1710,340,,280,7,2,0,1,0,3,1,2,16
PN-104804,56,WINDOWS,AIRBUS,A330-200,YOK,3130,900,,960,1,0,0,1,1,1,0,1,5
PN-104805,72,ENGINE,AIRBUS,A321neo,VAR,3450,2240,360.0,570,6,0,3,5,1,0,1,1,17
PN-104806,34,NAVIGATION,AIRBUS,A320-200,VAR,1120,310,130.0,200,3,0,0,0,0,1,1,3,8
PN-104807,77,ENGINE INDICATING,BOEING,737-900ER,VAR,2270,1610,290.0,480,3,1,0,1,0,0,0,3,8
PN-104808,31,INDICATING / RECORDING SYSTEMS,AIRBUS,A320-200,VAR,1180,560,290.0,520,2,1,0,0,2,0,1,4,10
PN-104809,73,ENGINE FUEL AND CONTROL,AIRBUS,A321-200,YOK,130,50,,50,2,0,0,1,0,1,0,2,6
PN-104810,26,FIRE PROTECTION,AIRBUS,A321-200,YOK,670,310,,210,1,1,0,0,0,0,0,2,4
PN-104811,27,FLIGHT CONTROLS,AIRBUS,A321-200,YOK,9010,3430,,2860,13,1,0,7,3,0,6,5,35
PN-104812,35,OXYGEN,AIRBUS,A321neo,YOK,1400,780,,180,2,0,0,1,0,0,0,1,4
PN-104813,36,PNEUMATIC,AIRBUS,A350-900,VAR,1650,1150,430.0,550,2,1,0,0,0,1,0,1,5
PN-104814,72,ENGINE,AIRBUS,A321-200,YOK,690,270,,130,4,2,0,2,0,1,1,3,13
PN-104815,28,FUEL,AIRBUS,A320-200,YOK,1300,440,,220,2,0,0,0,0,0,1,2,5
PN-104816,76,ENGINE CONTROLS,BOEING,737 MAX 8,YOK,1520,810,,330,1,1,0,1,0,0,0,1,4
PN-104817,29,HYDRAULIC POWER,BOEING,787-9,YOK,4520,1840,,900,5,1,0,2,1,1,1,0,11
PN-104818,35,OXYGEN,AIRBUS,A321neo,VAR,900,340,200.0,280,1,0,0,0,0,0,0,1,2
PN-104819,79,OIL,AIRBUS,A321-200,YOK,1980,1540,,1370,2,0,0,0,1,1,0,2,6
PN-104820,36,PNEUMATIC,AIRBUS,A319-100,YOK,1170,500,,340,1,0,0,0,0,1,0,1,3
PN-104821,56,WINDOWS,AIRBUS,A319-100,VAR,2900,920,280.0,510,2,0,0,0,1,0,0,1,4
PN-104822,77,ENGINE INDICATING,AIRBUS,A321-200,VAR,3820,2080,1130.0,2160,3,3,0,1,1,1,0,1,10
PN-104823,80,STARTING,BOEING,777-300ER,YOK,1120,210,,130,1,1,0,1,0,1,0,1,5
PN-104824,34,NAVIGATION,BOEING,737-800,YOK,5040,2320,,1350,1,0,0,0,0,0,0,0,1
PN-104825,31,INDICATING / RECORDING SYSTEMS,AIRBUS,A321-200,VAR,6280,2560,890.0,1360,3,0,1,1,1,0,0,4,10
PN-104826,26,FIRE PROTECTION,BOEING,787-9,YOK,10040,3670,,2210,2,0,0,1,0,0,0,1,4
PN-104827,35,OXYGEN,AIRBUS,A321neo,VAR,550,260,50.0,80,1,0,0,0,0,1,0,0,2
PN-104828,77,ENGINE INDICATING,AIRBUS,A320neo,YOK,3380,1350,,1540,5,0,0,2,2,0,2,1,12
PN-104829,34,NAVIGATION,AIRBUS,A321neo,VAR,1270,560,290.0,480,1,0,0,0,0,0,0,1,2
PN-104830,30,ICE & RAIN PROTECTION,AIRBUS,A320neo,VAR,440,70,50.0,50,4,0,1,1,1,2,2,2,13
PN-104831,23,COMMUNICATIONS,BOEING,777-300ER,VAR,2380,1240,340.0,610,2,1,0,0,0,0,0,2,5
PN-104832,31,INDICATING / RECORDING SYSTEMS,AIRBUS,A321-200,YOK,9250,2480,,960,0,0,0,0,1,0,0,0,1
PN-104833,27,FLIGHT CONTROLS,BOEING,737-800,YOK,3930,2120,,3510,3,0,0,0,0,2,1,3,9
PN-104834,80,STARTING,AIRBUS,A321-200,YOK,1330,970,,840,1,1,0,1,1,0,1,0,5
PN-104835,35,OXYGEN,BOEING,777-300ER,YOK,2280,1550,,1070,1,0,0,1,0,0,0,0,2
PN-104836,24,ELECTRICAL POWER,BOEING,737-800,VAR,6800,2960,1170.0,1750,2,0,1,0,0,0,0,1,4
PN-104837,22,AUTO FLIGHT,AIRBUS,A321neo,YOK,4890,2500,,1010,2,0,0,2,0,0,0,1,5
PN-104838,76,ENGINE CONTROLS,AIRBUS,A320-200,YOK,1360,210,,90,1,1,0,0,0,0,1,1,4
PN-104839,79,OIL,BOEING,777-300ER,YOK,2470,590,,160,0,0,0,0,0,0,0,1,1
PN-104840,72,ENGINE,AIRBUS,A330-300,YOK,1610,800,,330,11,3,0,3,0,3,3,14,37
PN-104841,24,ELECTRICAL POWER,AIRBUS,A321-200,VAR,1690,820,180.0,230,2,1,0,1,0,0,1,2,7
PN-104842,23,COMMUNICATIONS,BOEING,737 MAX 8,VAR,1020,170,70.0,110,1,1,0,0,0,0,0,1,3
PN-104843,26,FIRE PROTECTION,AIRBUS,A319-100,VAR,2700,1470,720.0,1050,0,0,0,1,0,0,0,0,1
PN-104844,72,ENGINE,AIRBUS,A321-200,YOK,6950,3500,,1030,8,1,0,5,1,2,2,5,24
PN-104845,72,ENGINE,AIRBUS,A330-200,VAR,2360,1040,320.0,600,1,1,0,0,0,1,0,1,4
PN-104846,74,IGNITION,AIRBUS,A321-200,YOK,3090,1200,,630,2,1,0,0,0,1,0,1,5
PN-104847,23,COMMUNICATIONS,AIRBUS,A321neo,YOK,13150,9260,,2430,1,1,0,1,0,0,0,0,3
PN-104848,24,ELECTRICAL POWER,AIRBUS,A320neo,VAR,24700,11770,3500.0,6030,2,1,0,0,0,0,1,1,5
PN-104849,77,ENGINE INDICATING,AIRBUS,A320-200,YOK,2480,930,,660,0,0,0,1,0,0,0,1,2
PN-104850,79,OIL,AIRBUS,A319-100,VAR,6080,1480,960.0,1140,2,0,0,0,1,0,0,1,4
PN-104851,71,POWER PLANT,AIRBUS,A320-200,YOK,710,240,,130,4,1,0,0,0,1,0,1,7
PN-104852,23,COMMUNICATIONS,BOEING,777-F,YOK,2700,1720,,1110,2,1,0,2,0,0,0,1,6
PN-104853,22,AUTO FLIGHT,AIRBUS,A330-300,VAR,3160,720,100.0,150,1,0,0,0,0,0,1,1,3
PN-104854,22,AUTO FLIGHT,AIRBUS,A321neo,YOK,9590,3490,,1560,1,1,0,0,1,1,0,1,5
PN-104855,56,WINDOWS,AIRBUS,A321-200,VAR,170,100,50.0,70,1,2,0,0,1,1,1,2,8
PN-104856,74,IGNITION,BOEING,737-800,YOK,12550,5840,,4670,1,0,0,0,0,0,0,0,1
PN-104857,52,DOORS,AIRBUS,A320-200,VAR,5540,1420,780.0,1370,1,0,0,2,0,0,0,1,4
PN-104858,27,FLIGHT CONTROLS,AIRBUS,A320neo,VAR,3830,1900,380.0,650,1,0,0,0,0,0,1,1,3
PN-104859,72,ENGINE,BOEING,737-800,VAR,1270,300,60.0,110,3,1,0,0,0,0,0,1,5
PN-104860,22,AUTO FLIGHT,AIRBUS,A321neo,YOK,4050,1430,,1390,3,0,0,2,0,0,0,2,7
PN-104861,74,IGNITION,BOEING,737-900ER,YOK,3240,940,,660,1,0,0,1,0,0,0,1,3
PN-104862,77,ENGINE INDICATING,BOEING,777-300ER,VAR,900,360,90.0,140,1,0,0,0,0,0,0,1,2
PN-104863,71,POWER PLANT,BOEING,737 MAX 8,YOK,2240,1470,,630,12,1,0,4,0,4,1,2,24
PN-104864,76,ENGINE CONTROLS,AIRBUS,A320-200,YOK,2120,500,,100,7,1,0,3,0,0,1,2,14
PN-104865,49,AIRBORNE AUXILIARY POWER (APU),AIRBUS,A320-200,YOK,8670,4970,,3490,1,0,0,0,0,0,0,0,1
PN-104866,34,NAVIGATION,AIRBUS,A320-200,YOK,3440,610,,180,0,0,0,1,0,0,0,1,2
PN-104867,29,HYDRAULIC POWER,BOEING,737-900ER,VAR,29030,16580,6790.0,10630,6,3,1,0,1,2,0,2,15
PN-104868,77,ENGINE INDICATING,BOEING,777-300ER,YOK,20410,7650,,9120,2,1,0,0,0,1,0,1,5
PN-104869,71,POWER PLANT,BOEING,777-300ER,YOK,3470,1420,,580,6,8,0,2,1,1,1,9,28
PN-104870,25,EQUIPMENT / FURNISHINGS,AIRBUS,A321-200,VAR,1190,520,240.0,420,4,0,0,0,1,0,2,1,8
PN-104871,79,OIL,BOEING,737 MAX 8,YOK,330,250,,60,4,1,0,1,1,1,1,0,9
PN-104872,22,AUTO FLIGHT,AIRBUS,A330-200,VAR,3110,410,300.0,440,0,1,0,0,0,0,0,1,2
PN-104873,49,AIRBORNE AUXILIARY POWER (APU),BOEING,737 MAX 8,VAR,560,350,190.0,260,3,2,1,4,1,1,0,1,13
PN-104874,25,EQUIPMENT / FURNISHINGS,AIRBUS,A330-300,VAR,8710,6900,2100.0,4050,1,0,0,0,0,0,0,0,1
PN-104875,56,WINDOWS,AIRBUS,A320-200,YOK,3100,1040,,300,5,3,0,1,1,0,1,1,12
PN-104876,31,INDICATING / RECORDING SYSTEMS,AIRBUS,A320-200,VAR,8760,2940,1650.0,3620,2,0,0,1,1,1,0,4,9
PN-104877,32,LANDING GEAR,BOEING,777-F,YOK,1830,740,,250,3,0,0,1,0,0,0,1,5
PN-104878,56,WINDOWS,AIRBUS,A321neo,VAR,9490,5670,1730.0,3040,4,1,2,0,0,0,0,1,8
PN-104879,72,ENGINE,AIRBUS,A321-200,YOK,1830,520,,190,31,1,0,16,14,3,7,17,89
PN-104880,30,ICE & RAIN PROTECTION,AIRBUS,A321-200,VAR,100,50,50.0,50,1,0,0,0,1,1,0,1,4
PN-104881,80,STARTING,AIRBUS,A321-200,YOK,2600,1620,,830,2,1,0,6,0,1,1,0,11
PN-104882,34,NAVIGATION,BOEING,777-F,VAR,3320,2040,250.0,410,3,0,1,0,0,0,0,1,5
PN-104883,25,EQUIPMENT / FURNISHINGS,AIRBUS,A320-200,VAR,1340,790,1030.0,1340,2,1,1,0,0,0,0,1,5
PN-104884,21,AIR CONDITIONING,AIRBUS,A320-200,VAR,21670,7090,3450.0,5170,1,0,0,0,0,0,0,1,2
PN-104885,26,FIRE PROTECTION,BOEING,737-900ER,YOK,100,50,,50,2,0,0,0,1,0,0,1,4
PN-104886,56,WINDOWS,AIRBUS,A330-300,VAR,1410,780,250.0,390,1,0,1,0,0,0,1,1,4
PN-104887,36,PNEUMATIC,AIRBUS,A320-200,VAR,7020,2980,1490.0,2380,13,2,4,0,1,1,4,1,26
PN-104888,29,HYDRAULIC POWER,AIRBUS,A319-100,VAR,400,180,70.0,150,0,1,0,0,1,0,0,0,2
PN-104889,34,NAVIGATION,AIRBUS,A320neo,VAR,320,180,100.0,180,2,0,0,1,0,1,0,1,5
PN-104890,74,IGNITION,AIRBUS,A320neo,VAR,230,160,50.0,80,6,2,2,1,0,1,1,1,14
PN-104891,36,PNEUMATIC,AIRBUS,A319-100,YOK,5640,1680,,1050,1,1,0,1,0,0,0,1,4
PN-104892,22,AUTO FLIGHT,AIRBUS,A320neo,YOK,180,60,,80,3,1,0,0,1,0,0,0,5
PN-104893,22,AUTO FLIGHT,BOEING,737-800,VAR,260,130,50.0,80,1,0,0,0,1,0,0,1,3
PN-104894,34,NAVIGATION,BOEING,737 MAX 8,YOK,1170,390,,210,1,1,0,0,0,0,0,1,3
PN-104895,31,INDICATING / RECORDING SYSTEMS,BOEING,777-300ER,VAR,550,250,100.0,140,1,0,0,0,0,0,0,0,1
PN-104896,76,ENGINE CONTROLS,AIRBUS,A321-200,VAR,8680,2600,3120.0,5140,2,0,0,0,0,0,0,1,3
PN-104897,49,AIRBORNE AUXILIARY POWER (APU),AIRBUS,A321-200,YOK,910,480,,330,1,0,0,1,0,0,0,1,3
PN-104898,72,ENGINE,BOEING,787-9,YOK,5340,3550,,1820,4,2,0,3,1,1,1,1,13
PN-104899,49,AIRBORNE AUXILIARY POWER (APU),BOEING,737-900ER,YOK,15930,6620,,3070,2,0,0,1,1,0,0,0,4
PN-104900,29,HYDRAULIC POWER,AIRBUS,A330-200,VAR,910,150,50.0,50,2,0,0,1,1,0,1,1,6
PN-104901,56,WINDOWS,AIRBUS,A320neo,VAR,2560,940,500.0,1040,1,1,0,0,0,0,0,0,2
PN-104902,52,DOORS,AIRBUS,A321-200,VAR,2580,990,490.0,690,3,0,0,0,1,0,0,0,4
PN-104903,71,POWER PLANT,AIRBUS,A330-200,YOK,3380,1670,,420,1,1,0,0,0,1,1,1,5
PN-104904,25,EQUIPMENT / FURNISHINGS,AIRBUS,A330-300,YOK,1750,660,,320,0,0,0,1,0,0,0,1,2
PN-104905,52,DOORS,AIRBUS,A319-100,VAR,2520,950,440.0,660,1,0,1,0,1,0,1,1,5
PN-104906,28,FUEL,BOEING,777-F,YOK,5620,2450,,1140,6,1,0,1,0,1,1,7,17
PN-104907,73,ENGINE FUEL AND CONTROL,AIRBUS,A330-300,YOK,1430,650,,770,3,1,0,2,2,0,0,1,9
PN-104908,73,ENGINE FUEL AND CONTROL,AIRBUS,A330-300,YOK,550,250,,120,2,0,0,1,0,1,0,1,5
PN-104909,52,DOORS,AIRBUS,A320neo,VAR,3080,870,240.0,440,2,0,0,0,1,0,0,1,4
PN-104910,79,OIL,BOEING,737-900ER,YOK,34040,3840,,5100,1,0,0,0,0,0,0,0,1
PN-104911,35,OXYGEN,BOEING,737-800,YOK,450,200,,90,1,1,0,0,0,0,0,1,3
PN-104912,21,AIR CONDITIONING,AIRBUS,A320-200,YOK,4170,2110,,1230,2,0,0,1,0,1,0,1,5
PN-104913,49,AIRBORNE AUXILIARY POWER (APU),AIRBUS,A330-300,YOK,24160,7360,,7310,1,0,0,2,0,0,0,1,4
PN-104914,73,ENGINE FUEL AND CONTROL,BOEING,737-800,YOK,4880,3180,,1820,1,1,0,1,0,0,0,1,4
PN-104915,23,COMMUNICATIONS,BOEING,737 MAX 8,YOK,930,480,,370,2,0,0,0,0,0,1,1,4
PN-104916,23,COMMUNICATIONS,AIRBUS,A320neo,YOK,1720,1030,,1330,6,2,0,1,0,1,0,3,13
PN-104917,28,FUEL,BOEING,737 MAX 8,YOK,1860,230,,120,5,0,0,5,4,1,0,3,18
PN-104918,74,IGNITION,AIRBUS,A321neo,YOK,9810,5880,,6300,1,0,0,0,0,0,0,1,2
PN-104919,35,OXYGEN,AIRBUS,A320-200,YOK,8240,3720,,2590,1,0,0,0,0,0,1,0,2
PN-104920,80,STARTING,AIRBUS,A320-200,VAR,2270,460,150.0,260,1,1,1,0,0,0,0,1,4
PN-104921,76,ENGINE CONTROLS,AIRBUS,A320neo,YOK,35250,19240,,11160,4,2,0,1,2,1,0,2,12
PN-104922,36,PNEUMATIC,AIRBUS,A321-200,YOK,820,500,,130,3,0,0,1,0,1,0,1,6
PN-104923,56,WINDOWS,AIRBUS,A330-200,VAR,2750,1050,620.0,1060,2,0,0,1,0,1,0,0,4
PN-104924,29,HYDRAULIC POWER,BOEING,737-800,YOK,1180,340,,70,5,2,0,3,0,1,1,2,14
PN-104925,23,COMMUNICATIONS,AIRBUS,A320-200,YOK,130,90,,50,0,1,0,1,0,0,0,1,3
PN-104926,31,INDICATING / RECORDING SYSTEMS,BOEING,787-9,YOK,2180,1270,,720,9,3,0,1,1,3,1,2,20
PN-104927,49,AIRBORNE AUXILIARY POWER (APU),AIRBUS,A320-200,YOK,1580,510,,290,3,1,0,2,0,0,1,1,8
PN-104928,25,EQUIPMENT / FURNISHINGS,AIRBUS,A330-300,VAR,1170,730,160.0,250,1,0,0,0,0,0,0,1,2
PN-104929,26,FIRE PROTECTION,BOEING,777-300ER,YOK,3290,1340,,840,1,0,0,0,1,0,0,1,3
PN-104930,21,AIR CONDITIONING,BOEING,737 MAX 8,YOK,7240,3760,,3270,8,3,0,1,0,4,2,4,22
PN-104931,72,ENGINE,BOEING,737-800,YOK,12830,6680,,2590,4,1,0,1,0,1,0,1,8
PN-104932,77,ENGINE INDICATING,BOEING,737-800,YOK,770,210,,210,3,1,0,1,0,0,1,8,14
PN-104933,74,IGNITION,AIRBUS,A320-200,YOK,9650,6780,,2800,1,0,0,1,0,0,0,1,3
PN-104934,30,ICE & RAIN PROTECTION,AIRBUS,A319-100,VAR,3290,820,220.0,360,1,1,0,0,1,0,0,0,3
PN-104935,49,AIRBORNE AUXILIARY POWER (APU),AIRBUS,A321neo,YOK,25400,10660,,5450,5,1,0,3,0,0,1,5,15
PN-104936,79,OIL,AIRBUS,A320-200,VAR,2150,810,220.0,370,1,0,0,0,1,0,0,1,3
PN-104937,49,AIRBORNE AUXILIARY POWER (APU),AIRBUS,A321-200,YOK,24090,12320,,6970,9,0,0,2,3,0,1,2,17
PN-104938,28,FUEL,AIRBUS,A320neo,VAR,1620,760,100.0,150,3,0,1,1,1,1,0,2,9
PN-104939,29,HYDRAULIC POWER,BOEING,777-300ER,VAR,220,110,60.0,110,1,1,0,0,1,0,0,1,4
PN-104940,71,POWER PLANT,BOEING,777-300ER,YOK,16840,8250,,4950,3,0,0,2,1,0,0,1,7
PN-104941,32,LANDING GEAR,BOEING,737 MAX 8,VAR,7360,4870,2040.0,3360,3,0,0,0,1,1,0,1,6
PN-104942,74,IGNITION,BOEING,737-800,YOK,390,130,,70,2,1,0,1,0,0,0,2,6
PN-104943,76,ENGINE CONTROLS,AIRBUS,A320-200,VAR,220,80,50.0,50,10,6,3,6,0,3,1,3,32
PN-104944,21,AIR CONDITIONING,AIRBUS,A319-100,VAR,2090,1200,1470.0,2090,2,0,1,0,1,0,0,1,5
PN-104945,71,POWER PLANT,BOEING,737-800,YOK,1250,460,,300,3,2,0,2,0,1,3,1,12
PN-104946,30,ICE & RAIN PROTECTION,BOEING,737-800,VAR,670,180,50.0,80,1,1,0,1,1,0,0,1,5
PN-104947,35,OXYGEN,AIRBUS,A321-200,YOK,2450,1150,,880,1,1,0,1,0,0,0,1,4
PN-104948,27,FLIGHT CONTROLS,AIRBUS,A321neo,VAR,7530,1450,520.0,760,3,0,0,0,0,1,1,1,6
PN-104949,30,ICE & RAIN PROTECTION,AIRBUS,A321neo,VAR,8850,3390,690.0,1250,1,0,0,0,0,0,0,1,2
PN-104950,29,HYDRAULIC POWER,AIRBUS,A320neo,VAR,2590,1000,300.0,540,5,1,1,1,1,1,0,2,12
PN-104951,22,AUTO FLIGHT,AIRBUS,A321-200,VAR,5290,1640,1040.0,1730,3,0,1,0,0,0,0,1,5
PN-104952,73,ENGINE FUEL AND CONTROL,AIRBUS,A321neo,VAR,3650,1150,450.0,560,0,0,1,1,0,0,0,2,4
PN-104953,24,ELECTRICAL POWER,AIRBUS,A350-900,VAR,1650,490,190.0,350,8,2,2,1,2,1,0,4,20
PN-104954,30,ICE & RAIN PROTECTION,BOEING,777-F,YOK,25380,10680,,3460,3,0,0,1,0,1,0,1,6
PN-104955,26,FIRE PROTECTION,AIRBUS,A330-200,YOK,15660,6430,,4280,1,1,0,1,0,0,0,0,3
PN-104956,25,EQUIPMENT / FURNISHINGS,BOEING,737-800,VAR,16480,4160,1030.0,1660,6,0,1,1,1,1,1,4,15
PN-104957,30,ICE & RAIN PROTECTION,BOEING,737-900ER,YOK,3830,1180,,940,1,0,0,0,0,0,0,0,1
PN-104958,77,ENGINE INDICATING,AIRBUS,A320-200,VAR,5480,1580,720.0,1450,8,2,3,1,0,1,1,3,19
PN-104959,79,OIL,BOEING,737-800,YOK,2450,480,,200,1,0,0,1,0,0,0,1,3
PN-104960,30,ICE & RAIN PROTECTION,AIRBUS,A321neo,VAR,3430,690,240.0,350,2,1,0,1,0,0,1,1,6
PN-104961,35,OXYGEN,AIRBUS,A330-300,VAR,3690,1410,740.0,1090,1,0,0,0,0,0,0,1,2
PN-104962,80,STARTING,AIRBUS,A319-100,YOK,3080,1180,,830,1,0,0,1,0,0,0,1,3
PN-104963,27,FLIGHT CONTROLS,BOEING,777-300ER,VAR,350,100,50.0,50,5,0,3,2,0,4,4,6,24
PN-104964,79,OIL,BOEING,777-F,YOK,2280,630,,180,16,3,0,3,4,3,1,5,35
PN-104965,23,COMMUNICATIONS,AIRBUS,A319-100,YOK,2730,1460,,960,2,0,0,1,0,0,0,1,4
PN-104966,26,FIRE PROTECTION,AIRBUS,A320neo,YOK,11300,6150,,6740,2,1,0,2,0,0,0,0,5
PN-104967,29,HYDRAULIC POWER,AIRBUS,A320-200,VAR,350,160,210.0,290,4,1,0,1,0,1,1,1,9
PN-104968,21,AIR CONDITIONING,BOEING,737-900ER,VAR,11150,3290,880.0,1680,9,6,6,1,1,1,8,3,35
PN-104969,74,IGNITION,AIRBUS,A330-300,YOK,840,500,,240,1,0,0,0,0,0,0,0,1
PN-104970,76,ENGINE CONTROLS,AIRBUS,A320-200,YOK,530,350,,100,3,1,0,1,0,0,0,3,8
PN-104971,30,ICE & RAIN PROTECTION,BOEING,737 MAX 8,YOK,100,50,,50,1,1,0,0,0,0,0,1,3
PN-104972,74,IGNITION,AIRBUS,A321-200,YOK,5940,3110,,1310,1,0,0,0,0,0,0,0,1
PN-104973,73,ENGINE FUEL AND CONTROL,AIRBUS,A321neo,YOK,290,50,,50,1,0,0,2,1,1,0,1,6
PN-104974,73,ENGINE FUEL AND CONTROL,AIRBUS,A321-200,YOK,4630,1960,,3360,12,7,0,4,3,1,3,13,43
PN-104975,73,ENGINE FUEL AND CONTROL,AIRBUS,A330-200,YOK,1590,750,,720,2,0,0,1,0,0,0,1,4
PN-104976,36,PNEUMATIC,AIRBUS,A321neo,YOK,6600,2290,,3920,4,0,0,1,1,0,0,5,11
PN-104977,23,COMMUNICATIONS,AIRBUS,A320neo,YOK,31360,9880,,10270,8,1,0,4,0,0,1,1,15
PN-104978,79,OIL,AIRBUS,A321neo,VAR,260,160,70.0,120,2,0,1,1,1,0,0,2,7
PN-104979,49,AIRBORNE AUXILIARY POWER (APU),BOEING,777-300ER,VAR,6840,5560,820.0,1560,2,0,1,3,0,1,1,1,9
PN-104980,77,ENGINE INDICATING,AIRBUS,A330-200,YOK,5320,2990,,1700,1,0,0,0,0,0,0,0,1
PN-104981,79,OIL,BOEING,777-300ER,YOK,4550,3470,,2280,1,0,0,1,0,0,0,1,3
PN-104982,25,EQUIPMENT / FURNISHINGS,AIRBUS,A330-300,YOK,15220,2440,,1690,3,1,0,1,1,1,1,2,10
PN-104983,31,INDICATING / RECORDING SYSTEMS,BOEING,737-900ER,YOK,9780,4830,,1880,2,1,0,1,0,0,0,2,6
PN-104984,26,FIRE PROTECTION,AIRBUS,A321-200,VAR,1140,190,70.0,100,1,1,1,0,0,0,1,1,5
PN-104985,22,AUTO FLIGHT,BOEING,737-900ER,VAR,220,50,50.0,50,2,1,0,0,1,0,0,3,7
PN-104986,80,STARTING,AIRBUS,A320neo,YOK,22460,6480,,6110,10,11,0,15,3,1,4,4,48
PN-104987,79,OIL,AIRBUS,A319-100,YOK,700,320,,100,1,1,0,1,0,0,1,1,5
PN-104988,79,OIL,AIRBUS,A320-200,YOK,6710,4180,,2640,11,4,0,5,1,2,2,3,28
PN-104989,76,ENGINE CONTROLS,AIRBUS,A319-100,YOK,2340,1210,,1400,3,1,0,1,1,0,0,1,7
PN-104990,52,DOORS,BOEING,777-F,YOK,6400,2380,,890,5,0,0,6,1,1,1,6,20
PN-104991,35,OXYGEN,BOEING,787-9,YOK,440,360,,230,1,0,0,0,0,0,0,0,1
PN-104992,80,STARTING,BOEING,737-900ER,YOK,5880,1750,,970,2,1,0,1,1,1,1,1,8
PN-104993,36,PNEUMATIC,AIRBUS,A320-200,YOK,490,160,,90,1,0,0,1,1,0,0,1,4
PN-104994,52,DOORS,BOEING,777-300ER,YOK,1820,1210,,550,1,1,0,1,0,0,1,1,5
PN-104995,26,FIRE PROTECTION,BOEING,737-800,YOK,3620,1510,,3450,7,0,0,1,1,1,0,1,11
PN-104996,72,ENGINE,AIRBUS,A321-200,YOK,2770,1480,,760,9,0,0,2,1,1,0,4,17
PN-104997,74,IGNITION,AIRBUS,A330-200,YOK,4360,1920,,880,7,0,0,2,0,1,1,2,13
PN-104998,56,WINDOWS,BOEING,737-800,YOK,4460,3530,,1250,1,0,0,0,0,0,0,1,2
PN-104999,34,NAVIGATION,AIRBUS,A319-100,YOK,1960,700,,360,1,0,0,1,0,0,0,1,3
